Record_ID,Company_Name,Contact_Name,Email,Phone,Country,Industry,Company_Size,Lead_Source,Lifecycle_Stage,Owner,Created_Date,Last_Activity_Date,Issue_Type,Action_Taken,Review_Status,Follow_Up_Required,Completeness_Score
CRM-000001,Bridgewater Robotics,Theo Brooks,theo.brooks@bridgewaterrobotics.example,+1 720 555 0109,United States,Technology,51-200,Website,Lead,Marketing Ops,2026-01-01,2026-01-19,Phone Format,Standardized,Ready,No,100.0
CRM-000002,Cobalt Consulting,Theo Barnes,theo.barnes@cobaltconsulting.example,+1 737 555 0120,United States,Professional Services,11-50,Website,Customer,Customer Success,2026-01-01,2026-04-22,None,No Action Needed,Ready,No,100.0
CRM-000003,Zephyr Solutions,Noah Pruitt,noah.pruitt@zephyrsolutions.example,+1 212 555 0159,United States,Technology,1-10,Event,Customer,Partnerships,2026-01-01,2026-01-08,None,No Action Needed,Ready,No,100.0
CRM-000004,Jasper Finance,Leah Jordan,leah.jordan@jasperfinance.example,+44 20 7946 0917,United Kingdom,Finance,1-10,Website,SQL,Sales Ops,2026-01-01,2026-08-13,None,No Action Needed,Ready,No,100.0
CRM-000005,Clearwater Packaging,Aaron Delgado,aaron.delgado@clearwaterpackaging.example,+1 403 555 0141,Canada,Manufacturing,1-10,Event,SQL,Growth Ops,2026-01-01,2026-09-11,None,No Action Needed,Ready,No,100.0
CRM-000006,Jasper Networks,Aaron Rowe,aaron.rowe@jaspernetworks.example,+1 425 555 0188,United States,Technology,1-10,Partner,Lead,Marketing Ops,2026-01-01,2026-06-14,None,No Action Needed,Ready,No,100.0
CRM-000007,Ulster Education,Lena Young,,+1 925 555 0167,United States,Education,1-10,Partner,Lead,Sales Ops,2026-01-01,2026-04-05,Missing Email,Owner Follow-up,Needs Follow-up,Yes,87.5
CRM-000008,BluePeak Networks,Daniel Reeves,,+44 20 7946 0942,United Kingdom,Technology,1-10,Outbound,Customer,Marketing Ops,2026-01-01,2026-02-02,Missing Email,Owner Follow-up,Needs Follow-up,Yes,87.5
CRM-000009,Cobalt Capital,Felix Nolan,felix.nolan@cobaltcapital.example,+1 415 555 0138,United States,Finance,51-200,Website,MQL,Partnerships,2026-01-01,2026-05-01,Missing Phone,Enriched,Ready,No,100.0
CRM-000010,Quill Partners,Ethan Nolan,ethan.nolan@quillpartners.example,+1 917 555 0109,United States,Professional Services,1-10,Website,MQL,Customer Success,2026-01-01,2026-01-10,None,No Action Needed,Ready,No,100.0
CRM-000011,Clearwater Labs,Nina Turner,nina.turner@clearwaterlabs.example,+1 514 555 0142,Canada,Technology,1-10,Website,Opportunity,Marketing Ops,2026-01-02,2026-01-14,None,No Action Needed,Ready,No,100.0
CRM-000012,Harbor Software,Liam Lowe,liam.lowe@harborsoftware.example,+1 858 555 0136,United States,Technology,51-200,Website,SQL,Customer Success,2026-01-02,2026-03-24,Phone Format,Standardized,Ready,No,100.0
CRM-000013,Driftwood Health,Mira Delgado,mira.delgado@driftwoodhealth.example,+1 619 555 0146,United States,Healthcare,1-10,Partner,Customer,Customer Success,2026-01-02,2026-03-21,None,No Action Needed,Ready,No,100.0
CRM-000014,Vantage Motors,Amara Shah,amara.shah@vantagemotors.example,+1 813 555 0139,United States,Manufacturing,11-50,Partner,Lead,Customer Success,2026-01-02,2026-08-15,None,No Action Needed,Ready,No,100.0
CRM-000015,Beacon Studios,Isaac Grant,isaac.grant@beaconstudios.example,+1 503 555 0191,United States,Media,1000+,Referral,MQL,Partnerships,2026-01-02,2026-02-16,None,No Action Needed,Ready,No,100.0
CRM-000016,Yarrow Foods,Nina Dawson,nina.dawson@yarrowfoods.example,+1 602 555 0117,United States,Retail,11-50,Referral,Lead,Sales Ops,2026-01-02,2026-08-04,None,No Action Needed,Ready,No,100.0
CRM-000017,Beacon Media,Isaac Ortega,isaac.ortega@beaconmedia.example,+1 702 555 0142,United States,Media,11-50,Outbound,SQL,Sales Ops,2026-01-02,2026-04-30,Phone Format,Standardized,Ready,No,100.0
CRM-000018,Gladstone Health,Amara Fischer,amara.fischer@gladstonehealth.example,+1 813 555 0146,United States,Healthcare,1-10,Referral,SQL,Marketing Ops,2026-01-02,2026-04-13,None,No Action Needed,Ready,No,100.0
CRM-000019,Wexford Design,Leah Turner,leah.turner@wexforddesign.example,+1 403 555 0127,Canada,Media,11-50,Partner,Lead,Partnerships,2026-01-03,2026-04-30,Duplicate Email,Merged,Ready,No,100.0
CRM-000020,Granite Robotics,Ethan Young,ethan.young@graniterobotics.example,+1 702 555 0116,United States,Technology,51-200,Event,Lead,Marketing Ops,2026-01-03,2026-04-04,Missing Phone,Enriched,Ready,No,100.0
CRM-000021,Raven Retail,Hugo Morgan,hugo.morgan@ravenretail.example,+1 212 555 0188,United States,Retail,51-200,Website,MQL,Sales Ops,2026-01-03,2026-03-06,Company Casing,Standardized,Ready,No,100.0
CRM-000022,Falcon Services,Noah Kerr,noah.kerr@falconservices.example,+1 310 555 0175,United States,Professional Services,1000+,Website,Customer,Growth Ops,2026-01-03,2026-08-15,None,No Action Needed,Ready,No,100.0
CRM-000023,Unity Security,Omar Jordan,omar.jordan@unitysecurity.example,+1 604 555 0166,Canada,Technology,201-1000,Referral,Customer,Growth Ops,2026-01-03,2026-05-04,None,No Action Needed,Ready,No,100.0
CRM-000024,Ashford Foods,Dylan Ortega,dylan.ortega@ashfordfoods.example,+1 403 555 0106,Canada,Retail,201-1000,Event,Customer,Sales Ops,2026-01-03,2026-08-10,None,No Action Needed,Ready,No,100.0
CRM-000025,Cascade Health,Amara Dawson,,+1 503 555 0170,United States,Healthcare,11-50,Website,MQL,Sales Ops,2026-01-03,2026-07-30,Missing Email,Owner Follow-up,Needs Follow-up,Yes,87.5
CRM-000026,Bridgewater Pharma,Kai Walsh,kai.walsh@bridgewaterpharma.example,+44 20 7946 0028,United Kingdom,Healthcare,11-50,Website,MQL,Marketing Ops,2026-01-03,2026-03-28,None,No Action Needed,Ready,No,100.0
CRM-000027,Kenwood Cloud,Daniel Chandra,daniel.chandra@kenwoodcloud.example,+1 858 555 0184,United States,Technology,201-1000,Webinar,Lead,Growth Ops,2026-01-03,2026-06-11,None,No Action Needed,Ready,No,100.0
CRM-000028,Ashford Group,Priya Dawson,priya.dawson@ashfordgroup.example,+44 20 7946 0392,United Kingdom,Professional Services,1000+,Webinar,Customer,Growth Ops,2026-01-04,2026-03-27,None,No Action Needed,Ready,No,100.0
CRM-000029,Peakview Works,Julia Lowe,julia.lowe@peakviewworks.example,+44 20 7946 0114,United Kingdom,Manufacturing,201-1000,Referral,Lead,Partnerships,2026-01-04,2026-03-27,None,No Action Needed,Ready,No,100.0
CRM-000030,Quill Works,Priya Abbott,priya.abbott@quillworks.example,+1 617 555 0183,United States,Manufacturing,11-50,Website,MQL,Growth Ops,2026-01-04,2026-03-29,Duplicate Company,Merged,Ready,No,100.0
CRM-000031,Quarry Labs,Aaron Keller,aaron.keller@quarrylabs.example,+1 613 555 0161,Canada,Technology,11-50,Referral,SQL,Sales Ops,2026-01-04,2026-01-06,None,No Action Needed,Ready,No,100.0
CRM-000032,Summit Consulting,Lena Grant,lena.grant@summitconsulting.example,+44 20 7946 0073,United Kingdom,Professional Services,51-200,Referral,Customer,Customer Success,2026-01-04,2026-02-21,None,No Action Needed,Ready,No,100.0
CRM-000033,Stonebridge Works,Ava Abbott,ava.abbott@stonebridgeworks.example,+1 310 555 0164,United States,Manufacturing,11-50,Referral,Customer,Sales Ops,2026-01-04,2026-02-15,None,No Action Needed,Ready,No,100.0
CRM-000034,Cascade Industries,Ella Irving,ella.irving@cascadeindustries.example,,Canada,Manufacturing,51-200,Event,MQL,Marketing Ops,2026-01-05,2026-05-06,Missing Phone,Owner Follow-up,Needs Follow-up,Yes,87.5
CRM-000035,Ridgeline Education,Ethan Keller,ethan.keller@ridgelineeducation.example,+1 602 555 0148,United States,Education,201-1000,Website,MQL,Growth Ops,2026-01-05,2026-05-25,Missing Phone,Enriched,Ready,No,100.0
CRM-000036,Westbrook Cloud,Mateo Kerr,mateo.kerr@westbrookcloud.example,+1 303 555 0136,United States,Technology,51-200,Event,Lead,Marketing Ops,2026-01-05,2026-02-26,None,No Action Needed,Ready,No,100.0
CRM-000037,Stonebridge Realty,Owen Delgado,owen.delgado@stonebridgerealty.example,+1 415 555 0140,United States,Professional Services,1-10,Referral,Customer,Partnerships,2026-01-05,2026-04-11,None,No Action Needed,Ready,No,100.0
CRM-000038,Highland Systems,Jonah Everett,jonah.everett@highlandsystems.example,+1 503 555 0101,United States,Technology,51-200,Webinar,Lead,Sales Ops,2026-01-05,2026-01-10,None,No Action Needed,Ready,No,100.0
CRM-000039,Orchard Cloud,Mateo Chandra,mateo.chandra@orchardcloud.example,+1 720 555 0196,United States,Technology,201-1000,Outbound,MQL,Partnerships,2026-01-05,2026-06-12,None,No Action Needed,Ready,No,100.0
CRM-000040,Vantage Industries,Aaron Shah,aaron.shah@vantageindustries.example,+1 480 555 0196,United States,Manufacturing,1-10,Referral,Customer,Sales Ops,2026-01-05,2026-07-03,None,No Action Needed,Ready,No,100.0
CRM-000041,Glenmore Cloud,Ava Rowe,ava.rowe@glenmorecloud.example,+1 901 555 0141,United States,Technology,1-10,Outbound,MQL,Sales Ops,2026-01-05,2026-07-22,Missing Phone,Enriched,Ready,No,100.0
CRM-000042,Larkspur Group,Naomi Chandra,naomi.chandra@larkspurgroup.example,+1 720 555 0154,United States,Professional Services,1000+,Referral,Lead,Customer Success,2026-01-05,2026-06-26,None,No Action Needed,Ready,No,100.0
CRM-000043,Vantage Travel,Jonah Abbott,jonah.abbott@vantagetravel.example,+1 416 555 0145,Canada,Logistics,1-10,Outbound,Customer,Marketing Ops,2026-01-05,2026-09-18,None,No Action Needed,Ready,No,100.0
CRM-000044,Brightpath Education,Jonah Reeves,jonah.reeves@brightpatheducation.example,+1 403 555 0121,Canada,Education,1-10,Webinar,Lead,Partnerships,2026-01-05,2026-09-22,None,No Action Needed,Ready,No,100.0
CRM-000045,BluePeak Works,Noah Abbott,noah.abbott@bluepeakworks.example,+1 613 555 0158,Canada,Manufacturing,11-50,Event,Lead,Marketing Ops,2026-01-05,2026-04-01,Phone Format,Standardized,Ready,No,100.0
CRM-000046,Gladstone Works,Clara Walsh,clara.walsh@gladstoneworks.example,,Canada,Manufacturing,201-1000,Event,SQL,Marketing Ops,2026-01-05,2026-07-17,Missing Phone,Owner Follow-up,Needs Follow-up,Yes,87.5
CRM-000047,Glenmore Foods,Sofia Dawson,sofia.dawson@glenmorefoods.example,+44 20 7946 0851,United Kingdom,Retail,1-10,Website,Lead,Sales Ops,2026-01-05,2026-09-18,Company Casing,Standardized,Ready,No,100.0
CRM-000048,Landmark Works,Priya Keller,priya.keller@landmarkworks.example,+1 303 555 0100,United States,Manufacturing,1-10,Referral,MQL,Growth Ops,2026-01-06,2026-02-14,None,No Action Needed,Ready,No,100.0
CRM-000049,Eastgate Marketing,Grace Vaughn,,+1 602 555 0152,United States,Media,51-200,Website,Customer,Customer Success,2026-01-06,2026-03-21,Missing Email,Owner Follow-up,Needs Follow-up,Yes,87.5
CRM-000050,Larkspur Industries,Ethan Keller,ethan.keller@larkspurindustries.example,+1 617 555 0117,United States,Manufacturing,51-200,Website,SQL,Customer Success,2026-01-06,2026-07-15,None,No Action Needed,Ready,No,100.0
CRM-000051,Unity Works,Alicia Delgado,,+1 713 555 0195,United States,Manufacturing,1000+,Website,Customer,Marketing Ops,2026-01-06,2026-02-22,Invalid Email,Owner Follow-up,Needs Follow-up,Yes,87.5
CRM-000052,Tamarack Media,Zara Nolan,zara.nolan@tamarackmedia.example,+1 949 555 0158,United States,Media,1-10,Outbound,Customer,Customer Success,2026-01-06,2026-03-03,None,No Action Needed,Ready,No,100.0
CRM-000053,Birchwood Analytics,Isaac Kerr,isaac.kerr@birchwoodanalytics.example,+1 646 555 0152,United States,Technology,11-50,Website,Lead,Growth Ops,2026-01-07,2026-03-19,None,No Action Needed,Ready,No,100.0
CRM-000054,Sable Supply,Marcus Dawson,marcus.dawson@sablesupply.example,+1 813 555 0130,United States,Logistics,201-1000,Referral,MQL,Growth Ops,2026-01-07,2026-04-10,None,No Action Needed,Ready,No,100.0
CRM-000055,Newport Finance,Priya Patel,priya.patel@newportfinance.example,+1 503 555 0189,United States,Finance,11-50,Outbound,SQL,Partnerships,2026-01-07,2026-03-24,None,No Action Needed,Ready,No,100.0
CRM-000056,Pioneer Solutions,Rosa Carter,rosa.carter@pioneersolutions.example,+1 858 555 0119,United States,Technology,11-50,Event,Lead,Partnerships,2026-01-07,2026-07-22,None,No Action Needed,Ready,No,100.0
CRM-000057,Yarrow Media,Noah Morgan,noah.morgan@yarrowmedia.example,+1 212 555 0167,United States,Media,201-1000,Website,MQL,Sales Ops,2026-01-07,2026-01-20,None,No Action Needed,Ready,No,100.0
CRM-000058,Copperfield Finance,Lucas Abbott,lucas.abbott@copperfieldfinance.example,+1 516 555 0198,United States,Finance,1-10,Outbound,Lead,Growth Ops,2026-01-07,2026-08-05,None,No Action Needed,Ready,No,100.0
CRM-000059,Fairview Partners,Daniel Irving,daniel.irving@fairviewpartners.example,+1 646 555 0167,United States,Professional Services,201-1000,Event,SQL,Marketing Ops,2026-01-07,2026-05-12,None,No Action Needed,Ready,No,100.0
CRM-000060,Emberly Security,Mira Lawson,mira.lawson@emberlysecurity.example,+1 813 555 0175,United States,Technology,11-50,Website,Opportunity,Marketing Ops,2026-01-07,2026-07-02,None,No Action Needed,Ready,No,100.0
CRM-000061,Brightpath Cloud,Jonah Delgado,jonah.delgado@brightpathcloud.example,+1 949 555 0109,United States,Technology,201-1000,Referral,SQL,Sales Ops,2026-01-07,2026-07-14,None,No Action Needed,Ready,No,100.0
CRM-000062,Willow Cloud,Rosa Turner,rosa.turner@willowcloud.example,+1 925 555 0188,United States,Technology,11-50,Website,Opportunity,Marketing Ops,2026-01-07,2026-08-14,None,No Action Needed,Ready,No,100.0
CRM-000063,Keystone Foods,Ella Delgado,ella.delgado@keystonefoods.example,+44 20 7946 0071,United Kingdom,Retail,51-200,Webinar,Customer,Customer Success,2026-01-07,2026-06-10,None,No Action Needed,Ready,No,100.0
CRM-000064,Bridgewater Marketing,Caleb Everett,caleb.everett@bridgewatermarketing.example,,United States,Media,11-50,Website,Opportunity,Customer Success,2026-01-07,2026-05-28,Missing Phone,Owner Follow-up,Needs Follow-up,Yes,87.5
CRM-000065,Norwood Robotics,Lena Irving,lena.irving@norwoodrobotics.example,+1 702 555 0190,United States,Technology,11-50,Website,MQL,Sales Ops,2026-01-07,2026-08-16,None,No Action Needed,Ready,No,100.0
CRM-000066,Indigo Insurance,Ava Patel,ava.patel@indigoinsurance.example,+1 925 555 0161,United States,Finance,1-10,Website,Lead,Sales Ops,2026-01-08,2026-04-25,None,No Action Needed,Ready,No,100.0
CRM-000067,Emberly Labs,Ella Jensen,ella.jensen@emberlylabs.example,+1 901 555 0100,United States,Technology,11-50,Webinar,Lead,Marketing Ops,2026-01-08,2026-03-05,None,No Action Needed,Ready,No,100.0
CRM-000068,Ashford Energy,Ava Carter,ava.carter@ashfordenergy.example,,United Kingdom,Energy,51-200,Referral,Lead,Partnerships,2026-01-08,2026-04-17,Missing Phone,Owner Follow-up,Needs Follow-up,Yes,87.5
CRM-000069,Bridgewater Media,Dylan Foster,dylan.foster@bridgewatermedia.example,+1 628 555 0166,United States,Media,1-10,Referral,Opportunity,Customer Success,2026-01-08,2026-08-27,None,No Action Needed,Ready,No,100.0
CRM-000070,Canyon Pharma,Felix Delgado,felix.delgado@canyonpharma.example,+1 858 555 0135,United States,Healthcare,51-200,Website,Customer,Growth Ops,2026-01-08,2026-03-06,Missing Phone,Enriched,Ready,No,100.0
CRM-000071,Brookside Services,Grace Novak,grace.novak@brooksideservices.example,+1 949 555 0155,United States,Professional Services,51-200,Event,Lead,Marketing Ops,2026-01-08,2026-07-22,None,No Action Needed,Ready,No,100.0
CRM-000072,Stonebridge Supply,Clara Lawson,clara.lawson@stonebridgesupply.example,+1 613 555 0171,Canada,Logistics,51-200,Website,Lead,Sales Ops,2026-01-08,2026-08-01,None,No Action Needed,Ready,No,100.0
CRM-000073,Amberly Motors,Dylan Sutton,dylan.sutton@amberlymotors.example,+1 404 555 0196,United States,Manufacturing,1000+,Referral,MQL,Customer Success,2026-01-08,2026-09-20,None,No Action Needed,Ready,No,100.0
CRM-000074,Quartz Industries,Caleb Dawson,caleb.dawson@quartzindustries.example,+1 404 555 0155,United States,Manufacturing,1000+,Partner,SQL,Marketing Ops,2026-01-08,2026-04-05,None,No Action Needed,Ready,No,100.0
CRM-000075,Peakview Analytics,Marcus Shah,marcus.shah@peakviewanalytics.example,+1 713 555 0199,United States,Technology,51-200,Outbound,Lead,Marketing Ops,2026-01-08,2026-09-23,Invalid Email,Standardized,Ready,No,100.0
CRM-000076,Elmwood Cloud,Theo Nolan,theo.nolan@elmwoodcloud.example,+1 628 555 0144,United States,Technology,1-10,Website,MQL,Marketing Ops,2026-01-08,2026-06-04,None,No Action Needed,Ready,No,100.0
CRM-000077,Glenmore Realty,Mira Morgan,mira.morgan@glenmorerealty.example,+1 403 555 0184,Canada,Professional Services,11-50,Outbound,Customer,Customer Success,2026-01-08,2026-04-30,None,No Action Needed,Ready,No,100.0
CRM-000078,Quill Cloud,Alicia Gallo,alicia.gallo@quillcloud.example,+1 925 555 0194,United States,Technology,201-1000,Website,Customer,Marketing Ops,2026-01-09,2026-08-13,None,No Action Needed,Ready,No,100.0
CRM-000079,Highland Realty,Hugo Fischer,hugo.fischer@highlandrealty.example,+1 646 555 0159,United States,Professional Services,11-50,Referral,SQL,Sales Ops,2026-01-09,2026-04-28,Missing Email,Enriched,Ready,No,100.0
CRM-000080,Trailhead Staffing,Rosa Kerr,,+1 503 555 0178,United States,Professional Services,1-10,Website,SQL,Customer Success,2026-01-09,2026-07-23,Missing Email,Owner Follow-up,Needs Follow-up,Yes,87.5
CRM-000081,Atlas Supply,Amara Novak,amara.novak@atlassupply.example,+1 425 555 0177,United States,Logistics,51-200,Event,Lead,Growth Ops,2026-01-09,2026-08-24,Phone Format,Standardized,Ready,No,100.0
CRM-000082,Pembroke Systems,Lena Ellis,lena.ellis@pembrokesystems.example,+1 469 555 0167,United States,Technology,1-10,Event,MQL,Growth Ops,2026-01-09,2026-07-12,None,No Action Needed,Ready,No,100.0
CRM-000083,Tidewater Energy,Omar Reeves,omar.reeves@tidewaterenergy.example,+1 628 555 0151,United States,Energy,11-50,Partner,Lead,Partnerships,2026-01-09,2026-01-22,Duplicate Email,Merged,Ready,No,100.0
CRM-000084,Olive Media,Dylan Ortega,dylan.ortega@olivemedia.example,+1 404 555 0152,United States,Media,1-10,Website,Lead,Growth Ops,2026-01-09,2026-05-04,None,No Action Needed,Ready,No,100.0
CRM-000085,Skyline Realty,Mateo Jensen,mateo.jensen@skylinerealty.example,+1 303 555 0130,United States,Professional Services,51-200,Website,Customer,Partnerships,2026-01-09,2026-03-04,Missing Email,Enriched,Ready,No,100.0
CRM-000086,Oakridge Works,Jonah Hartley,jonah.hartley@oakridgeworks.example,+1 713 555 0112,United States,Manufacturing,11-50,Outbound,SQL,Partnerships,2026-01-09,2026-04-08,None,No Action Needed,Ready,No,100.0
CRM-000087,Harbor Partners,Ava Abbott,ava.abbott@harborpartners.example,+1 514 555 0113,Canada,Professional Services,51-200,Partner,Opportunity,Marketing Ops,2026-01-09,2026-03-18,None,No Action Needed,Ready,No,100.0
CRM-000088,Ulster Group,Lucas Walsh,lucas.walsh@ulstergroup.example,+1 813 555 0186,United States,Professional Services,201-1000,Event,Lead,Partnerships,2026-01-09,2026-05-05,Phone Format,Standardized,Ready,No,100.0
CRM-000089,Sable Textiles,Kai Abbott,kai.abbott@sabletextiles.example,+44 20 7946 0361,United Kingdom,Manufacturing,51-200,Website,Lead,Sales Ops,2026-01-09,2026-02-25,Phone Format,Standardized,Ready,No,100.0
CRM-000090,Bayview Cloud,Lena Ivers,lena.ivers@bayviewcloud.example,+1 702 555 0152,United States,Technology,1-10,Event,Lead,Sales Ops,2026-01-10,2026-05-23,None,No Action Needed,Ready,No,100.0
CRM-000091,Verdant Energy,Dylan Quinn,dylan.quinn@verdantenergy.example,+1 901 555 0101,United States,Energy,1-10,Website,MQL,Sales Ops,2026-01-10,2026-09-28,None,No Action Needed,Ready,No,100.0
CRM-000092,Lighthouse Analytics,Victor Abbott,victor.abbott@lighthouseanalytics.example,,United States,Technology,11-50,Website,MQL,Growth Ops,2026-01-10,2026-08-11,Missing Phone,Owner Follow-up,Needs Follow-up,Yes,87.5
CRM-000093,Ridgeline Motors,Theo Jordan,theo.jordan@ridgelinemotors.example,+1 480 555 0134,United States,Manufacturing,11-50,Referral,SQL,Customer Success,2026-01-10,2026-06-25,Missing Phone,Enriched,Ready,No,100.0
CRM-000094,Copperfield Studios,Nina Tanaka,nina.tanaka@copperfieldstudios.example,+1 713 555 0119,United States,Media,11-50,Event,Lead,Customer Success,2026-01-10,2026-04-16,Missing Phone,Enriched,Ready,No,100.0
CRM-000095,Amberly Services,Hugo Mercer,hugo.mercer@amberlyservices.example,+1 628 555 0131,United States,Professional Services,1000+,Referral,SQL,Marketing Ops,2026-01-10,2026-08-08,Company Casing,Standardized,Ready,No,100.0
CRM-000096,Falcon Partners,Alicia Abbott,alicia.abbott@falconpartners.example,+1 303 555 0152,United States,Professional Services,51-200,Website,MQL,Growth Ops,2026-01-10,2026-06-14,None,No Action Needed,Ready,No,100.0
CRM-000097,Marlow Education,Daniel Lawson,daniel.lawson@marloweducation.example,+1 480 555 0177,United States,Education,201-1000,Referral,Lead,Partnerships,2026-01-10,2026-02-23,None,No Action Needed,Ready,No,100.0
CRM-000098,Rosewood Energy,Dylan Barnes,dylan.barnes@rosewoodenergy.example,,United States,Energy,1-10,Referral,Customer,Customer Success,2026-01-10,2026-09-19,Missing Phone,Owner Follow-up,Needs Follow-up,Yes,87.5
CRM-000099,Peakview Supply,Lucas Carter,lucas.carter@peakviewsupply.example,+1 971 555 0121,United States,,11-50,Outbound,MQL,Growth Ops,2026-01-10,2026-08-03,Missing Industry,Owner Follow-up,Needs Follow-up,Yes,87.5
CRM-000100,Zenith Textiles,Dylan Kerr,dylan.kerr@zenithtextiles.example,+44 20 7946 0987,United Kingdom,Manufacturing,201-1000,Website,Lead,Marketing Ops,2026-01-10,2026-03-18,None,No Action Needed,Ready,No,100.0
CRM-000101,Tidewater Group,Sofia Pruitt,sofia.pruitt@tidewatergroup.example,+1 858 555 0176,United States,Professional Services,51-200,Event,Customer,Partnerships,2026-01-10,2026-06-05,None,No Action Needed,Ready,No,100.0
CRM-000102,Cobalt Analytics,Naomi Everett,naomi.everett@cobaltanalytics.example,+1 415 555 0133,United States,Technology,11-50,Website,Opportunity,Customer Success,2026-01-11,2026-06-09,None,No Action Needed,Ready,No,100.0
CRM-000103,Juniper Solutions,Jonah Sutton,jonah.sutton@junipersolutions.example,+1 901 555 0160,United States,Technology,1000+,Outbound,Opportunity,Growth Ops,2026-01-11,2026-08-10,Company Casing,Standardized,Ready,No,100.0
CRM-000104,Tamarack Services,Noah Barnes,noah.barnes@tamarackservices.example,+1 702 555 0157,United States,Professional Services,1-10,Website,MQL,Partnerships,2026-01-11,2026-04-06,None,No Action Needed,Ready,No,100.0
CRM-000105,Summit Robotics,Sofia Young,sofia.young@summitrobotics.example,+1 813 555 0140,United States,Technology,11-50,Event,SQL,Marketing Ops,2026-01-11,2026-04-12,None,No Action Needed,Ready,No,100.0
CRM-000106,Greenline Insurance,Ines Irving,ines.irving@greenlineinsurance.example,+1 425 555 0189,United States,Finance,201-1000,Partner,SQL,Sales Ops,2026-01-11,2026-04-19,None,No Action Needed,Ready,No,100.0
CRM-000107,Tamarack Foods,Alicia Pruitt,alicia.pruitt@tamarackfoods.example,+1 720 555 0130,United States,Retail,51-200,Outbound,Customer,Sales Ops,2026-01-11,2026-04-27,None,No Action Needed,Ready,No,100.0
CRM-000108,Kenwood Partners,Hana Vaughn,hana.vaughn@kenwoodpartners.example,+1 971 555 0172,United States,Professional Services,1-10,Outbound,SQL,Sales Ops,2026-01-11,2026-03-20,Phone Format,Standardized,Ready,No,100.0
CRM-000109,Hawthorn Systems,Daniel Ortega,daniel.ortega@hawthornsystems.example,+1 858 555 0140,United States,Technology,51-200,Website,Customer,Customer Success,2026-01-11,2026-04-06,None,No Action Needed,Ready,No,100.0
CRM-000110,Riverside Design,Theo Dawson,theo.dawson@riversidedesign.example,+44 20 7946 0984,United Kingdom,Media,1000+,Event,SQL,Partnerships,2026-01-11,2026-04-03,None,No Action Needed,Ready,No,100.0
CRM-000111,Kingfisher Design,Kai Reeves,kai.reeves@kingfisherdesign.example,+1 206 555 0179,United States,Media,201-1000,Website,SQL,Growth Ops,2026-01-11,2026-05-13,Company Casing,Standardized,Ready,No,100.0
CRM-000112,Zephyr Robotics,Zara Pruitt,,+1 416 555 0136,Canada,Technology,1-10,Outbound,SQL,Marketing Ops,2026-01-11,2026-08-17,Invalid Email,Owner Follow-up,Needs Follow-up,Yes,87.5
CRM-000113,Meridian Design,Ines Dawson,ines.dawson@meridiandesign.example,+1 206 555 0177,United States,Media,1-10,Partner,Customer,Growth Ops,2026-01-11,2026-08-10,Duplicate Email,Merged,Ready,No,100.0
CRM-000114,Copperfield Robotics,Liam Ortega,liam.ortega@copperfieldrobotics.example,+1 403 555 0190,Canada,Technology,51-200,Website,Opportunity,Customer Success,2026-01-11,2026-06-03,None,No Action Needed,Ready,No,100.0
CRM-000115,Sable Consulting,Leah Gallo,leah.gallo@sableconsulting.example,+1 303 555 0141,United States,Professional Services,51-200,Outbound,Lead,Sales Ops,2026-01-11,2026-07-14,None,No Action Needed,Ready,No,100.0
CRM-000116,Ulster Networks,Mira Okafor,mira.okafor@ulsternetworks.example,+1 514 555 0153,Canada,Technology,51-200,Website,MQL,Marketing Ops,2026-01-11,2026-07-24,None,No Action Needed,Ready,No,100.0
CRM-000117,Northgate Analytics,Rosa Foster,rosa.foster@northgateanalytics.example,+1 469 555 0181,United States,Technology,11-50,Website,SQL,Growth Ops,2026-01-11,2026-04-01,Phone Format,Standardized,Ready,No,100.0
CRM-000118,Vantage Pharma,Dylan Turner,dylan.turner@vantagepharma.example,+1 720 555 0183,United States,Healthcare,1-10,Referral,SQL,Growth Ops,2026-01-11,2026-03-20,None,No Action Needed,Ready,No,100.0
CRM-000119,Pinecrest Studios,Leah Foster,leah.foster@pinecreststudios.example,+1 602 555 0156,United States,Media,1-10,Event,MQL,Partnerships,2026-01-11,2026-08-21,None,No Action Needed,Ready,No,100.0
CRM-000120,Inlet Analytics,Theo Everett,theo.everett@inletanalytics.example,+1 415 555 0131,United States,Technology,1-10,Referral,MQL,Growth Ops,2026-01-11,2026-08-27,Missing Phone,Enriched,Ready,No,100.0
CRM-000121,Alder Networks,Daniel Everett,daniel.everett@aldernetworks.example,+1 416 555 0193,Canada,Technology,201-1000,Website,MQL,Customer Success,2026-01-11,2026-07-27,None,No Action Needed,Ready,No,100.0
CRM-000122,Inlet Marketing,Liam Brooks,liam.brooks@inletmarketing.example,+1 628 555 0165,United States,Media,51-200,Outbound,Opportunity,Marketing Ops,2026-01-11,2026-03-25,None,No Action Needed,Ready,No,100.0
CRM-000123,Orchard Motors,Liam Tanaka,liam.tanaka@orchardmotors.example,+1 720 555 0167,United States,Manufacturing,201-1000,Webinar,SQL,Partnerships,2026-01-11,2026-08-20,None,No Action Needed,Ready,No,100.0
CRM-000124,Zephyr Security,Julia Chandra,julia.chandra@zephyrsecurity.example,+44 20 7946 0836,United Kingdom,Technology,11-50,Outbound,Customer,Sales Ops,2026-01-12,2026-09-09,None,No Action Needed,Ready,No,100.0
CRM-000125,Quill Analytics,Sofia Jensen,sofia.jensen@quillanalytics.example,+1 305 555 0131,United States,Technology,51-200,Referral,MQL,Growth Ops,2026-01-12,2026-07-04,Duplicate Email,Merged,Ready,No,100.0
CRM-000126,Norwood Design,Maya Chandra,maya.chandra@norwooddesign.example,+1 404 555 0157,United States,Media,11-50,Partner,Lead,Customer Success,2026-01-12,2026-03-28,Phone Format,Standardized,Ready,No,100.0
CRM-000127,Linden Realty,Jonah Nolan,,+1 702 555 0143,United States,Professional Services,1-10,Outbound,Lead,Customer Success,2026-01-12,2026-02-03,Missing Email,Owner Follow-up,Needs Follow-up,Yes,87.5
CRM-000128,Lakeshore Motors,Tessa Quinn,tessa.quinn@lakeshoremotors.example,+1 415 555 0195,United States,Manufacturing,201-1000,Referral,Customer,Sales Ops,2026-01-12,2026-09-13,None,No Action Needed,Ready,No,100.0
CRM-000129,Ironbridge Partners,Victor Shah,victor.shah@ironbridgepartners.example,+1 425 555 0133,United States,Professional Services,1-10,Referral,Lead,Customer Success,2026-01-12,2026-04-26,None,No Action Needed,Ready,No,100.0
CRM-000130,Orchard Capital,Rosa Rowe,rosa.rowe@orchardcapital.example,+1 305 555 0158,United States,Finance,11-50,Website,Lead,Growth Ops,2026-01-12,2026-03-21,None,No Action Needed,Ready,No,100.0
CRM-000131,Aspen Partners,Hugo Ivers,hugo.ivers@aspenpartners.example,+1 646 555 0136,United States,Professional Services,1-10,Event,Lead,Growth Ops,2026-01-12,2026-04-03,None,No Action Needed,Ready,No,100.0
CRM-000132,Northgate Pharma,Naomi Morgan,naomi.morgan@northgatepharma.example,+1 416 555 0141,Canada,Healthcare,11-50,Webinar,MQL,Customer Success,2026-01-12,2026-07-04,Phone Format,Standardized,Ready,No,100.0
CRM-000133,Elmwood Software,Omar Keller,omar.keller@elmwoodsoftware.example,+1 737 555 0143,United States,Technology,11-50,Webinar,MQL,Partnerships,2026-01-12,2026-02-26,None,No Action Needed,Ready,No,100.0
CRM-000134,Greenline Labs,Omar Chandra,,+1 628 555 0117,United States,Technology,1-10,Website,Lead,Sales Ops,2026-01-12,2026-06-07,Invalid Email,Owner Follow-up,Needs Follow-up,Yes,87.5
CRM-000135,Clearwater Media,Dylan Vaughn,dylan.vaughn@clearwatermedia.example,+1 415 555 0183,United States,Media,11-50,Referral,MQL,Partnerships,2026-01-12,2026-08-22,Phone Format,Standardized,Ready,No,100.0
CRM-000136,Zenith Staffing,Dylan Lawson,dylan.lawson@zenithstaffing.example,+1 469 555 0176,United States,Professional Services,201-1000,Website,MQL,Customer Success,2026-01-12,2026-06-02,None,No Action Needed,Ready,No,100.0
CRM-000137,Fairview Analytics,Priya Novak,priya.novak@fairviewanalytics.example,+1 212 555 0184,United States,Technology,11-50,Partner,SQL,Customer Success,2026-01-12,2026-02-07,Company Casing,Standardized,Ready,No,100.0
CRM-000138,Maple Foods,Daniel Rowe,daniel.rowe@maplefoods.example,+44 20 7946 0323,United Kingdom,Retail,1-10,Website,MQL,Marketing Ops,2026-01-13,2026-02-11,None,No Action Needed,Ready,No,100.0
CRM-000139,Dunmore Group,Lucas Hartley,lucas.hartley@dunmoregroup.example,+1 312 555 0145,United States,,1-10,Webinar,MQL,Partnerships,2026-01-13,2026-08-03,Missing Industry,Owner Follow-up,Needs Follow-up,Yes,87.5
CRM-000140,Brookside Partners,Ethan Nolan,ethan.nolan@brooksidepartners.example,+44 20 7946 0201,United Kingdom,Professional Services,51-200,Outbound,SQL,Marketing Ops,2026-01-13,2026-08-14,None,No Action Needed,Ready,No,100.0
CRM-000141,Cascade Foods,Clara Ortega,clara.ortega@cascadefoods.example,+1 512 555 0192,United States,Retail,1-10,Referral,Customer,Partnerships,2026-01-13,2026-05-07,Missing Phone,Enriched,Ready,No,100.0
CRM-000142,Dovetail Works,Priya Jordan,priya.jordan@dovetailworks.example,+1 619 555 0199,United States,Manufacturing,51-200,Webinar,MQL,Growth Ops,2026-01-13,2026-08-10,None,No Action Needed,Ready,No,100.0
CRM-000143,Atlas Staffing,Priya Ortega,priya.ortega@atlasstaffing.example,+1 310 555 0154,United States,Professional Services,11-50,Referral,Customer,Partnerships,2026-01-13,2026-05-18,None,No Action Needed,Ready,No,100.0
CRM-000144,Skyline Networks,Owen Carter,owen.carter@skylinenetworks.example,+1 813 555 0153,United States,Technology,1-10,Website,SQL,Sales Ops,2026-01-13,2026-05-08,Phone Format,Standardized,Ready,No,100.0
CRM-000145,Canyon Systems,Caleb Mercer,caleb.mercer@canyonsystems.example,+1 516 555 0175,United States,Technology,51-200,Outbound,MQL,Partnerships,2026-01-13,2026-04-25,None,No Action Needed,Ready,No,100.0
CRM-000146,Yarrow Education,Julia Hartley,julia.hartley@yarroweducation.example,+1 628 555 0125,United States,Education,11-50,Website,Lead,Marketing Ops,2026-01-13,2026-08-01,None,No Action Needed,Ready,No,100.0
CRM-000147,Juniper Insurance,Priya Jordan,,+1 480 555 0163,United States,Finance,1000+,Website,MQL,Growth Ops,2026-01-13,2026-03-29,Missing Email,Owner Follow-up,Needs Follow-up,Yes,87.5
CRM-000148,Harbor Networks,Lucas Morgan,,+1 403 555 0196,Canada,Technology,1-10,Website,Customer,Sales Ops,2026-01-13,2026-05-23,Missing Email,Owner Follow-up,Needs Follow-up,Yes,87.5
CRM-000149,Bayview Textiles,Hugo Grant,hugo.grant@bayviewtextiles.example,+1 415 555 0143,United States,Manufacturing,11-50,Outbound,Opportunity,Sales Ops,2026-01-13,2026-08-15,Phone Format,Standardized,Ready,No,100.0
CRM-000150,Ironwood Studios,Dylan Chandra,dylan.chandra@ironwoodstudios.example,+1 503 555 0131,United States,Media,11-50,Website,SQL,Marketing Ops,2026-01-13,2026-02-03,None,No Action Needed,Ready,No,100.0
CRM-000151,Orchard Media,Aaron Fischer,aaron.fischer@orchardmedia.example,,United States,Media,1-10,Webinar,MQL,Sales Ops,2026-01-13,2026-01-30,Missing Phone,Owner Follow-up,Needs Follow-up,Yes,87.5
CRM-000152,Willow Studios,Hana Shah,hana.shah@willowstudios.example,+1 613 555 0140,Canada,Media,51-200,Referral,SQL,Marketing Ops,2026-01-14,2026-08-18,Duplicate Company,Merged,Ready,No,100.0
CRM-000153,Ridgeline Textiles,Hana Rowe,hana.rowe@ridgelinetextiles.example,+1 813 555 0190,United States,Manufacturing,1-10,Website,Customer,Partnerships,2026-01-14,2026-07-13,None,No Action Needed,Ready,No,100.0
CRM-000154,Maple Robotics,Nina Ellis,nina.ellis@maplerobotics.example,+1 617 555 0184,United States,Technology,11-50,Partner,MQL,Sales Ops,2026-01-14,2026-02-19,None,No Action Needed,Ready,No,100.0
CRM-000155,Indigo Foods,Rosa Jordan,rosa.jordan@indigofoods.example,+1 702 555 0148,United States,Retail,51-200,Website,Lead,Customer Success,2026-01-14,2026-06-09,None,No Action Needed,Ready,No,100.0
CRM-000156,Jasper Cloud,Lena Dawson,lena.dawson@jaspercloud.example,+1 702 555 0161,United States,Technology,1-10,Outbound,SQL,Partnerships,2026-01-14,2026-08-18,None,No Action Needed,Ready,No,100.0
CRM-000157,Kenwood Design,Theo Turner,theo.turner@kenwooddesign.example,+1 713 555 0164,United States,Media,11-50,Website,Customer,Partnerships,2026-01-14,2026-09-27,None,No Action Needed,Ready,No,100.0
CRM-000158,Ironwood Retail,Julia Irving,julia.irving@ironwoodretail.example,+1 516 555 0118,United States,Retail,11-50,Partner,Opportunity,Customer Success,2026-01-14,2026-09-30,None,No Action Needed,Ready,No,100.0
CRM-000159,Fernhill Cloud,Owen Nolan,owen.nolan@fernhillcloud.example,+1 512 555 0120,United States,Technology,51-200,Website,MQL,Partnerships,2026-01-14,2026-09-29,None,No Action Needed,Ready,No,100.0
CRM-000160,Clearwater Travel,Ines Novak,ines.novak@clearwatertravel.example,+1 619 555 0141,United States,Logistics,11-50,Event,Opportunity,Customer Success,2026-01-14,2026-08-06,None,No Action Needed,Ready,No,100.0
CRM-000161,Fairview Staffing,Lucas Morgan,lucas.morgan@fairviewstaffing.example,+1 480 555 0180,United States,Professional Services,1000+,Event,Opportunity,Marketing Ops,2026-01-15,2026-03-27,None,No Action Needed,Ready,No,100.0
CRM-000162,Orchard Realty,Mateo Gallo,mateo.gallo@orchardrealty.example,,United States,Professional Services,201-1000,Event,MQL,Partnerships,2026-01-15,2026-09-14,Missing Phone,Owner Follow-up,Needs Follow-up,Yes,87.5
CRM-000163,Windmill Software,Rosa Rowe,rosa.rowe@windmillsoftware.example,+1 404 555 0120,United States,Technology,1-10,Webinar,SQL,Customer Success,2026-01-15,2026-01-30,None,No Action Needed,Ready,No,100.0
CRM-000164,Evergreen Retail,Maya Ortega,,+1 619 555 0106,United States,Retail,201-1000,Partner,SQL,Growth Ops,2026-01-15,2026-05-27,Missing Email,Owner Follow-up,Needs Follow-up,Yes,87.5
CRM-000165,Driftwood Consulting,Aaron Morgan,aaron.morgan@driftwoodconsulting.example,+1 516 555 0170,United States,,51-200,Outbound,SQL,Growth Ops,2026-01-15,2026-05-06,Missing Industry,Owner Follow-up,Needs Follow-up,Yes,87.5
CRM-000166,Falcon Software,Lena Ellis,lena.ellis@falconsoftware.example,+1 737 555 0108,United States,Technology,51-200,Website,Lead,Growth Ops,2026-01-15,2026-04-16,None,No Action Needed,Ready,No,100.0
CRM-000167,Bridgewater Analytics,Grace Novak,grace.novak@bridgewateranalytics.example,+44 20 7946 0229,United Kingdom,,51-200,Outbound,MQL,Sales Ops,2026-01-15,2026-06-11,Missing Industry,Owner Follow-up,Needs Follow-up,Yes,87.5
CRM-000168,Dovetail Robotics,Amara Nolan,amara.nolan@dovetailrobotics.example,+1 628 555 0156,United States,Technology,51-200,Referral,MQL,Partnerships,2026-01-15,2026-07-17,None,No Action Needed,Ready,No,100.0
CRM-000169,Driftwood Industries,Priya Ivers,priya.ivers@driftwoodindustries.example,+1 901 555 0119,United States,Manufacturing,11-50,Webinar,Opportunity,Sales Ops,2026-01-15,2026-05-20,None,No Action Needed,Ready,No,100.0
CRM-000170,Pinecrest Education,Owen Quinn,owen.quinn@pinecresteducation.example,+1 858 555 0143,United States,Education,1-10,Webinar,SQL,Sales Ops,2026-01-15,2026-09-18,None,No Action Needed,Ready,No,100.0
CRM-000171,Maple Studios,Alicia Dawson,alicia.dawson@maplestudios.example,+1 702 555 0166,United States,Media,1-10,Website,Customer,Sales Ops,2026-01-16,2026-02-11,Phone Format,Standardized,Ready,No,100.0
CRM-000172,Pioneer Travel,Felix Delgado,,+1 646 555 0176,United States,Logistics,201-1000,Website,SQL,Marketing Ops,2026-01-16,2026-03-12,Missing Email,Owner Follow-up,Needs Follow-up,Yes,87.5
CRM-000173,Sable Cloud,Noah Sutton,noah.sutton@sablecloud.example,+1 901 555 0107,United States,Technology,1-10,Webinar,MQL,Partnerships,2026-01-16,2026-08-28,None,No Action Needed,Ready,No,100.0
CRM-000174,Kingfisher Marketing,Lucas Barnes,lucas.barnes@kingfishermarketing.example,+1 617 555 0172,United States,Media,1-10,Outbound,MQL,Customer Success,2026-01-16,2026-06-22,None,No Action Needed,Ready,No,100.0
CRM-000175,Linden Packaging,Lucas Novak,lucas.novak@lindenpackaging.example,+1 312 555 0183,United States,Manufacturing,1-10,Event,Opportunity,Marketing Ops,2026-01-16,2026-01-29,None,No Action Needed,Ready,No,100.0
CRM-000176,Hollis Solutions,Naomi Abbott,naomi.abbott@hollissolutions.example,+44 20 7946 0373,United Kingdom,Technology,11-50,Event,Opportunity,Sales Ops,2026-01-16,2026-08-29,None,No Action Needed,Ready,No,100.0
CRM-000177,Pembroke Insurance,Ravi Keller,ravi.keller@pembrokeinsurance.example,+1 303 555 0189,United States,Finance,51-200,Outbound,SQL,Growth Ops,2026-01-16,2026-02-17,Duplicate Company,Merged,Ready,No,100.0
CRM-000178,Maple Education,Daniel Lawson,daniel.lawson@mapleeducation.example,+1 901 555 0148,United States,Education,11-50,Outbound,Lead,Partnerships,2026-01-16,2026-02-05,None,No Action Needed,Ready,No,100.0
CRM-000179,Cascade Retail,Julia Sutton,julia.sutton@cascaderetail.example,+1 720 555 0119,United States,Retail,1-10,Website,Lead,Growth Ops,2026-01-16,2026-05-04,None,No Action Needed,Ready,No,100.0
CRM-000180,Hollis Finance,Grace Grant,grace.grant@hollisfinance.example,,United States,Finance,11-50,Outbound,MQL,Growth Ops,2026-01-16,2026-05-31,Missing Phone,Owner Follow-up,Needs Follow-up,Yes,87.5
CRM-000181,Olive Energy,Ethan Novak,ethan.novak@oliveenergy.example,+1 901 555 0116,United States,Energy,1-10,Website,Lead,Growth Ops,2026-01-16,2026-03-27,None,No Action Needed,Ready,No,100.0
CRM-000182,Lighthouse Studios,Ines Kerr,ines.kerr@lighthousestudios.example,+1 702 555 0144,United States,Media,1000+,Website,Lead,Partnerships,2026-01-16,2026-09-22,None,No Action Needed,Ready,No,100.0
CRM-000183,Ashford Systems,Alicia Fischer,alicia.fischer@ashfordsystems.example,+1 737 555 0140,United States,Technology,1-10,Event,Opportunity,Partnerships,2026-01-16,2026-08-29,None,No Action Needed,Ready,No,100.0
CRM-000184,Willow Staffing,Priya Ortega,priya.ortega@willowstaffing.example,+1 512 555 0156,United States,Professional Services,1-10,Website,Lead,Partnerships,2026-01-16,2026-05-26,None,No Action Needed,Ready,No,100.0
CRM-000185,Olive Works,Mateo Abbott,mateo.abbott@oliveworks.example,+1 312 555 0134,United States,Manufacturing,1000+,Website,Customer,Sales Ops,2026-01-16,2026-09-01,None,No Action Needed,Ready,No,100.0
CRM-000186,Quarry Packaging,Rosa Jordan,rosa.jordan@quarrypackaging.example,+1 516 555 0106,United States,Manufacturing,1-10,Event,SQL,Marketing Ops,2026-01-16,2026-04-29,None,No Action Needed,Ready,No,100.0
CRM-000187,Keystone Energy,Aaron Lowe,aaron.lowe@keystoneenergy.example,+1 901 555 0190,United States,Energy,51-200,Website,Customer,Customer Success,2026-01-17,2026-08-02,None,No Action Needed,Ready,No,100.0
CRM-000188,Granite Labs,Kai Ellis,kai.ellis@granitelabs.example,+1 702 555 0105,United States,Technology,11-50,Referral,Customer,Sales Ops,2026-01-17,2026-03-06,Missing Industry,Enriched,Ready,No,100.0
CRM-000189,Pinecrest Supply,Mateo Okafor,mateo.okafor@pinecrestsupply.example,+1 516 555 0149,United States,Logistics,11-50,Webinar,Lead,Partnerships,2026-01-17,2026-04-24,None,No Action Needed,Ready,No,100.0
CRM-000190,Unity Solutions,Ravi Quinn,,+1 646 555 0113,United States,Technology,1-10,Outbound,MQL,Marketing Ops,2026-01-17,2026-03-18,Invalid Email,Owner Follow-up,Needs Follow-up,Yes,87.5
CRM-000191,Maple Group,Mateo Gallo,mateo.gallo@maplegroup.example,+1 503 555 0179,United States,Professional Services,1-10,Website,SQL,Marketing Ops,2026-01-17,2026-09-19,None,No Action Needed,Ready,No,100.0
CRM-000192,Umber Finance,Sofia Keller,sofia.keller@umberfinance.example,+1 949 555 0110,United States,Finance,1-10,Website,Lead,Growth Ops,2026-01-17,2026-04-02,None,No Action Needed,Ready,No,100.0
CRM-000193,Silverline Group,Ethan Novak,ethan.novak@silverlinegroup.example,+1 512 555 0183,United States,Professional Services,11-50,Referral,Lead,Marketing Ops,2026-01-17,2026-08-26,None,No Action Needed,Ready,No,100.0
CRM-000194,Pinecrest Packaging,Victor Barnes,victor.barnes@pinecrestpackaging.example,+1 619 555 0115,United States,Manufacturing,11-50,Website,MQL,Growth Ops,2026-01-17,2026-08-01,Company Casing,Standardized,Ready,No,100.0
CRM-000195,Fairview Consulting,Liam Nolan,liam.nolan@fairviewconsulting.example,+1 720 555 0187,United States,Professional Services,1-10,Website,Lead,Marketing Ops,2026-01-17,2026-06-23,Duplicate Email,Merged,Ready,No,100.0
CRM-000196,Vantage Solutions,Jonah Mercer,jonah.mercer@vantagesolutions.example,+1 469 555 0147,United States,Technology,11-50,Partner,Opportunity,Growth Ops,2026-01-17,2026-03-03,None,No Action Needed,Ready,No,100.0
CRM-000197,Wexford Packaging,Omar Young,omar.young@wexfordpackaging.example,+1 516 555 0128,United States,Manufacturing,11-50,Referral,MQL,Sales Ops,2026-01-17,2026-03-29,None,No Action Needed,Ready,No,100.0
CRM-000198,Beacon Foods,Victor Chandra,victor.chandra@beaconfoods.example,+1 303 555 0193,United States,Retail,201-1000,Website,SQL,Growth Ops,2026-01-17,2026-06-22,Duplicate Company,Merged,Ready,No,100.0
CRM-000199,Orchard Security,Victor Young,victor.young@orchardsecurity.example,+44 20 7946 0655,United Kingdom,Technology,1-10,Event,SQL,Growth Ops,2026-01-17,2026-03-30,None,No Action Needed,Ready,No,100.0
CRM-000200,Oxbow Networks,Ella Dawson,ella.dawson@oxbownetworks.example,+1 415 555 0148,United States,Technology,11-50,Webinar,SQL,Customer Success,2026-01-17,2026-05-20,None,No Action Needed,Ready,No,100.0
CRM-000201,Vantage Consulting,Victor Jordan,victor.jordan@vantageconsulting.example,+1 469 555 0180,United States,Professional Services,1-10,Website,Opportunity,Growth Ops,2026-01-18,2026-02-28,Missing Industry,Enriched,Ready,No,100.0
CRM-000202,Norwood Software,Amara Jensen,amara.jensen@norwoodsoftware.example,+1 619 555 0108,United States,Technology,51-200,Partner,Lead,Customer Success,2026-01-18,2026-05-31,None,No Action Needed,Ready,No,100.0
CRM-000203,Tamarack Motors,Daniel Delgado,daniel.delgado@tamarackmotors.example,+1 619 555 0156,United States,Manufacturing,51-200,Website,SQL,Partnerships,2026-01-18,2026-08-23,None,No Action Needed,Ready,No,100.0
CRM-000204,Unity Supply,Marcus Mercer,marcus.mercer@unitysupply.example,+44 20 7946 0656,United Kingdom,Logistics,11-50,Event,Customer,Customer Success,2026-01-18,2026-05-12,None,No Action Needed,Ready,No,100.0
CRM-000205,Horizon Foods,Victor Dawson,victor.dawson@horizonfoods.example,+1 305 555 0126,United States,Retail,1000+,Partner,MQL,Growth Ops,2026-01-18,2026-02-22,None,No Action Needed,Ready,No,100.0
CRM-000206,Silverline Staffing,Hugo Vaughn,hugo.vaughn@silverlinestaffing.example,+1 720 555 0124,United States,Professional Services,11-50,Website,Customer,Growth Ops,2026-01-18,2026-09-26,None,No Action Needed,Ready,No,100.0
CRM-000207,Umber Systems,Omar Grant,omar.grant@umbersystems.example,+1 425 555 0146,United States,Technology,11-50,Webinar,SQL,Partnerships,2026-01-18,2026-06-08,Invalid Email,Standardized,Ready,No,100.0
CRM-000208,Maple Partners,Leah Patel,leah.patel@maplepartners.example,+1 503 555 0193,United States,Professional Services,11-50,Referral,Opportunity,Customer Success,2026-01-18,2026-05-17,None,No Action Needed,Ready,No,100.0
CRM-000209,Unity Robotics,Omar Ivers,omar.ivers@unityrobotics.example,+1 925 555 0189,United States,Technology,51-200,Referral,Customer,Growth Ops,2026-01-18,2026-03-04,None,No Action Needed,Ready,No,100.0
CRM-000210,Skyline Systems,Tessa Vaughn,tessa.vaughn@skylinesystems.example,+1 628 555 0158,United States,Technology,201-1000,Outbound,Lead,Marketing Ops,2026-01-18,2026-03-10,None,No Action Needed,Ready,No,100.0
CRM-000211,Ironwood Networks,Grace Grant,grace.grant@ironwoodnetworks.example,+1 469 555 0139,United States,Technology,201-1000,Website,Opportunity,Growth Ops,2026-01-18,2026-04-08,Duplicate Email,Merged,Ready,No,100.0
CRM-000212,Umber Software,Noah Delgado,noah.delgado@umbersoftware.example,+1 858 555 0102,United States,Technology,1-10,Webinar,MQL,Partnerships,2026-01-18,2026-06-06,None,No Action Needed,Ready,No,100.0
CRM-000213,Thornfield Finance,Marcus Gallo,marcus.gallo@thornfieldfinance.example,+1 469 555 0119,United States,Finance,1-10,Event,MQL,Growth Ops,2026-01-18,2026-06-19,Duplicate Company,Merged,Ready,No,100.0
CRM-000214,Cobalt Foods,Noah Delgado,noah.delgado@cobaltfoods.example,+1 925 555 0119,United States,Retail,201-1000,Event,Opportunity,Partnerships,2026-01-19,2026-08-30,None,No Action Needed,Ready,No,100.0
CRM-000215,Tidewater Health,Kai Patel,kai.patel@tidewaterhealth.example,+44 20 7946 0398,United Kingdom,Healthcare,11-50,Partner,SQL,Partnerships,2026-01-19,2026-08-31,Invalid Email,Standardized,Ready,No,100.0
CRM-000216,Harbor Marketing,Tessa Fischer,,+1 469 555 0134,United States,Media,1-10,Outbound,Lead,Customer Success,2026-01-19,2026-06-27,Missing Email,Owner Follow-up,Needs Follow-up,Yes,87.5
CRM-000217,Aspen Capital,Maya Walsh,maya.walsh@aspencapital.example,+1 310 555 0111,United States,Finance,1-10,Outbound,SQL,Partnerships,2026-01-19,2026-02-11,None,No Action Needed,Ready,No,100.0
CRM-000218,Fairview Foods,Ravi Carter,ravi.carter@fairviewfoods.example,+1 516 555 0112,United States,Retail,11-50,Website,Customer,Growth Ops,2026-01-19,2026-02-12,Missing Phone,Enriched,Ready,No,100.0
CRM-000219,Nimbus Systems,Kai Brooks,kai.brooks@nimbussystems.example,+1 516 555 0100,United States,Technology,11-50,Referral,Opportunity,Growth Ops,2026-01-19,2026-06-13,Phone Format,Standardized,Ready,No,100.0
CRM-000220,Ironbridge Labs,Ella Mercer,ella.mercer@ironbridgelabs.example,+1 713 555 0133,United States,Technology,1-10,Partner,Lead,Partnerships,2026-01-19,2026-02-12,None,No Action Needed,Ready,No,100.0
CRM-000221,Umber Industries,Hugo Tanaka,hugo.tanaka@umberindustries.example,+1 305 555 0145,United States,Manufacturing,1-10,Website,SQL,Partnerships,2026-01-19,2026-05-03,None,No Action Needed,Ready,No,100.0
CRM-000222,Westbrook Health,Aaron Turner,aaron.turner@westbrookhealth.example,+1 514 555 0104,Canada,Healthcare,201-1000,Partner,MQL,Partnerships,2026-01-19,2026-09-04,None,No Action Needed,Ready,No,100.0
CRM-000223,Eastgate Health,Clara Sutton,clara.sutton@eastgatehealth.example,+1 720 555 0118,United States,Healthcare,1-10,Website,SQL,Marketing Ops,2026-01-19,2026-08-05,None,No Action Needed,Ready,No,100.0
CRM-000224,Hawthorn Packaging,Jonah Tanaka,jonah.tanaka@hawthornpackaging.example,+1 305 555 0142,United States,Manufacturing,11-50,Outbound,Customer,Growth Ops,2026-01-19,2026-04-15,None,No Action Needed,Ready,No,100.0
CRM-000225,Quarry Analytics,Jonah Okafor,jonah.okafor@quarryanalytics.example,+1 613 555 0150,Canada,Technology,11-50,Referral,Lead,Partnerships,2026-01-19,2026-05-27,Company Casing,Standardized,Ready,No,100.0
CRM-000226,Marlow Cloud,Clara Lowe,clara.lowe@marlowcloud.example,+1 416 555 0119,Canada,Technology,51-200,Event,Lead,Marketing Ops,2026-01-19,2026-04-24,None,No Action Needed,Ready,No,100.0
CRM-000227,Ironbridge Energy,Noah Kerr,noah.kerr@ironbridgeenergy.example,+1 737 555 0192,United States,Energy,1-10,Outbound,MQL,Partnerships,2026-01-20,2026-09-02,None,No Action Needed,Ready,No,100.0
CRM-000228,Prairie Finance,Ravi Sutton,ravi.sutton@prairiefinance.example,+44 20 7946 0170,United Kingdom,Finance,1-10,Referral,Customer,Growth Ops,2026-01-20,2026-04-21,None,No Action Needed,Ready,No,100.0
CRM-000229,Skyline Packaging,Theo Foster,theo.foster@skylinepackaging.example,+1 713 555 0178,United States,Manufacturing,11-50,Website,SQL,Partnerships,2026-01-20,2026-02-07,None,No Action Needed,Ready,No,100.0
CRM-000230,Lighthouse Cloud,Ethan Chandra,ethan.chandra@lighthousecloud.example,+44 20 7946 0968,United Kingdom,Technology,11-50,Outbound,SQL,Customer Success,2026-01-20,2026-07-24,None,No Action Needed,Ready,No,100.0
CRM-000231,Crestview Health,Jonah Tanaka,jonah.tanaka@crestviewhealth.example,+44 20 7946 0636,United Kingdom,Healthcare,201-1000,Referral,Opportunity,Growth Ops,2026-01-20,2026-04-26,None,No Action Needed,Ready,No,100.0
CRM-000232,Dovetail Realty,Nina Rowe,nina.rowe@dovetailrealty.example,+1 702 555 0134,United States,Professional Services,1-10,Website,Lead,Customer Success,2026-01-21,2026-08-28,Duplicate Email,Merged,Ready,No,100.0
CRM-000233,Ashford Design,Daniel Keller,daniel.keller@ashforddesign.example,+1 206 555 0198,United States,Media,1000+,Website,Opportunity,Customer Success,2026-01-21,2026-04-20,None,No Action Needed,Ready,No,100.0
CRM-000234,Indigo Cloud,Dylan Ellis,dylan.ellis@indigocloud.example,+1 310 555 0103,United States,Technology,1-10,Referral,Customer,Marketing Ops,2026-01-21,2026-02-12,None,No Action Needed,Ready,No,100.0
CRM-000235,Dovetail Health,Ines Jordan,ines.jordan@dovetailhealth.example,+1 628 555 0103,United States,Healthcare,1-10,Referral,Lead,Customer Success,2026-01-21,2026-08-04,None,No Action Needed,Ready,No,100.0
CRM-000236,Evergreen Realty,Lucas Kerr,lucas.kerr@evergreenrealty.example,+1 206 555 0100,United States,Professional Services,1-10,Partner,Lead,Marketing Ops,2026-01-21,2026-09-08,None,No Action Needed,Ready,No,100.0
CRM-000237,Evergreen Security,Omar Grant,omar.grant@evergreensecurity.example,,United Kingdom,Technology,201-1000,Webinar,Customer,Sales Ops,2026-01-21,2026-06-21,Missing Phone,Owner Follow-up,Needs Follow-up,Yes,87.5
CRM-000238,Kenwood Insurance,Aaron Pruitt,aaron.pruitt@kenwoodinsurance.example,+1 613 555 0157,Canada,Finance,11-50,Outbound,MQL,Partnerships,2026-01-21,2026-02-18,Missing Email,Enriched,Ready,No,100.0
CRM-000239,Yarrow Security,Hugo Jensen,hugo.jensen@yarrowsecurity.example,+1 416 555 0176,Canada,Technology,1-10,Referral,SQL,Marketing Ops,2026-01-21,2026-08-06,None,No Action Needed,Ready,No,100.0
CRM-000240,Ulster Services,Dylan Walsh,dylan.walsh@ulsterservices.example,+1 212 555 0144,United States,Professional Services,1-10,Webinar,Lead,Partnerships,2026-01-21,2026-07-14,None,No Action Needed,Ready,No,100.0
CRM-000241,Tidewater Retail,Julia Irving,julia.irving@tidewaterretail.example,+1 917 555 0173,United States,Retail,1-10,Event,Customer,Growth Ops,2026-01-21,2026-03-30,None,No Action Needed,Ready,No,100.0
CRM-000242,Pioneer Media,Amara Morgan,amara.morgan@pioneermedia.example,,United States,Media,51-200,Outbound,Lead,Marketing Ops,2026-01-21,2026-02-19,Missing Phone,Owner Follow-up,Needs Follow-up,Yes,87.5
CRM-000243,Tidewater Realty,Sofia Lowe,sofia.lowe@tidewaterrealty.example,+1 613 555 0179,Canada,Professional Services,11-50,Referral,Opportunity,Customer Success,2026-01-21,2026-04-11,None,No Action Needed,Ready,No,100.0
CRM-000244,Sterling Robotics,Naomi Kerr,naomi.kerr@sterlingrobotics.example,+1 602 555 0109,United States,Technology,11-50,Outbound,SQL,Sales Ops,2026-01-22,2026-03-29,None,No Action Needed,Ready,No,100.0
CRM-000245,Pinecrest Textiles,Lucas Mercer,lucas.mercer@pinecresttextiles.example,+1 514 555 0183,Canada,Manufacturing,1000+,Outbound,Lead,Customer Success,2026-01-22,2026-06-12,None,No Action Needed,Ready,No,100.0
CRM-000246,Inlet Partners,Ava Turner,ava.turner@inletpartners.example,+1 602 555 0184,United States,,11-50,Website,Opportunity,Sales Ops,2026-01-22,2026-09-29,Missing Industry,Owner Follow-up,Needs Follow-up,Yes,87.5
CRM-000247,Juniper Energy,Ines Ivers,ines.ivers@juniperenergy.example,+44 20 7946 0502,United Kingdom,Energy,1-10,Website,Lead,Partnerships,2026-01-22,2026-08-12,Invalid Email,Standardized,Ready,No,100.0
CRM-000248,Oakridge Education,Grace Shah,grace.shah@oakridgeeducation.example,+1 917 555 0122,United States,Education,11-50,Outbound,Opportunity,Partnerships,2026-01-22,2026-06-18,None,No Action Needed,Ready,No,100.0
CRM-000249,Westbrook Robotics,Hugo Abbott,hugo.abbott@westbrookrobotics.example,+1 628 555 0132,United States,Technology,11-50,Event,SQL,Customer Success,2026-01-22,2026-02-14,None,No Action Needed,Ready,No,100.0
CRM-000250,Trailhead Supply,Marcus Ellis,marcus.ellis@trailheadsupply.example,+44 20 7946 0912,United Kingdom,Logistics,11-50,Website,SQL,Growth Ops,2026-01-22,2026-05-08,None,No Action Needed,Ready,No,100.0
CRM-000251,Ironwood Logistics,Leah Morgan,leah.morgan@ironwoodlogistics.example,+1 917 555 0134,United States,Logistics,1-10,Webinar,Customer,Partnerships,2026-01-22,2026-02-24,None,No Action Needed,Ready,No,100.0
CRM-000252,Verdant Education,Jonah Carter,jonah.carter@verdanteducation.example,+1 514 555 0155,Canada,Education,11-50,Event,SQL,Marketing Ops,2026-01-22,2026-07-17,Invalid Email,Standardized,Ready,No,100.0
CRM-000253,Zenith Security,Aaron Fischer,aaron.fischer@zenithsecurity.example,+1 619 555 0174,United States,Technology,1-10,Webinar,SQL,Sales Ops,2026-01-22,2026-01-30,None,No Action Needed,Ready,No,100.0
CRM-000254,Stonebridge Consulting,Daniel Everett,daniel.everett@stonebridgeconsulting.example,+1 925 555 0166,United States,Professional Services,51-200,Webinar,Lead,Sales Ops,2026-01-22,2026-01-28,None,No Action Needed,Ready,No,100.0
CRM-000255,Summit Software,Jonah Quinn,jonah.quinn@summitsoftware.example,+1 604 555 0159,Canada,Technology,201-1000,Event,MQL,Partnerships,2026-01-23,2026-07-26,None,No Action Needed,Ready,No,100.0
CRM-000256,Brightpath Energy,Lena Reeves,lena.reeves@brightpathenergy.example,+1 619 555 0121,United States,Energy,11-50,Referral,Customer,Partnerships,2026-01-23,2026-07-30,None,No Action Needed,Ready,No,100.0
CRM-000257,Harbor Systems,Sofia Delgado,sofia.delgado@harborsystems.example,+1 737 555 0133,United States,Technology,11-50,Outbound,Lead,Partnerships,2026-01-23,2026-08-09,None,No Action Needed,Ready,No,100.0
CRM-000258,Gladstone Analytics,Ravi Nolan,ravi.nolan@gladstoneanalytics.example,+1 646 555 0191,United States,Technology,1-10,Outbound,Customer,Partnerships,2026-01-23,2026-04-27,None,No Action Needed,Ready,No,100.0
CRM-000259,Kingfisher Studios,Naomi Novak,,+1 516 555 0125,United States,Media,1-10,Webinar,Lead,Customer Success,2026-01-23,2026-05-01,Missing Email,Owner Follow-up,Needs Follow-up,Yes,87.5
CRM-000260,Nimbus Security,Sofia Lawson,sofia.lawson@nimbussecurity.example,+1 617 555 0161,United States,Technology,1-10,Partner,MQL,Marketing Ops,2026-01-23,2026-05-22,None,No Action Needed,Ready,No,100.0
CRM-000261,Verdant Marketing,Rosa Foster,rosa.foster@verdantmarketing.example,+1 212 555 0158,United States,Media,1-10,Partner,Opportunity,Partnerships,2026-01-23,2026-09-15,None,No Action Needed,Ready,No,100.0
CRM-000262,Windmill Staffing,Priya Foster,priya.foster@windmillstaffing.example,+1 971 555 0147,United States,Professional Services,51-200,Website,SQL,Marketing Ops,2026-01-23,2026-03-23,None,No Action Needed,Ready,No,100.0
CRM-000263,Ironbridge Solutions,Theo Patel,theo.patel@ironbridgesolutions.example,,United States,Technology,11-50,Referral,Lead,Marketing Ops,2026-01-23,2026-08-15,Missing Phone,Owner Follow-up,Needs Follow-up,Yes,87.5
CRM-000264,Alder Realty,Felix Fischer,felix.fischer@alderrealty.example,+1 310 555 0153,United States,Professional Services,1-10,Referral,MQL,Growth Ops,2026-01-23,2026-08-26,None,No Action Needed,Ready,No,100.0
CRM-000265,Lakeshore Travel,Zara Ortega,zara.ortega@lakeshoretravel.example,+1 416 555 0157,Canada,Logistics,201-1000,Website,Opportunity,Customer Success,2026-01-23,2026-03-02,None,No Action Needed,Ready,No,100.0
CRM-000266,Bayview Solutions,Amara Shah,amara.shah@bayviewsolutions.example,+44 20 7946 0226,United Kingdom,Technology,201-1000,Referral,MQL,Partnerships,2026-01-24,2026-08-21,None,No Action Needed,Ready,No,100.0
CRM-000267,Lighthouse Foods,Lena Nolan,lena.nolan@lighthousefoods.example,+1 971 555 0153,United States,Retail,51-200,Outbound,Opportunity,Growth Ops,2026-01-24,2026-06-16,Invalid Email,Standardized,Ready,No,100.0
CRM-000268,Millbrook Marketing,Tessa Okafor,tessa.okafor@millbrookmarketing.example,+1 925 555 0143,United States,Media,51-200,Website,MQL,Sales Ops,2026-01-24,2026-04-08,None,No Action Needed,Ready,No,100.0
CRM-000269,Quill Capital,Victor Barnes,victor.barnes@quillcapital.example,,United States,Finance,11-50,Webinar,Lead,Partnerships,2026-01-24,2026-02-27,Missing Phone,Owner Follow-up,Needs Follow-up,Yes,87.5
CRM-000270,Ashford Consulting,Dylan Mercer,dylan.mercer@ashfordconsulting.example,+1 206 555 0158,United States,Professional Services,1-10,Website,MQL,Marketing Ops,2026-01-24,2026-04-05,None,No Action Needed,Ready,No,100.0
CRM-000271,Sable Networks,Theo Quinn,theo.quinn@sablenetworks.example,+1 305 555 0135,United States,Technology,1-10,Outbound,Lead,Growth Ops,2026-01-24,2026-04-30,None,No Action Needed,Ready,No,100.0
CRM-000272,Vista Finance,Clara Lawson,clara.lawson@vistafinance.example,+1 617 555 0160,United States,Finance,1-10,Referral,Lead,Customer Success,2026-01-24,2026-05-10,None,No Action Needed,Ready,No,100.0
CRM-000275,Redwood Design,Marcus Turner,marcus.turner@redwooddesign.example,,United States,Media,51-200,Website,MQL,Partnerships,2026-01-25,2026-07-02,Missing Phone,Owner Follow-up,Needs Follow-up,Yes,87.5
CRM-000276,Brightpath Finance,Victor Ellis,victor.ellis@brightpathfinance.example,+1 917 555 0189,United States,Finance,1-10,Webinar,Customer,Customer Success,2026-01-25,2026-08-30,None,No Action Needed,Ready,No,100.0
CRM-000277,Clearwater Networks,Lena Rowe,lena.rowe@clearwaternetworks.example,+1 425 555 0110,United States,Technology,1-10,Outbound,Lead,Partnerships,2026-01-25,2026-02-22,None,No Action Needed,Ready,No,100.0
CRM-000278,Orchard Labs,Leah Ivers,leah.ivers@orchardlabs.example,+1 604 555 0154,Canada,Technology,51-200,Webinar,MQL,Marketing Ops,2026-01-25,2026-08-15,None,No Action Needed,Ready,No,100.0
CRM-000279,Sterling Analytics,Sofia Hartley,,+1 516 555 0152,United States,Technology,1000+,Outbound,SQL,Growth Ops,2026-01-25,2026-08-09,Invalid Email,Owner Follow-up,Needs Follow-up,Yes,87.5
CRM-000280,Peakview Pharma,Isaac Tanaka,isaac.tanaka@peakviewpharma.example,+1 212 555 0155,United States,Healthcare,11-50,Webinar,Lead,Customer Success,2026-01-25,2026-03-16,None,No Action Needed,Ready,No,100.0
CRM-000281,Indigo Logistics,Julia Patel,julia.patel@indigologistics.example,+1 303 555 0151,United States,Logistics,51-200,Outbound,Opportunity,Marketing Ops,2026-01-25,2026-08-16,None,No Action Needed,Ready,No,100.0
CRM-000282,Westbrook Finance,Aaron Abbott,aaron.abbott@westbrookfinance.example,+1 613 555 0147,Canada,Finance,51-200,Website,Lead,Customer Success,2026-01-25,2026-09-07,None,No Action Needed,Ready,No,100.0
CRM-000283,Valley Industries,Felix Lowe,felix.lowe@valleyindustries.example,+1 206 555 0167,United States,Manufacturing,11-50,Outbound,SQL,Partnerships,2026-01-25,2026-07-04,None,No Action Needed,Ready,No,100.0
CRM-000284,Westbrook Travel,Isaac Hartley,isaac.hartley@westbrooktravel.example,+1 813 555 0198,United States,Logistics,11-50,Website,Lead,Marketing Ops,2026-01-25,2026-03-25,None,No Action Needed,Ready,No,100.0
CRM-000285,Vista Insurance,Jonah Keller,jonah.keller@vistainsurance.example,+1 503 555 0149,United States,Finance,201-1000,Outbound,Customer,Sales Ops,2026-01-25,2026-04-07,None,No Action Needed,Ready,No,100.0
CRM-000286,Granite Realty,Hana Reeves,hana.reeves@graniterealty.example,+1 901 555 0103,United States,Professional Services,51-200,Website,Lead,Sales Ops,2026-01-25,2026-08-06,Missing Phone,Enriched,Ready,No,100.0
CRM-000289,Pioneer Partners,Tessa Ortega,tessa.ortega@pioneerpartners.example,+1 617 555 0171,United States,Professional Services,1-10,Website,Opportunity,Customer Success,2026-01-26,2026-05-06,None,No Action Needed,Ready,No,100.0
CRM-000290,Newport Studios,Daniel Tanaka,daniel.tanaka@newportstudios.example,+1 303 555 0177,United States,Media,11-50,Webinar,Lead,Sales Ops,2026-01-26,2026-06-30,Missing Email,Enriched,Ready,No,100.0
CRM-000291,Hawthorn Works,Mira Grant,mira.grant@hawthornworks.example,+1 858 555 0158,United States,Manufacturing,51-200,Outbound,Opportunity,Marketing Ops,2026-01-26,2026-04-10,None,No Action Needed,Ready,No,100.0
CRM-000292,Landmark Insurance,Lucas Delgado,lucas.delgado@landmarkinsurance.example,+44 20 7946 0923,United Kingdom,Finance,1-10,Event,SQL,Sales Ops,2026-01-26,2026-02-09,Phone Format,Standardized,Ready,No,100.0
CRM-000293,Cobalt Services,Marcus Grant,marcus.grant@cobaltservices.example,+1 516 555 0182,United States,Professional Services,11-50,Outbound,Customer,Customer Success,2026-01-26,2026-04-09,None,No Action Needed,Ready,No,100.0
CRM-000294,Ridgeline Realty,Priya Ivers,priya.ivers@ridgelinerealty.example,+1 415 555 0159,United States,Professional Services,201-1000,Website,Lead,Growth Ops,2026-01-26,2026-07-23,None,No Action Needed,Ready,No,100.0
CRM-000295,Wexford Logistics,Noah Kerr,noah.kerr@wexfordlogistics.example,+1 425 555 0182,United States,Logistics,51-200,Referral,MQL,Growth Ops,2026-01-26,2026-06-30,None,No Action Needed,Ready,No,100.0
CRM-000296,Foxglove Analytics,Hana Grant,hana.grant@foxgloveanalytics.example,+1 503 555 0107,United States,Technology,1-10,Event,MQL,Growth Ops,2026-01-26,2026-05-26,None,No Action Needed,Ready,No,100.0
CRM-000297,Zenith Finance,Rosa Lowe,rosa.lowe@zenithfinance.example,+1 702 555 0102,United States,Finance,51-200,Webinar,Lead,Partnerships,2026-01-26,2026-03-01,None,No Action Needed,Ready,No,100.0
CRM-000298,Atlas Design,Caleb Sutton,caleb.sutton@atlasdesign.example,+1 404 555 0176,United States,Media,51-200,Event,MQL,Partnerships,2026-01-26,2026-01-29,None,No Action Needed,Ready,No,100.0
CRM-000299,Cascade Capital,Mateo Dawson,mateo.dawson@cascadecapital.example,+1 737 555 0128,United States,Finance,11-50,Website,Customer,Growth Ops,2026-01-26,2026-05-31,None,No Action Needed,Ready,No,100.0
CRM-000300,Bayview Consulting,Amara Jordan,amara.jordan@bayviewconsulting.example,+1 617 555 0164,United States,Professional Services,201-1000,Referral,Lead,Growth Ops,2026-01-27,2026-04-29,Missing Industry,Enriched,Ready,No,100.0
CRM-000301,Gladstone Labs,Noah Ivers,noah.ivers@gladstonelabs.example,+1 713 555 0180,United States,Technology,51-200,Website,SQL,Customer Success,2026-01-27,2026-06-27,None,No Action Needed,Ready,No,100.0
CRM-000302,Umber Security,Clara Grant,clara.grant@umbersecurity.example,+1 702 555 0196,United States,Technology,201-1000,Event,Lead,Partnerships,2026-01-27,2026-09-21,None,No Action Needed,Ready,No,100.0
CRM-000303,Quarry Consulting,Ethan Turner,ethan.turner@quarryconsulting.example,+1 305 555 0155,United States,Professional Services,51-200,Webinar,SQL,Growth Ops,2026-01-27,2026-05-05,None,No Action Needed,Ready,No,100.0
CRM-000304,Hollis Travel,Ava Dawson,ava.dawson@hollistravel.example,+44 20 7946 0764,United Kingdom,Logistics,11-50,Outbound,Customer,Growth Ops,2026-01-27,2026-07-13,None,No Action Needed,Ready,No,100.0
CRM-000305,Unity Services,Alicia Lowe,alicia.lowe@unityservices.example,+1 503 555 0196,United States,Professional Services,51-200,Webinar,Opportunity,Marketing Ops,2026-01-27,2026-05-26,None,No Action Needed,Ready,No,100.0
CRM-000306,Vista Education,Nina Hayes,nina.hayes@vistaeducation.example,+1 310 555 0180,United States,Education,11-50,Outbound,Customer,Customer Success,2026-01-27,2026-03-04,Missing Industry,Enriched,Ready,No,100.0
CRM-000307,Verdant Cloud,Rosa Foster,rosa.foster@verdantcloud.example,+1 415 555 0196,United States,Technology,1-10,Website,MQL,Customer Success,2026-01-27,2026-09-15,None,No Action Needed,Ready,No,100.0
CRM-000309,Aspen Networks,Mateo Sutton,mateo.sutton@aspennetworks.example,+1 619 555 0148,United States,Technology,51-200,Outbound,Lead,Sales Ops,2026-01-28,2026-05-03,Phone Format,Standardized,Ready,No,100.0
CRM-000310,Jasper Supply,Amara Chandra,amara.chandra@jaspersupply.example,+1 512 555 0163,United States,Logistics,201-1000,Referral,SQL,Marketing Ops,2026-01-28,2026-06-05,None,No Action Needed,Ready,No,100.0
CRM-000311,Pioneer Services,Liam Everett,liam.everett@pioneerservices.example,+1 480 555 0147,United States,Professional Services,1000+,Event,Opportunity,Sales Ops,2026-01-28,2026-05-07,Company Casing,Standardized,Ready,No,100.0
CRM-000312,Redwood Health,Tessa Brooks,tessa.brooks@redwoodhealth.example,+1 949 555 0100,United States,Healthcare,201-1000,Outbound,SQL,Partnerships,2026-01-28,2026-02-22,None,No Action Needed,Ready,No,100.0
CRM-000313,Zephyr Capital,Clara Foster,clara.foster@zephyrcapital.example,+1 206 555 0106,United States,Finance,1-10,Referral,MQL,Sales Ops,2026-01-28,2026-07-16,Missing Industry,Enriched,Ready,No,100.0
CRM-000314,Rosewood Security,Leah Dawson,leah.dawson@rosewoodsecurity.example,+1 628 555 0163,United States,Technology,51-200,Website,MQL,Sales Ops,2026-01-28,2026-09-25,None,No Action Needed,Ready,No,100.0
CRM-000315,Alder Logistics,Daniel Morgan,daniel.morgan@alderlogistics.example,+1 310 555 0144,United States,Logistics,51-200,Referral,MQL,Marketing Ops,2026-01-29,2026-03-04,Company Casing,Standardized,Ready,No,100.0
CRM-000316,Upland Works,Naomi Jordan,naomi.jordan@uplandworks.example,+1 949 555 0176,United States,Manufacturing,11-50,Website,Lead,Customer Success,2026-01-29,2026-06-03,Missing Industry,Enriched,Ready,No,100.0
CRM-000317,Verdant Capital,Ella Delgado,ella.delgado@verdantcapital.example,+1 602 555 0132,United States,Finance,51-200,Website,SQL,Growth Ops,2026-01-29,2026-07-18,Phone Format,Standardized,Ready,No,100.0
CRM-000318,Meridian Capital,Kai Irving,kai.irving@meridiancapital.example,+1 971 555 0175,United States,Finance,201-1000,Referral,SQL,Customer Success,2026-01-29,2026-04-09,None,No Action Needed,Ready,No,100.0
CRM-000319,Keystone Staffing,Mateo Jordan,mateo.jordan@keystonestaffing.example,+1 403 555 0132,Canada,,1000+,Outbound,MQL,Marketing Ops,2026-01-29,2026-04-16,Missing Industry,Owner Follow-up,Needs Follow-up,Yes,87.5
CRM-000320,Jasper Studios,Naomi Turner,naomi.turner@jasperstudios.example,+1 971 555 0117,United States,Media,51-200,Outbound,MQL,Sales Ops,2026-01-29,2026-07-01,Invalid Email,Standardized,Ready,No,100.0
CRM-000321,Goldcrest Robotics,Omar Turner,omar.turner@goldcrestrobotics.example,+1 312 555 0130,United States,Technology,11-50,Outbound,Customer,Customer Success,2026-01-29,2026-03-03,None,No Action Needed,Ready,No,100.0
CRM-000322,Crestview Industries,Leah Ivers,leah.ivers@crestviewindustries.example,+1 613 555 0153,Canada,Manufacturing,201-1000,Website,MQL,Sales Ops,2026-01-29,2026-07-14,None,No Action Needed,Ready,No,100.0
CRM-000323,Fairview Supply,Grace Chandra,grace.chandra@fairviewsupply.example,+1 303 555 0131,United States,Logistics,1-10,Webinar,MQL,Sales Ops,2026-01-29,2026-05-25,Phone Format,Standardized,Ready,No,100.0
CRM-000324,Falcon Foods,Jonah Lawson,jonah.lawson@falconfoods.example,+1 737 555 0138,United States,Retail,51-200,Referral,SQL,Partnerships,2026-01-30,2026-05-21,Company Casing,Standardized,Ready,No,100.0
CRM-000325,Upland Supply,Leah Jordan,leah.jordan@uplandsupply.example,+1 503 555 0154,United States,Logistics,11-50,Referral,SQL,Partnerships,2026-01-30,2026-06-16,Duplicate Email,Merged,Ready,No,100.0
CRM-000326,Northstar Health,Jonah Lawson,jonah.lawson@northstarhealth.example,+1 512 555 0168,United States,Healthcare,51-200,Webinar,MQL,Customer Success,2026-01-30,2026-06-20,Company Casing,Standardized,Ready,No,100.0
CRM-000327,Glenmore Consulting,Ella Nolan,ella.nolan@glenmoreconsulting.example,+1 613 555 0146,Canada,Professional Services,1-10,Outbound,Lead,Partnerships,2026-01-31,2026-08-20,Missing Email,Enriched,Ready,No,100.0
CRM-000328,Quartz Staffing,Mateo Jordan,mateo.jordan@quartzstaffing.example,+1 628 555 0167,United States,Professional Services,11-50,Referral,Lead,Partnerships,2026-01-31,2026-08-12,None,No Action Needed,Ready,No,100.0
CRM-000329,Sable Works,Hana Foster,hana.foster@sableworks.example,+1 602 555 0145,United States,Manufacturing,11-50,Event,MQL,Marketing Ops,2026-01-31,2026-03-05,Phone Format,Standardized,Ready,No,100.0
CRM-000330,Jasper Media,Victor Nolan,victor.nolan@jaspermedia.example,+1 516 555 0130,United States,Media,51-200,Outbound,Opportunity,Customer Success,2026-01-31,2026-08-13,None,No Action Needed,Ready,No,100.0
CRM-000331,Alder Services,Jonah Vaughn,jonah.vaughn@alderservices.example,+1 512 555 0190,United States,Professional Services,1-10,Outbound,Opportunity,Sales Ops,2026-01-31,2026-02-27,None,No Action Needed,Ready,No,100.0
CRM-000332,Silverline Systems,Priya Kerr,priya.kerr@silverlinesystems.example,+1 602 555 0134,United States,Technology,1-10,Event,MQL,Partnerships,2026-01-31,2026-08-26,Missing Phone,Enriched,Ready,No,100.0
CRM-000333,Kestrel Staffing,Grace Brooks,grace.brooks@kestrelstaffing.example,+1 303 555 0153,United States,Professional Services,51-200,Website,Opportunity,Sales Ops,2026-01-31,2026-05-18,Invalid Email,Standardized,Ready,No,100.0
CRM-000334,Pinecrest Travel,Amara Grant,amara.grant@pinecresttravel.example,+1 901 555 0189,United States,Logistics,11-50,Website,Lead,Sales Ops,2026-01-31,2026-05-19,None,No Action Needed,Ready,No,100.0
CRM-000335,Evergreen Networks,Dylan Jensen,dylan.jensen@evergreennetworks.example,+1 949 555 0152,United States,Technology,51-200,Outbound,MQL,Growth Ops,2026-01-31,2026-06-23,Company Casing,Standardized,Ready,No,100.0
CRM-000336,Kestrel Cloud,Mira Quinn,mira.quinn@kestrelcloud.example,+1 971 555 0150,United States,Technology,1-10,Event,Lead,Marketing Ops,2026-02-01,2026-03-06,Phone Format,Standardized,Ready,No,100.0
CRM-000337,Clearwater Realty,Ava Barnes,ava.barnes@clearwaterrealty.example,+1 602 555 0123,United States,Professional Services,1-10,Webinar,Lead,Marketing Ops,2026-02-01,2026-09-18,None,No Action Needed,Ready,No,100.0
CRM-000338,Zenith Group,Ava Jensen,ava.jensen@zenithgroup.example,+44 20 7946 0009,United Kingdom,Professional Services,1-10,Outbound,Opportunity,Customer Success,2026-02-01,2026-05-18,Missing Phone,Enriched,Ready,No,100.0
CRM-000339,Goldcrest Systems,Ravi Dawson,ravi.dawson@goldcrestsystems.example,+44 20 7946 0012,United Kingdom,Technology,1-10,Outbound,SQL,Customer Success,2026-02-01,2026-05-04,None,No Action Needed,Ready,No,100.0
CRM-000340,Hawthorn Group,Julia Pruitt,julia.pruitt@hawthorngroup.example,+1 415 555 0123,United States,Professional Services,1-10,Referral,Lead,Customer Success,2026-02-01,2026-06-28,None,No Action Needed,Ready,No,100.0
CRM-000341,Verdant Supply,Caleb Lawson,caleb.lawson@verdantsupply.example,+1 617 555 0101,United States,Logistics,1-10,Outbound,Customer,Sales Ops,2026-02-01,2026-04-20,Missing Industry,Enriched,Ready,No,100.0
CRM-000342,Hawthorn Analytics,Priya Quinn,priya.quinn@hawthornanalytics.example,+1 617 555 0153,United States,Technology,1-10,Outbound,SQL,Partnerships,2026-02-01,2026-08-26,None,No Action Needed,Ready,No,100.0
CRM-000343,Ashford Partners,Amara Kerr,,+1 303 555 0162,United States,Professional Services,201-1000,Referral,SQL,Marketing Ops,2026-02-01,2026-05-31,Missing Email,Owner Follow-up,Needs Follow-up,Yes,87.5
CRM-000344,Zephyr Media,Marcus Lawson,marcus.lawson@zephyrmedia.example,+1 212 555 0178,United States,Media,201-1000,Website,Customer,Sales Ops,2026-02-01,2026-03-21,None,No Action Needed,Ready,No,100.0
CRM-000345,Larkspur Design,Victor Pruitt,victor.pruitt@larkspurdesign.example,+1 971 555 0160,United States,Media,1-10,Event,Customer,Partnerships,2026-02-01,2026-07-10,None,No Action Needed,Ready,No,100.0
CRM-000346,Stonebridge Partners,Mira Jensen,mira.jensen@stonebridgepartners.example,+1 617 555 0111,United States,Professional Services,201-1000,Website,MQL,Growth Ops,2026-02-01,2026-03-19,None,No Action Needed,Ready,No,100.0
CRM-000347,Lighthouse Logistics,Felix Okafor,,+1 617 555 0121,United States,Logistics,51-200,Website,MQL,Customer Success,2026-02-01,2026-03-03,Missing Email,Owner Follow-up,Needs Follow-up,Yes,87.5
CRM-000348,Newport Marketing,Aaron Chandra,aaron.chandra@newportmarketing.example,+1 646 555 0189,United States,Media,11-50,Website,SQL,Growth Ops,2026-02-02,2026-03-20,None,No Action Needed,Ready,No,100.0
CRM-000349,Aspen Motors,Caleb Turner,caleb.turner@aspenmotors.example,+1 619 555 0119,United States,Manufacturing,11-50,Referral,MQL,Partnerships,2026-02-02,2026-08-09,None,No Action Needed,Ready,No,100.0
CRM-000350,Kingfisher Supply,Dylan Pruitt,dylan.pruitt@kingfishersupply.example,+1 813 555 0102,United States,Logistics,1-10,Partner,SQL,Sales Ops,2026-02-02,2026-08-27,None,No Action Needed,Ready,No,100.0
CRM-000351,Indigo Security,Tessa Pruitt,tessa.pruitt@indigosecurity.example,+1 617 555 0105,United States,Technology,51-200,Referral,SQL,Growth Ops,2026-02-02,2026-02-06,None,No Action Needed,Ready,No,100.0
CRM-000352,Oakridge Energy,Naomi Carter,naomi.carter@oakridgeenergy.example,+1 425 555 0104,United States,Energy,11-50,Website,Opportunity,Customer Success,2026-02-02,2026-04-01,None,No Action Needed,Ready,No,100.0
CRM-000353,Gladstone Textiles,Dylan Kerr,dylan.kerr@gladstonetextiles.example,+1 512 555 0153,United States,Manufacturing,201-1000,Website,Customer,Marketing Ops,2026-02-02,2026-07-17,None,No Action Needed,Ready,No,100.0
CRM-000354,Nimbus Labs,Ella Ivers,,+1 702 555 0171,United States,Technology,201-1000,Event,MQL,Growth Ops,2026-02-02,2026-07-25,Invalid Email,Owner Follow-up,Needs Follow-up,Yes,87.5
CRM-000355,Oxbow Insurance,Isaac Pruitt,isaac.pruitt@oxbowinsurance.example,+1 305 555 0138,United States,Finance,11-50,Outbound,MQL,Partnerships,2026-02-02,2026-03-17,None,No Action Needed,Ready,No,100.0
CRM-000356,Upland Capital,Omar Reeves,omar.reeves@uplandcapital.example,+1 416 555 0172,Canada,Finance,1000+,Referral,Opportunity,Marketing Ops,2026-02-02,2026-04-27,Company Casing,Standardized,Ready,No,100.0
CRM-000357,Tamarack Robotics,Zara Dawson,zara.dawson@tamarackrobotics.example,+1 503 555 0138,United States,Technology,11-50,Website,SQL,Growth Ops,2026-02-03,2026-04-27,Missing Phone,Enriched,Ready,No,100.0
CRM-000358,Glenmore Studios,Owen Pruitt,owen.pruitt@glenmorestudios.example,,United States,Media,201-1000,Partner,MQL,Growth Ops,2026-02-03,2026-04-18,Missing Phone,Owner Follow-up,Needs Follow-up,Yes,87.5
CRM-000359,Kingfisher Energy,Maya Mercer,maya.mercer@kingfisherenergy.example,+1 514 555 0190,Canada,Energy,11-50,Website,SQL,Partnerships,2026-02-03,2026-03-27,Phone Format,Standardized,Ready,No,100.0
CRM-000360,Lighthouse Group,Tessa Carter,tessa.carter@lighthousegroup.example,+1 403 555 0157,Canada,Professional Services,11-50,Outbound,Lead,Growth Ops,2026-02-03,2026-09-15,None,No Action Needed,Ready,No,100.0
CRM-000361,Thornfield Energy,Owen Turner,owen.turner@thornfieldenergy.example,+44 20 7946 0449,United Kingdom,Energy,11-50,Event,Customer,Growth Ops,2026-02-03,2026-09-29,Phone Format,Standardized,Ready,No,100.0
CRM-000362,Kenwood Realty,Liam Lowe,liam.lowe@kenwoodrealty.example,+1 512 555 0199,United States,Professional Services,11-50,Outbound,MQL,Sales Ops,2026-02-03,2026-03-30,None,No Action Needed,Ready,No,100.0
CRM-000363,Meridian Travel,Dylan Dawson,dylan.dawson@meridiantravel.example,+44 20 7946 0865,United Kingdom,Logistics,1000+,Website,Customer,Customer Success,2026-02-03,2026-04-15,None,No Action Needed,Ready,No,100.0
CRM-000364,Sable Insurance,Hugo Kerr,,+1 425 555 0196,United States,Finance,1-10,Website,SQL,Sales Ops,2026-02-03,2026-03-17,Missing Email,Owner Follow-up,Needs Follow-up,Yes,87.5
CRM-000365,Clearwater Works,Leah Ortega,leah.ortega@clearwaterworks.example,+1 901 555 0192,United States,Manufacturing,51-200,Event,Lead,Customer Success,2026-02-03,2026-04-15,None,No Action Needed,Ready,No,100.0
CRM-000366,Oakridge Analytics,Jonah Carter,jonah.carter@oakridgeanalytics.example,+1 949 555 0156,United States,Technology,11-50,Website,MQL,Partnerships,2026-02-03,2026-04-12,Invalid Email,Standardized,Ready,No,100.0
CRM-000367,Zenith Education,Zara Sutton,zara.sutton@zenitheducation.example,+1 310 555 0143,United States,Education,1-10,Website,SQL,Marketing Ops,2026-02-03,2026-09-02,None,No Action Needed,Ready,No,100.0
CRM-000368,Driftwood Services,Zara Rowe,zara.rowe@driftwoodservices.example,+1 404 555 0114,United States,Professional Services,51-200,Webinar,Customer,Partnerships,2026-02-03,2026-06-26,Missing Email,Enriched,Ready,No,100.0
CRM-000369,Quarry Capital,Ella Shah,,+1 713 555 0101,United States,Finance,51-200,Website,MQL,Marketing Ops,2026-02-03,2026-08-03,Missing Email,Owner Follow-up,Needs Follow-up,Yes,87.5
CRM-000370,Stonebridge Design,Rosa Chandra,rosa.chandra@stonebridgedesign.example,+44 20 7946 0921,United Kingdom,Media,51-200,Referral,Lead,Growth Ops,2026-02-03,2026-03-20,Duplicate Email,Merged,Ready,No,100.0
CRM-000371,Raven Capital,Hana Everett,hana.everett@ravencapital.example,+1 702 555 0188,United States,Finance,11-50,Website,Opportunity,Growth Ops,2026-02-03,2026-05-14,None,No Action Needed,Ready,No,100.0
CRM-000372,Silverline Solutions,Sofia Young,sofia.young@silverlinesolutions.example,,Canada,Technology,11-50,Partner,Lead,Partnerships,2026-02-04,2026-07-05,Missing Phone,Owner Follow-up,Needs Follow-up,Yes,87.5
CRM-000373,Emberly Foods,Priya Kerr,priya.kerr@emberlyfoods.example,+1 303 555 0103,United States,Retail,1-10,Webinar,Opportunity,Sales Ops,2026-02-04,2026-05-20,None,No Action Needed,Ready,No,100.0
CRM-000374,Jasper Motors,Caleb Ortega,caleb.ortega@jaspermotors.example,+1 646 555 0107,United States,Manufacturing,11-50,Outbound,MQL,Marketing Ops,2026-02-04,2026-08-11,None,No Action Needed,Ready,No,100.0
CRM-000375,Sterling Energy,Rosa Everett,rosa.everett@sterlingenergy.example,+1 312 555 0199,United States,Energy,1-10,Outbound,MQL,Partnerships,2026-02-04,2026-08-07,None,No Action Needed,Ready,No,100.0
CRM-000376,Tamarack Health,Victor Dawson,victor.dawson@tamarackhealth.example,+1 212 555 0168,United States,Healthcare,51-200,Partner,Lead,Partnerships,2026-02-04,2026-06-05,Company Casing,Standardized,Ready,No,100.0
CRM-000377,Canyon Industries,Nina Pruitt,nina.pruitt@canyonindustries.example,+1 813 555 0159,United States,Manufacturing,51-200,Website,MQL,Sales Ops,2026-02-04,2026-06-29,None,No Action Needed,Ready,No,100.0
CRM-000379,Zephyr Staffing,Daniel Chandra,daniel.chandra@zephyrstaffing.example,+44 20 7946 0683,United Kingdom,Professional Services,1-10,Website,Customer,Growth Ops,2026-02-05,2026-05-14,None,No Action Needed,Ready,No,100.0
CRM-000380,Northstar Services,Clara Ellis,clara.ellis@northstarservices.example,+44 20 7946 0397,United Kingdom,,11-50,Webinar,MQL,Growth Ops,2026-02-05,2026-04-22,Missing Industry,Owner Follow-up,Needs Follow-up,Yes,87.5
CRM-000381,Glenmore Labs,Victor Okafor,victor.okafor@glenmorelabs.example,+1 516 555 0184,United States,Technology,51-200,Event,MQL,Growth Ops,2026-02-05,2026-07-08,None,No Action Needed,Ready,No,100.0
CRM-000382,Raven Consulting,Ethan Ortega,ethan.ortega@ravenconsulting.example,+1 702 555 0199,United States,Professional Services,51-200,Website,Customer,Growth Ops,2026-02-05,2026-07-15,Company Casing,Standardized,Ready,No,100.0
CRM-000383,Evergreen Cloud,Victor Okafor,victor.okafor@evergreencloud.example,+1 212 555 0166,United States,Technology,11-50,Website,Customer,Growth Ops,2026-02-05,2026-02-09,None,No Action Needed,Ready,No,100.0
CRM-000384,Emberly Textiles,Ravi Keller,ravi.keller@emberlytextiles.example,+1 604 555 0197,Canada,Manufacturing,1000+,Webinar,Customer,Partnerships,2026-02-05,2026-02-18,None,No Action Needed,Ready,No,100.0
CRM-000385,Inlet Supply,Ethan Jordan,ethan.jordan@inletsupply.example,+44 20 7946 0625,United Kingdom,Logistics,11-50,Event,Opportunity,Sales Ops,2026-02-05,2026-05-22,None,No Action Needed,Ready,No,100.0
CRM-000386,Linden Capital,Lena Delgado,lena.delgado@lindencapital.example,+1 949 555 0137,United States,Finance,1-10,Event,Lead,Partnerships,2026-02-05,2026-05-20,None,No Action Needed,Ready,No,100.0
CRM-000387,Riverside Robotics,Dylan Morgan,dylan.morgan@riversiderobotics.example,+1 425 555 0127,United States,Technology,1-10,Referral,MQL,Marketing Ops,2026-02-05,2026-09-03,None,No Action Needed,Ready,No,100.0
CRM-000388,Millbrook Works,Ines Mercer,ines.mercer@millbrookworks.example,+1 971 555 0158,United States,Manufacturing,1-10,Referral,Customer,Marketing Ops,2026-02-05,2026-07-27,None,No Action Needed,Ready,No,100.0
CRM-000389,Tidewater Staffing,Aaron Jordan,aaron.jordan@tidewaterstaffing.example,+1 602 555 0108,United States,Professional Services,51-200,Website,Lead,Sales Ops,2026-02-05,2026-06-04,None,No Action Needed,Ready,No,100.0
CRM-000390,Tamarack Design,Nina Delgado,nina.delgado@tamarackdesign.example,+1 949 555 0193,United States,Media,1000+,Outbound,Lead,Customer Success,2026-02-06,2026-06-15,None,No Action Needed,Ready,No,100.0
CRM-000391,Landmark Group,Marcus Keller,marcus.keller@landmarkgroup.example,+1 503 555 0181,United States,Professional Services,11-50,Partner,MQL,Customer Success,2026-02-06,2026-03-25,Company Casing,Standardized,Ready,No,100.0
CRM-000392,Crestview Labs,Zara Lowe,zara.lowe@crestviewlabs.example,+1 858 555 0103,United States,Technology,1-10,Event,Opportunity,Growth Ops,2026-02-06,2026-04-16,None,No Action Needed,Ready,No,100.0
CRM-000393,Canyon Labs,Maya Lawson,maya.lawson@canyonlabs.example,+1 813 555 0106,United States,Technology,1-10,Website,Opportunity,Marketing Ops,2026-02-06,2026-04-01,None,No Action Needed,Ready,No,100.0
CRM-000394,Valley Foods,Kai Rowe,kai.rowe@valleyfoods.example,+44 20 7946 0308,United Kingdom,Retail,1000+,Webinar,MQL,Sales Ops,2026-02-06,2026-06-02,None,No Action Needed,Ready,No,100.0
CRM-000395,Pembroke Group,Mateo Vaughn,mateo.vaughn@pembrokegroup.example,+1 925 555 0139,United States,Professional Services,1-10,Referral,Lead,Partnerships,2026-02-06,2026-04-06,Invalid Email,Standardized,Ready,No,100.0
CRM-000396,Riverside Studios,Ravi Everett,ravi.everett@riversidestudios.example,+1 646 555 0104,United States,Media,1-10,Website,Opportunity,Growth Ops,2026-02-06,2026-09-03,None,No Action Needed,Ready,No,100.0
CRM-000397,Skyline Insurance,Nina Delgado,,+1 480 555 0105,United States,Finance,11-50,Website,SQL,Marketing Ops,2026-02-06,2026-05-30,Invalid Email,Owner Follow-up,Needs Follow-up,Yes,87.5
CRM-000398,Sterling Labs,Hugo Delgado,hugo.delgado@sterlinglabs.example,+1 901 555 0198,United States,Technology,11-50,Outbound,SQL,Sales Ops,2026-02-06,2026-08-31,Missing Phone,Enriched,Ready,No,100.0
CRM-000399,Fernhill Media,Theo Irving,theo.irving@fernhillmedia.example,+44 20 7946 0806,United Kingdom,Media,201-1000,Referral,Lead,Customer Success,2026-02-07,2026-08-15,Missing Email,Enriched,Ready,No,100.0
CRM-000400,Inlet Solutions,Zara Jensen,zara.jensen@inletsolutions.example,+1 713 555 0190,United States,Technology,11-50,Referral,SQL,Customer Success,2026-02-07,2026-09-11,Phone Format,Standardized,Ready,No,100.0
CRM-000401,Dunmore Pharma,Kai Ellis,kai.ellis@dunmorepharma.example,+1 480 555 0117,United States,Healthcare,1-10,Referral,Opportunity,Customer Success,2026-02-07,2026-06-30,None,No Action Needed,Ready,No,100.0
CRM-000402,Zenith Works,Mateo Pruitt,mateo.pruitt@zenithworks.example,+1 737 555 0129,United States,Manufacturing,1-10,Outbound,Lead,Customer Success,2026-02-07,2026-05-12,None,No Action Needed,Ready,No,100.0
CRM-000403,Highland Supply,Isaac Keller,isaac.keller@highlandsupply.example,+1 206 555 0185,United States,Logistics,1000+,Outbound,MQL,Partnerships,2026-02-07,2026-08-11,None,No Action Needed,Ready,No,100.0
CRM-000404,Yarrow Robotics,Aaron Tanaka,aaron.tanaka@yarrowrobotics.example,+44 20 7946 0884,United Kingdom,Technology,51-200,Referral,Lead,Marketing Ops,2026-02-07,2026-06-14,None,No Action Needed,Ready,No,100.0
CRM-000405,Silverline Education,Ava Morgan,ava.morgan@silverlineeducation.example,+44 20 7946 0522,United Kingdom,Education,1000+,Event,Lead,Sales Ops,2026-02-08,2026-05-02,None,No Action Needed,Ready,No,100.0
CRM-000406,Kestrel Retail,Theo Vaughn,theo.vaughn@kestrelretail.example,+1 415 555 0193,United States,Retail,1-10,Partner,SQL,Growth Ops,2026-02-08,2026-06-19,Company Casing,Standardized,Ready,No,100.0
CRM-000407,Landmark Solutions,Ravi Grant,ravi.grant@landmarksolutions.example,+1 416 555 0179,Canada,Technology,1-10,Website,SQL,Marketing Ops,2026-02-08,2026-08-07,None,No Action Needed,Ready,No,100.0
CRM-000408,Prairie Supply,Maya Grant,maya.grant@prairiesupply.example,+1 604 555 0169,Canada,Logistics,11-50,Website,SQL,Sales Ops,2026-02-08,2026-07-17,Phone Format,Standardized,Ready,No,100.0
CRM-000409,Skyline Group,Naomi Delgado,naomi.delgado@skylinegroup.example,+44 20 7946 0821,United Kingdom,Professional Services,1-10,Referral,Lead,Marketing Ops,2026-02-08,2026-04-29,None,No Action Needed,Ready,No,100.0
CRM-000410,Crestview Cloud,Ethan Kerr,ethan.kerr@crestviewcloud.example,+44 20 7946 0374,United Kingdom,Technology,1-10,Partner,Lead,Growth Ops,2026-02-08,2026-08-27,None,No Action Needed,Ready,No,100.0
CRM-000411,Oxbow Design,Alicia Turner,alicia.turner@oxbowdesign.example,+1 617 555 0109,United States,Media,11-50,Partner,SQL,Growth Ops,2026-02-08,2026-06-02,None,No Action Needed,Ready,No,100.0
CRM-000412,Valley Robotics,Maya Ortega,maya.ortega@valleyrobotics.example,+1 646 555 0149,United States,Technology,201-1000,Webinar,Opportunity,Partnerships,2026-02-08,2026-03-25,None,No Action Needed,Ready,No,100.0
CRM-000413,Cascade Supply,Zara Gallo,zara.gallo@cascadesupply.example,+1 917 555 0113,United States,Logistics,1-10,Outbound,Lead,Marketing Ops,2026-02-08,2026-02-11,Phone Format,Standardized,Ready,No,100.0
CRM-000414,Fairview Retail,Zara Chandra,zara.chandra@fairviewretail.example,+1 619 555 0172,United States,Retail,51-200,Webinar,SQL,Sales Ops,2026-02-08,2026-05-11,Missing Phone,Enriched,Ready,No,100.0
CRM-000415,Pembroke Studios,Felix Keller,felix.keller@pembrokestudios.example,+1 305 555 0146,United States,Media,51-200,Referral,SQL,Marketing Ops,2026-02-08,2026-04-05,Company Casing,Standardized,Ready,No,100.0
CRM-000416,Glenmore Pharma,Priya Kerr,priya.kerr@glenmorepharma.example,+1 737 555 0109,United States,Healthcare,51-200,Webinar,Customer,Growth Ops,2026-02-09,2026-02-13,Company Casing,Standardized,Ready,No,100.0
CRM-000417,Horizon Networks,Maya Chandra,maya.chandra@horizonnetworks.example,+1 212 555 0120,United States,Technology,1-10,Outbound,Customer,Marketing Ops,2026-02-09,2026-07-12,None,No Action Needed,Ready,No,100.0
CRM-000418,Eastgate Labs,Rosa Irving,rosa.irving@eastgatelabs.example,+1 604 555 0176,Canada,Technology,11-50,Website,Lead,Growth Ops,2026-02-09,2026-09-21,None,No Action Needed,Ready,No,100.0
CRM-000419,Fairview Design,Mateo Shah,mateo.shah@fairviewdesign.example,+1 604 555 0129,Canada,Media,11-50,Website,Lead,Partnerships,2026-02-09,2026-05-22,None,No Action Needed,Ready,No,100.0
CRM-000420,Northstar Travel,Liam Young,liam.young@northstartravel.example,,United Kingdom,Logistics,11-50,Website,Lead,Partnerships,2026-02-09,2026-08-27,Missing Phone,Owner Follow-up,Needs Follow-up,Yes,87.5
CRM-000421,Indigo Services,Tessa Young,,+1 312 555 0195,United States,Professional Services,1-10,Website,MQL,Partnerships,2026-02-09,2026-04-28,Missing Email,Owner Follow-up,Needs Follow-up,Yes,87.5
CRM-000422,Pembroke Textiles,Sofia Everett,sofia.everett@pembroketextiles.example,+1 312 555 0179,United States,Manufacturing,201-1000,Website,Lead,Customer Success,2026-02-09,2026-04-13,None,No Action Needed,Ready,No,100.0
CRM-000423,Tamarack Analytics,Victor Keller,victor.keller@tamarackanalytics.example,+1 503 555 0162,United States,Technology,201-1000,Outbound,Lead,Partnerships,2026-02-09,2026-07-13,None,No Action Needed,Ready,No,100.0
CRM-000424,Goldcrest Capital,Owen Jensen,owen.jensen@goldcrestcapital.example,+1 646 555 0153,United States,Finance,11-50,Referral,SQL,Marketing Ops,2026-02-09,2026-07-11,None,No Action Needed,Ready,No,100.0
CRM-000425,Hollis Studios,Mira Patel,mira.patel@hollisstudios.example,+1 949 555 0198,United States,Media,11-50,Website,Lead,Marketing Ops,2026-02-09,2026-03-09,None,No Action Needed,Ready,No,100.0
CRM-000426,Inlet Industries,Jonah Turner,jonah.turner@inletindustries.example,+1 617 555 0199,United States,Manufacturing,11-50,Referral,Lead,Customer Success,2026-02-09,2026-09-24,None,No Action Needed,Ready,No,100.0
CRM-000427,Sterling Studios,Maya Ellis,maya.ellis@sterlingstudios.example,+1 310 555 0157,United States,Media,201-1000,Website,MQL,Partnerships,2026-02-09,2026-05-17,Invalid Email,Standardized,Ready,No,100.0
CRM-000428,Newport Foods,Owen Ortega,owen.ortega@newportfoods.example,+44 20 7946 0539,United Kingdom,Retail,201-1000,Website,MQL,Marketing Ops,2026-02-09,2026-05-18,None,No Action Needed,Ready,No,100.0
CRM-000429,Raven Group,Ava Morgan,ava.morgan@ravengroup.example,+1 858 555 0153,United States,Professional Services,1-10,Referral,Customer,Growth Ops,2026-02-09,2026-09-29,None,No Action Needed,Ready,No,100.0
CRM-000430,Clearwater Pharma,Noah Quinn,noah.quinn@clearwaterpharma.example,+1 416 555 0107,Canada,Healthcare,51-200,Referral,MQL,Customer Success,2026-02-09,2026-08-24,None,No Action Needed,Ready,No,100.0
CRM-000431,Millbrook Textiles,Priya Shah,,+44 20 7946 0320,United Kingdom,Manufacturing,1-10,Referral,Lead,Marketing Ops,2026-02-10,2026-05-26,Missing Email,Owner Follow-up,Needs Follow-up,Yes,87.5
CRM-000432,Quill Services,Grace Novak,grace.novak@quillservices.example,+1 858 555 0190,United States,Professional Services,11-50,Partner,SQL,Customer Success,2026-02-10,2026-02-17,None,No Action Needed,Ready,No,100.0
CRM-000433,Elmwood Design,Ines Turner,ines.turner@elmwooddesign.example,+1 737 555 0169,United States,Media,201-1000,Partner,Lead,Customer Success,2026-02-10,2026-05-08,None,No Action Needed,Ready,No,100.0
CRM-000434,Jasper Works,Ava Patel,ava.patel@jasperworks.example,+44 20 7946 0843,United Kingdom,Manufacturing,11-50,Referral,Customer,Growth Ops,2026-02-10,2026-09-29,None,No Action Needed,Ready,No,100.0
CRM-000435,Peakview Labs,Lena Sutton,lena.sutton@peakviewlabs.example,+1 971 555 0134,United States,Technology,11-50,Partner,Opportunity,Growth Ops,2026-02-10,2026-09-01,None,No Action Needed,Ready,No,100.0
CRM-000436,Northgate Industries,Ethan Ortega,ethan.ortega@northgateindustries.example,+1 425 555 0111,United States,Manufacturing,51-200,Webinar,Lead,Marketing Ops,2026-02-10,2026-05-16,None,No Action Needed,Ready,No,100.0
CRM-000437,Elmwood Health,Naomi Carter,naomi.carter@elmwoodhealth.example,+1 512 555 0162,United States,Healthcare,11-50,Event,Opportunity,Customer Success,2026-02-10,2026-08-11,Invalid Email,Standardized,Ready,No,100.0
CRM-000438,Prairie Cloud,Kai Irving,kai.irving@prairiecloud.example,+1 619 555 0122,United States,Technology,11-50,Partner,SQL,Customer Success,2026-02-10,2026-08-15,Phone Format,Standardized,Ready,No,100.0
CRM-000439,Riverside Retail,Felix Brooks,felix.brooks@riversideretail.example,+1 971 555 0187,United States,Retail,1000+,Event,SQL,Marketing Ops,2026-02-10,2026-07-19,None,No Action Needed,Ready,No,100.0
CRM-000440,Wexford Textiles,Hugo Ortega,hugo.ortega@wexfordtextiles.example,+1 403 555 0119,Canada,Manufacturing,11-50,Partner,Customer,Customer Success,2026-02-10,2026-08-24,None,No Action Needed,Ready,No,100.0
CRM-000441,Valley Media,Omar Reeves,omar.reeves@valleymedia.example,+1 206 555 0120,United States,Media,1000+,Partner,MQL,Sales Ops,2026-02-10,2026-07-05,Company Casing,Standardized,Ready,No,100.0
CRM-000442,Highland Networks,Ines Lowe,ines.lowe@highlandnetworks.example,+1 404 555 0197,United States,Technology,1000+,Referral,Lead,Growth Ops,2026-02-11,2026-09-01,None,No Action Needed,Ready,No,100.0
CRM-000443,Alder Health,Julia Ortega,,+1 901 555 0154,United States,Healthcare,1-10,Outbound,SQL,Sales Ops,2026-02-11,2026-05-21,Invalid Email,Owner Follow-up,Needs Follow-up,Yes,87.5
CRM-000444,Ironwood Foods,Isaac Keller,isaac.keller@ironwoodfoods.example,+1 503 555 0180,United States,Retail,51-200,Partner,Lead,Marketing Ops,2026-02-11,2026-08-05,None,No Action Needed,Ready,No,100.0
CRM-000445,Lighthouse Consulting,Sofia Ivers,sofia.ivers@lighthouseconsulting.example,+1 503 555 0132,United States,Professional Services,11-50,Partner,SQL,Growth Ops,2026-02-11,2026-08-13,None,No Action Needed,Ready,No,100.0
CRM-000446,Hollis Marketing,Ella Mercer,ella.mercer@hollismarketing.example,+1 425 555 0149,United States,Media,1-10,Referral,Customer,Growth Ops,2026-02-11,2026-08-22,Invalid Email,Standardized,Ready,No,100.0
CRM-000447,Northgate Textiles,Liam Dawson,liam.dawson@northgatetextiles.example,+1 617 555 0152,United States,Manufacturing,11-50,Website,MQL,Sales Ops,2026-02-11,2026-06-02,Phone Format,Standardized,Ready,No,100.0
CRM-000448,Trailhead Marketing,Isaac Kerr,isaac.kerr@trailheadmarketing.example,+44 20 7946 0590,United Kingdom,Media,51-200,Website,SQL,Partnerships,2026-02-11,2026-06-03,None,No Action Needed,Ready,No,100.0
CRM-000449,Kestrel Capital,Aaron Ortega,aaron.ortega@kestrelcapital.example,+1 206 555 0119,United States,Finance,11-50,Website,SQL,Marketing Ops,2026-02-11,2026-05-30,None,No Action Needed,Ready,No,100.0
CRM-000450,Amberly Media,Aaron Nolan,aaron.nolan@amberlymedia.example,,United States,Media,201-1000,Webinar,SQL,Growth Ops,2026-02-11,2026-09-06,Missing Phone,Owner Follow-up,Needs Follow-up,Yes,87.5
CRM-000451,Brookside Retail,Lucas Walsh,lucas.walsh@brooksideretail.example,+1 737 555 0163,United States,Retail,1-10,Outbound,Customer,Marketing Ops,2026-02-11,2026-07-07,None,No Action Needed,Ready,No,100.0
CRM-000452,Silverline Realty,Ava Hayes,,+1 917 555 0152,United States,Professional Services,201-1000,Website,Lead,Partnerships,2026-02-11,2026-05-09,Missing Email,Owner Follow-up,Needs Follow-up,Yes,87.5
CRM-000453,Greenline Industries,Liam Mercer,liam.mercer@greenlineindustries.example,+1 949 555 0127,United States,Manufacturing,11-50,Website,SQL,Marketing Ops,2026-02-11,2026-02-16,None,No Action Needed,Ready,No,100.0
CRM-000454,Ashford Education,Ethan Mercer,,+1 305 555 0141,United States,Education,11-50,Outbound,MQL,Marketing Ops,2026-02-11,2026-04-13,Missing Email,Owner Follow-up,Needs Follow-up,Yes,87.5
CRM-000455,Ironwood Capital,Alicia Mercer,alicia.mercer@ironwoodcapital.example,+1 720 555 0184,United States,Finance,11-50,Webinar,Lead,Sales Ops,2026-02-11,2026-05-24,Duplicate Email,Merged,Ready,No,100.0
CRM-000456,Hawthorn Labs,Priya Chandra,priya.chandra@hawthornlabs.example,+1 425 555 0165,United States,,51-200,Partner,Opportunity,Sales Ops,2026-02-12,2026-05-24,Missing Industry,Owner Follow-up,Needs Follow-up,Yes,87.5
CRM-000457,Norwood Pharma,Theo Irving,theo.irving@norwoodpharma.example,+1 858 555 0138,United States,Healthcare,201-1000,Website,Lead,Partnerships,2026-02-12,2026-09-07,Phone Format,Standardized,Ready,No,100.0
CRM-000458,Juniper Staffing,Zara Fischer,zara.fischer@juniperstaffing.example,+1 925 555 0191,United States,Professional Services,1-10,Partner,Opportunity,Sales Ops,2026-02-12,2026-09-10,None,No Action Needed,Ready,No,100.0
CRM-000459,Prairie Design,Caleb Pruitt,caleb.pruitt@prairiedesign.example,+1 310 555 0107,United States,Media,1-10,Website,SQL,Sales Ops,2026-02-12,2026-06-03,Missing Industry,Enriched,Ready,No,100.0
CRM-000460,Ironbridge Travel,Noah Kerr,noah.kerr@ironbridgetravel.example,+1 917 555 0104,United States,Logistics,11-50,Website,MQL,Marketing Ops,2026-02-12,2026-09-11,None,No Action Needed,Ready,No,100.0
CRM-000461,Newport Robotics,Mira Vaughn,mira.vaughn@newportrobotics.example,+1 604 555 0139,Canada,Technology,1-10,Website,Customer,Customer Success,2026-02-12,2026-05-13,None,No Action Needed,Ready,No,100.0
CRM-000462,Hawthorn Solutions,Maya Walsh,maya.walsh@hawthornsolutions.example,+1 720 555 0198,United States,Technology,11-50,Website,Lead,Growth Ops,2026-02-12,2026-08-08,Invalid Email,Standardized,Ready,No,100.0
CRM-000463,Elmwood Logistics,Lena Patel,lena.patel@elmwoodlogistics.example,,United States,Logistics,1-10,Webinar,MQL,Sales Ops,2026-02-12,2026-04-27,Missing Phone,Owner Follow-up,Needs Follow-up,Yes,87.5
CRM-000464,Bayview Travel,Hugo Reeves,hugo.reeves@bayviewtravel.example,,United States,Logistics,1-10,Partner,Lead,Customer Success,2026-02-12,2026-06-02,Missing Phone,Owner Follow-up,Needs Follow-up,Yes,87.5
CRM-000465,Granite Software,Mira Nolan,mira.nolan@granitesoftware.example,+1 425 555 0116,United States,Technology,1-10,Webinar,Customer,Sales Ops,2026-02-12,2026-08-07,None,No Action Needed,Ready,No,100.0
CRM-000466,Birchwood Robotics,Mira Keller,mira.keller@birchwoodrobotics.example,+44 20 7946 0115,United Kingdom,Technology,1-10,Website,MQL,Marketing Ops,2026-02-12,2026-05-08,None,No Action Needed,Ready,No,100.0
CRM-000467,Bayview Packaging,Victor Young,victor.young@bayviewpackaging.example,+1 514 555 0160,Canada,Manufacturing,11-50,Website,MQL,Sales Ops,2026-02-12,2026-03-25,None,No Action Needed,Ready,No,100.0
CRM-000469,Maple Cloud,Ethan Kerr,ethan.kerr@maplecloud.example,+1 617 555 0108,United States,Technology,11-50,Referral,SQL,Marketing Ops,2026-02-13,2026-04-30,Duplicate Company,Merged,Ready,No,100.0
CRM-000470,Evergreen Analytics,Theo Delgado,theo.delgado@evergreenanalytics.example,,Canada,Technology,11-50,Website,Customer,Marketing Ops,2026-02-13,2026-08-04,Missing Phone,Owner Follow-up,Needs Follow-up,Yes,87.5
CRM-000471,Jasper Realty,Clara Carter,clara.carter@jasperrealty.example,+1 646 555 0154,United States,Professional Services,1-10,Outbound,SQL,Sales Ops,2026-02-13,2026-06-16,Invalid Email,Standardized,Ready,No,100.0
CRM-000472,Juniper Services,Felix Foster,felix.foster@juniperservices.example,+1 858 555 0164,United States,Professional Services,11-50,Website,Lead,Marketing Ops,2026-02-13,2026-09-06,None,No Action Needed,Ready,No,100.0
CRM-000473,Raven Staffing,Lucas Rowe,lucas.rowe@ravenstaffing.example,+1 469 555 0156,United States,Professional Services,1-10,Event,Customer,Customer Success,2026-02-13,2026-05-16,None,No Action Needed,Ready,No,100.0
CRM-000474,Brookside Software,Daniel Walsh,daniel.walsh@brooksidesoftware.example,+1 415 555 0173,United States,Technology,1-10,Partner,Lead,Growth Ops,2026-02-13,2026-09-24,None,No Action Needed,Ready,No,100.0
CRM-000475,Beacon Pharma,Daniel Mercer,daniel.mercer@beaconpharma.example,+1 512 555 0172,United States,Healthcare,1-10,Partner,Opportunity,Partnerships,2026-02-13,2026-07-09,Phone Format,Standardized,Ready,No,100.0
CRM-000476,Driftwood Cloud,Mateo Quinn,mateo.quinn@driftwoodcloud.example,+1 737 555 0139,United States,Technology,1000+,Referral,Customer,Marketing Ops,2026-02-13,2026-02-21,None,No Action Needed,Ready,No,100.0
CRM-000477,Ashford Studios,Hana Chandra,hana.chandra@ashfordstudios.example,+1 737 555 0122,United States,Media,1-10,Outbound,Lead,Marketing Ops,2026-02-13,2026-08-30,None,No Action Needed,Ready,No,100.0
CRM-000478,Oakridge Realty,Ines Quinn,ines.quinn@oakridgerealty.example,+44 20 7946 0405,United Kingdom,Professional Services,1-10,Referral,MQL,Sales Ops,2026-02-13,2026-03-22,Company Casing,Standardized,Ready,No,100.0
CRM-000479,Hollis Realty,Amara Quinn,amara.quinn@hollisrealty.example,+1 206 555 0102,United States,Professional Services,11-50,Event,MQL,Partnerships,2026-02-13,2026-09-18,Phone Format,Standardized,Ready,No,100.0
CRM-000480,Driftwood Media,Ines Foster,ines.foster@driftwoodmedia.example,+44 20 7946 0371,United Kingdom,Media,201-1000,Referral,Opportunity,Customer Success,2026-02-13,2026-07-22,None,No Action Needed,Ready,No,100.0
CRM-000481,Nimbus Packaging,Caleb Hartley,caleb.hartley@nimbuspackaging.example,+44 20 7946 0244,United Kingdom,Manufacturing,11-50,Partner,Opportunity,Customer Success,2026-02-13,2026-03-31,Duplicate Email,Merged,Ready,No,100.0
CRM-000482,Rosewood Consulting,Omar Pruitt,omar.pruitt@rosewoodconsulting.example,+1 212 555 0133,United States,Professional Services,1-10,Outbound,SQL,Marketing Ops,2026-02-14,2026-03-01,Invalid Email,Standardized,Ready,No,100.0
CRM-000483,Gladstone Software,Tessa Barnes,tessa.barnes@gladstonesoftware.example,+44 20 7946 0324,United Kingdom,Technology,1-10,Referral,Opportunity,Customer Success,2026-02-14,2026-05-17,None,No Action Needed,Ready,No,100.0
CRM-000484,Canyon Networks,Tessa Ellis,tessa.ellis@canyonnetworks.example,+1 917 555 0195,United States,Technology,1-10,Website,Lead,Growth Ops,2026-02-14,2026-08-21,Missing Phone,Enriched,Ready,No,100.0
CRM-000485,Rosewood Health,Maya Turner,maya.turner@rosewoodhealth.example,+1 514 555 0167,Canada,Healthcare,11-50,Website,Opportunity,Sales Ops,2026-02-14,2026-08-10,Company Casing,Standardized,Ready,No,100.0
CRM-000486,Clearwater Energy,Hugo Young,hugo.young@clearwaterenergy.example,+1 416 555 0183,Canada,Energy,1-10,Partner,MQL,Growth Ops,2026-02-14,2026-05-29,None,No Action Needed,Ready,No,100.0
CRM-000487,Peakview Security,Sofia Chandra,sofia.chandra@peakviewsecurity.example,+44 20 7946 0105,United Kingdom,Technology,11-50,Outbound,Customer,Customer Success,2026-02-14,2026-05-25,Missing Industry,Enriched,Ready,No,100.0
CRM-000488,Summit Health,Hana Keller,,+1 312 555 0113,United States,Healthcare,51-200,Event,Customer,Customer Success,2026-02-14,2026-06-18,Missing Email,Owner Follow-up,Needs Follow-up,Yes,87.5
CRM-000489,Ridgeline Travel,Marcus Walsh,marcus.walsh@ridgelinetravel.example,+1 949 555 0169,United States,Logistics,51-200,Referral,Lead,Customer Success,2026-02-14,2026-06-30,None,No Action Needed,Ready,No,100.0
CRM-000490,Lakeshore Networks,Naomi Everett,naomi.everett@lakeshorenetworks.example,+44 20 7946 0106,United Kingdom,Technology,51-200,Website,MQL,Growth Ops,2026-02-14,2026-03-02,None,No Action Needed,Ready,No,100.0
CRM-000491,Highland Group,Ella Lawson,ella.lawson@highlandgroup.example,+1 514 555 0195,Canada,Professional Services,51-200,Referral,Lead,Sales Ops,2026-02-14,2026-04-21,Company Casing,Standardized,Ready,No,100.0
CRM-000492,Clearwater Design,Caleb Lowe,caleb.lowe@clearwaterdesign.example,+1 404 555 0154,United States,Media,1-10,Referral,Lead,Marketing Ops,2026-02-14,2026-05-16,None,No Action Needed,Ready,No,100.0
CRM-000493,Gladstone Cloud,Lena Tanaka,lena.tanaka@gladstonecloud.example,+1 971 555 0161,United States,Technology,1-10,Website,Lead,Marketing Ops,2026-02-14,2026-07-18,Company Casing,Standardized,Ready,No,100.0
CRM-000494,Bayview Works,Mateo Abbott,mateo.abbott@bayviewworks.example,+1 212 555 0117,United States,Manufacturing,1-10,Outbound,Lead,Partnerships,2026-02-14,2026-02-16,None,No Action Needed,Ready,No,100.0
CRM-000496,Dovetail Labs,Noah Fischer,,+1 303 555 0147,United States,Technology,51-200,Referral,Customer,Growth Ops,2026-02-15,2026-06-22,Missing Email,Owner Follow-up,Needs Follow-up,Yes,87.5
CRM-000497,Fernhill Logistics,Liam Reeves,,+1 312 555 0137,United States,Logistics,11-50,Outbound,SQL,Partnerships,2026-02-15,2026-09-10,Invalid Email,Owner Follow-up,Needs Follow-up,Yes,87.5
CRM-000498,Linden Finance,Grace Gallo,grace.gallo@lindenfinance.example,+44 20 7946 0174,United Kingdom,Finance,1-10,Event,MQL,Customer Success,2026-02-15,2026-06-23,None,No Action Needed,Ready,No,100.0
CRM-000499,Lakeshore Insurance,Victor Novak,victor.novak@lakeshoreinsurance.example,+1 469 555 0136,United States,Finance,201-1000,Website,Lead,Sales Ops,2026-02-15,2026-07-31,Missing Industry,Enriched,Ready,No,100.0
CRM-000500,Wexford Education,Julia Foster,julia.foster@wexfordeducation.example,+1 949 555 0118,United States,Education,51-200,Partner,MQL,Marketing Ops,2026-02-15,2026-03-26,Phone Format,Standardized,Ready,No,100.0
CRM-000501,Valley Studios,Dylan Reeves,dylan.reeves@valleystudios.example,+1 720 555 0132,United States,Media,11-50,Outbound,Lead,Customer Success,2026-02-15,2026-09-07,None,No Action Needed,Ready,No,100.0
CRM-000502,Driftwood Textiles,Grace Morgan,grace.morgan@driftwoodtextiles.example,+1 971 555 0143,United States,Manufacturing,11-50,Website,MQL,Partnerships,2026-02-15,2026-09-22,None,No Action Needed,Ready,No,100.0
CRM-000504,Ironbridge Pharma,Zara Okafor,zara.okafor@ironbridgepharma.example,+1 503 555 0136,United States,Healthcare,1-10,Event,Customer,Customer Success,2026-02-16,2026-08-03,Company Casing,Standardized,Ready,No,100.0
CRM-000505,Yarrow Pharma,Aaron Nolan,aaron.nolan@yarrowpharma.example,+1 469 555 0170,United States,Healthcare,1000+,Website,Lead,Marketing Ops,2026-02-16,2026-06-16,None,No Action Needed,Ready,No,100.0
CRM-000506,Bayview Finance,Ravi Hayes,,+1 303 555 0171,United States,Finance,1000+,Event,Opportunity,Sales Ops,2026-02-16,2026-09-01,Invalid Email,Owner Follow-up,Needs Follow-up,Yes,87.5
CRM-000507,Silverline Security,Aaron Ellis,aaron.ellis@silverlinesecurity.example,+1 480 555 0119,United States,Technology,201-1000,Referral,Customer,Marketing Ops,2026-02-16,2026-06-15,Invalid Email,Standardized,Ready,No,100.0
CRM-000508,Bridgewater Group,Sofia Reeves,sofia.reeves@bridgewatergroup.example,+1 604 555 0150,Canada,Professional Services,51-200,Outbound,Lead,Sales Ops,2026-02-16,2026-04-16,None,No Action Needed,Ready,No,100.0
CRM-000509,Tamarack Works,Daniel Everett,daniel.everett@tamarackworks.example,+1 971 555 0130,United States,Manufacturing,11-50,Event,Lead,Marketing Ops,2026-02-16,2026-03-16,Company Casing,Standardized,Ready,No,100.0
CRM-000510,Jasper Consulting,Ines Ortega,ines.ortega@jasperconsulting.example,+1 702 555 0177,United States,Professional Services,201-1000,Referral,Opportunity,Partnerships,2026-02-16,2026-03-23,None,No Action Needed,Ready,No,100.0
CRM-000511,Cascade Robotics,Ines Keller,ines.keller@cascaderobotics.example,+44 20 7946 0483,United Kingdom,Technology,1-10,Event,Lead,Partnerships,2026-02-16,2026-04-02,None,No Action Needed,Ready,No,100.0
CRM-000512,Prairie Robotics,Ethan Sutton,,+1 702 555 0108,United States,Technology,51-200,Website,Lead,Growth Ops,2026-02-16,2026-03-06,Missing Email,Owner Follow-up,Needs Follow-up,Yes,87.5
CRM-000513,Millbrook Labs,Lucas Walsh,lucas.walsh@millbrooklabs.example,+1 503 555 0110,United States,Technology,11-50,Outbound,MQL,Sales Ops,2026-02-16,2026-02-18,None,No Action Needed,Ready,No,100.0
CRM-000514,Cobalt Media,Mateo Brooks,mateo.brooks@cobaltmedia.example,+1 206 555 0166,United States,Media,1-10,Outbound,MQL,Customer Success,2026-02-17,2026-05-19,None,No Action Needed,Ready,No,100.0
CRM-000515,Verdant Travel,Leah Ivers,leah.ivers@verdanttravel.example,+1 619 555 0190,United States,Logistics,201-1000,Website,Opportunity,Marketing Ops,2026-02-17,2026-09-09,Duplicate Company,Merged,Ready,No,100.0
CRM-000516,Fairview Textiles,Victor Hartley,victor.hartley@fairviewtextiles.example,+1 312 555 0139,United States,Manufacturing,11-50,Webinar,SQL,Partnerships,2026-02-17,2026-06-07,None,No Action Needed,Ready,No,100.0
CRM-000517,Prairie Software,Julia Keller,julia.keller@prairiesoftware.example,+1 737 555 0114,United States,Technology,1-10,Outbound,Lead,Customer Success,2026-02-17,2026-08-15,None,No Action Needed,Ready,No,100.0
CRM-000518,Redwood Capital,Omar Quinn,omar.quinn@redwoodcapital.example,+1 619 555 0171,United States,Finance,51-200,Website,Opportunity,Customer Success,2026-02-17,2026-03-15,None,No Action Needed,Ready,No,100.0
CRM-000519,Yarrow Studios,Lucas Vaughn,lucas.vaughn@yarrowstudios.example,+1 971 555 0179,United States,Media,1-10,Website,SQL,Growth Ops,2026-02-17,2026-04-24,None,No Action Needed,Ready,No,100.0
CRM-000520,Harbor Foods,Theo Quinn,theo.quinn@harborfoods.example,+1 514 555 0189,Canada,Retail,1-10,Website,Opportunity,Partnerships,2026-02-17,2026-07-01,Missing Phone,Enriched,Ready,No,100.0
CRM-000521,Foxglove Staffing,Kai Irving,kai.irving@foxglovestaffing.example,+1 619 555 0163,United States,Professional Services,11-50,Website,SQL,Sales Ops,2026-02-17,2026-06-15,None,No Action Needed,Ready,No,100.0
CRM-000522,Tidewater Motors,Noah Ivers,noah.ivers@tidewatermotors.example,+1 901 555 0132,United States,Manufacturing,1-10,Event,MQL,Sales Ops,2026-02-17,2026-05-24,None,No Action Needed,Ready,No,100.0
CRM-000523,Marlow Supply,Aaron Novak,aaron.novak@marlowsupply.example,+1 310 555 0195,United States,Logistics,11-50,Website,Customer,Sales Ops,2026-02-17,2026-08-28,None,No Action Needed,Ready,No,100.0
CRM-000524,Quartz Media,Naomi Grant,naomi.grant@quartzmedia.example,+1 713 555 0151,United States,Media,11-50,Outbound,SQL,Sales Ops,2026-02-17,2026-08-27,None,No Action Needed,Ready,No,100.0
CRM-000525,Sable Finance,Hugo Irving,hugo.irving@sablefinance.example,+1 312 555 0161,United States,Finance,11-50,Webinar,Customer,Partnerships,2026-02-18,2026-03-19,Invalid Email,Standardized,Ready,No,100.0
CRM-000526,Lighthouse Robotics,Hugo Nolan,hugo.nolan@lighthouserobotics.example,+1 310 555 0126,United States,Technology,201-1000,Webinar,Lead,Marketing Ops,2026-02-18,2026-05-29,None,No Action Needed,Ready,No,100.0
CRM-000527,Raven Analytics,Mira Pruitt,mira.pruitt@ravenanalytics.example,+1 403 555 0111,Canada,Technology,11-50,Webinar,MQL,Sales Ops,2026-02-18,2026-09-29,Missing Email,Enriched,Ready,No,100.0
CRM-000528,Stonebridge Travel,Clara Morgan,clara.morgan@stonebridgetravel.example,+1 949 555 0140,United States,Logistics,11-50,Referral,MQL,Customer Success,2026-02-18,2026-03-20,None,No Action Needed,Ready,No,100.0
CRM-000529,Cobalt Design,Grace Lawson,grace.lawson@cobaltdesign.example,+1 702 555 0192,United States,Media,11-50,Partner,Lead,Partnerships,2026-02-18,2026-04-05,None,No Action Needed,Ready,No,100.0
CRM-000530,Falcon Networks,Ava Walsh,ava.walsh@falconnetworks.example,+1 617 555 0174,United States,Technology,1000+,Outbound,MQL,Partnerships,2026-02-18,2026-04-28,Missing Industry,Enriched,Ready,No,100.0
CRM-000531,Verdant Realty,Aaron Patel,aaron.patel@verdantrealty.example,+1 512 555 0152,United States,Professional Services,11-50,Website,SQL,Marketing Ops,2026-02-18,2026-05-27,None,No Action Needed,Ready,No,100.0
CRM-000532,Lakeshore Health,Kai Tanaka,kai.tanaka@lakeshorehealth.example,+1 514 555 0134,Canada,Healthcare,11-50,Outbound,MQL,Customer Success,2026-02-18,2026-09-20,None,No Action Needed,Ready,No,100.0
CRM-000533,Fernhill Robotics,Omar Walsh,omar.walsh@fernhillrobotics.example,+1 212 555 0143,United States,Technology,1-10,Referral,SQL,Growth Ops,2026-02-18,2026-03-19,None,No Action Needed,Ready,No,100.0
CRM-000534,Driftwood Foods,Naomi Hartley,naomi.hartley@driftwoodfoods.example,+1 310 555 0199,United States,Retail,11-50,Website,Opportunity,Marketing Ops,2026-02-18,2026-08-18,None,No Action Needed,Ready,No,100.0
CRM-000535,Oakridge Staffing,Clara Barnes,clara.barnes@oakridgestaffing.example,+1 949 555 0136,United States,Professional Services,51-200,Website,Lead,Sales Ops,2026-02-18,2026-09-17,None,No Action Needed,Ready,No,100.0
CRM-000538,Westbrook Services,Maya Carter,maya.carter@westbrookservices.example,+1 971 555 0159,United States,Professional Services,11-50,Website,Opportunity,Marketing Ops,2026-02-19,2026-02-23,None,No Action Needed,Ready,No,100.0
CRM-000539,Kestrel Insurance,Ava Ivers,ava.ivers@kestrelinsurance.example,+44 20 7946 0497,United Kingdom,,1-10,Referral,Lead,Growth Ops,2026-02-19,2026-05-20,Missing Industry,Owner Follow-up,Needs Follow-up,Yes,87.5
CRM-000540,Jasper Pharma,Julia Novak,julia.novak@jasperpharma.example,+1 206 555 0134,United States,Healthcare,51-200,Outbound,MQL,Partnerships,2026-02-19,2026-09-28,Invalid Email,Standardized,Ready,No,100.0
CRM-000541,Silverline Software,Liam Quinn,liam.quinn@silverlinesoftware.example,+1 514 555 0180,Canada,Technology,1-10,Outbound,MQL,Partnerships,2026-02-19,2026-03-30,None,No Action Needed,Ready,No,100.0
CRM-000542,Pioneer Motors,Dylan Young,dylan.young@pioneermotors.example,+1 813 555 0196,United States,Manufacturing,1000+,Website,Lead,Growth Ops,2026-02-19,2026-04-07,Company Casing,Standardized,Ready,No,100.0
CRM-000543,Brookside Security,Rosa Tanaka,rosa.tanaka@brooksidesecurity.example,+1 646 555 0106,United States,Technology,11-50,Event,Lead,Marketing Ops,2026-02-19,2026-08-20,None,No Action Needed,Ready,No,100.0
CRM-000544,Dunmore Insurance,Hugo Dawson,hugo.dawson@dunmoreinsurance.example,+1 604 555 0148,Canada,Finance,1-10,Outbound,SQL,Partnerships,2026-02-19,2026-05-23,None,No Action Needed,Ready,No,100.0
CRM-000545,Tidewater Software,Victor Pruitt,victor.pruitt@tidewatersoftware.example,+1 720 555 0177,United States,Technology,11-50,Event,Customer,Marketing Ops,2026-02-19,2026-03-16,None,No Action Needed,Ready,No,100.0
CRM-000546,Ironbridge Networks,Aaron Carter,aaron.carter@ironbridgenetworks.example,+44 20 7946 0357,United Kingdom,Technology,11-50,Referral,SQL,Customer Success,2026-02-19,2026-05-13,None,No Action Needed,Ready,No,100.0
CRM-000547,Emberly Analytics,Sofia Patel,,+1 303 555 0109,United States,Technology,1-10,Outbound,Customer,Customer Success,2026-02-20,2026-07-23,Missing Email,Owner Follow-up,Needs Follow-up,Yes,87.5
CRM-000548,Elmwood Realty,Grace Vaughn,grace.vaughn@elmwoodrealty.example,+1 619 555 0112,United States,Professional Services,51-200,Partner,Opportunity,Marketing Ops,2026-02-20,2026-05-07,Missing Phone,Enriched,Ready,No,100.0
CRM-000549,Tidewater Systems,Julia Tanaka,julia.tanaka@tidewatersystems.example,+1 613 555 0114,Canada,Technology,1-10,Partner,Customer,Customer Success,2026-02-20,2026-04-20,Missing Email,Enriched,Ready,No,100.0
CRM-000550,Vista Security,Omar Novak,omar.novak@vistasecurity.example,+1 858 555 0118,United States,Technology,1-10,Event,Lead,Sales Ops,2026-02-20,2026-05-01,None,No Action Needed,Ready,No,100.0
CRM-000551,Kestrel Group,Theo Gallo,theo.gallo@kestrelgroup.example,+44 20 7946 0297,United Kingdom,Professional Services,201-1000,Event,Opportunity,Growth Ops,2026-02-20,2026-07-28,Phone Format,Standardized,Ready,No,100.0
CRM-000552,Unity Studios,Omar Quinn,omar.quinn@unitystudios.example,+1 212 555 0140,United States,Media,51-200,Event,MQL,Growth Ops,2026-02-20,2026-08-11,Phone Format,Standardized,Ready,No,100.0
CRM-000553,Yarrow Supply,Priya Everett,priya.everett@yarrowsupply.example,+44 20 7946 0935,United Kingdom,Logistics,11-50,Referral,Lead,Partnerships,2026-02-20,2026-05-10,None,No Action Needed,Ready,No,100.0
CRM-000554,Larkspur Health,Jonah Nolan,jonah.nolan@larkspurhealth.example,+1 813 555 0112,United States,Healthcare,11-50,Webinar,SQL,Customer Success,2026-02-20,2026-08-29,None,No Action Needed,Ready,No,100.0
CRM-000557,Glenmore Media,Caleb Kerr,caleb.kerr@glenmoremedia.example,+1 503 555 0158,United States,Media,11-50,Event,Lead,Growth Ops,2026-02-21,2026-08-25,None,No Action Needed,Ready,No,100.0
CRM-000558,Inlet Security,Owen Mercer,owen.mercer@inletsecurity.example,+1 415 555 0185,United States,Technology,11-50,Referral,SQL,Growth Ops,2026-02-21,2026-09-12,None,No Action Needed,Ready,No,100.0
CRM-000559,Fernhill Travel,Ava Carter,ava.carter@fernhilltravel.example,+1 516 555 0127,United States,Logistics,11-50,Outbound,Lead,Marketing Ops,2026-02-21,2026-07-18,None,No Action Needed,Ready,No,100.0
CRM-000560,Trailhead Cloud,Ella Young,ella.young@trailheadcloud.example,+1 617 555 0140,United States,Technology,51-200,Event,Opportunity,Partnerships,2026-02-21,2026-04-26,None,No Action Needed,Ready,No,100.0
CRM-000561,Falcon Studios,Liam Carter,liam.carter@falconstudios.example,+1 212 555 0123,United States,Media,11-50,Outbound,Lead,Marketing Ops,2026-02-21,2026-06-03,None,No Action Needed,Ready,No,100.0
CRM-000562,Ulster Analytics,Marcus Pruitt,marcus.pruitt@ulsteranalytics.example,+1 212 555 0195,United States,Technology,1000+,Outbound,MQL,Partnerships,2026-02-21,2026-04-11,None,No Action Needed,Ready,No,100.0
CRM-000563,Peakview Packaging,Amara Abbott,amara.abbott@peakviewpackaging.example,+44 20 7946 0790,United Kingdom,Manufacturing,11-50,Partner,MQL,Marketing Ops,2026-02-21,2026-07-17,None,No Action Needed,Ready,No,100.0
CRM-000564,Brightpath Textiles,Sofia Lowe,sofia.lowe@brightpathtextiles.example,+1 917 555 0168,United States,Manufacturing,11-50,Partner,Lead,Partnerships,2026-02-21,2026-05-21,None,No Action Needed,Ready,No,100.0
CRM-000565,Beacon Cloud,Maya Reeves,maya.reeves@beaconcloud.example,+1 858 555 0171,United States,Technology,201-1000,Website,Customer,Sales Ops,2026-02-22,2026-04-09,None,No Action Needed,Ready,No,100.0
CRM-000566,Ironbridge Retail,Ella Rowe,ella.rowe@ironbridgeretail.example,+1 925 555 0126,United States,Retail,11-50,Website,Customer,Marketing Ops,2026-02-22,2026-06-10,None,No Action Needed,Ready,No,100.0
CRM-000567,Vista Energy,Owen Vaughn,owen.vaughn@vistaenergy.example,+1 212 555 0134,United States,Energy,51-200,Website,SQL,Customer Success,2026-02-22,2026-09-26,None,No Action Needed,Ready,No,100.0
CRM-000568,Willow Consulting,Maya Kerr,maya.kerr@willowconsulting.example,+1 312 555 0106,United States,Professional Services,1-10,Outbound,MQL,Growth Ops,2026-02-22,2026-04-04,Phone Format,Standardized,Ready,No,100.0
CRM-000569,Keystone Marketing,Lena Vaughn,lena.vaughn@keystonemarketing.example,+1 602 555 0163,United States,Media,11-50,Outbound,Customer,Marketing Ops,2026-02-22,2026-09-06,None,No Action Needed,Ready,No,100.0
CRM-000570,Landmark Finance,Julia Shah,julia.shah@landmarkfinance.example,+1 516 555 0101,United States,Finance,1-10,Outbound,Opportunity,Customer Success,2026-02-22,2026-07-28,Phone Format,Standardized,Ready,No,100.0
CRM-000571,Millbrook Software,Hana Barnes,hana.barnes@millbrooksoftware.example,+1 613 555 0159,Canada,Technology,1-10,Outbound,MQL,Marketing Ops,2026-02-22,2026-08-20,Phone Format,Standardized,Ready,No,100.0
CRM-000572,Landmark Systems,Jonah Kerr,jonah.kerr@landmarksystems.example,+1 516 555 0191,United States,Technology,11-50,Webinar,MQL,Partnerships,2026-02-22,2026-08-31,None,No Action Needed,Ready,No,100.0
CRM-000573,Atlas Media,Amara Nolan,amara.nolan@atlasmedia.example,+1 917 555 0102,United States,Media,201-1000,Event,Lead,Sales Ops,2026-02-22,2026-09-30,None,No Action Needed,Ready,No,100.0
CRM-000574,Rosewood Design,Ethan Irving,ethan.irving@rosewooddesign.example,+1 917 555 0147,United States,Media,1-10,Outbound,Customer,Customer Success,2026-02-22,2026-06-19,None,No Action Needed,Ready,No,100.0
CRM-000575,Zenith Robotics,Caleb Barnes,caleb.barnes@zenithrobotics.example,+1 925 555 0115,United States,Technology,11-50,Referral,Lead,Customer Success,2026-02-23,2026-07-10,None,No Action Needed,Ready,No,100.0
CRM-000576,Elmwood Networks,Julia Dawson,julia.dawson@elmwoodnetworks.example,+1 617 555 0118,United States,Technology,11-50,Event,Lead,Marketing Ops,2026-02-23,2026-07-04,None,No Action Needed,Ready,No,100.0
CRM-000577,Prairie Consulting,Julia Everett,julia.everett@prairieconsulting.example,,United States,Professional Services,11-50,Event,Opportunity,Growth Ops,2026-02-23,2026-07-11,Missing Phone,Owner Follow-up,Needs Follow-up,Yes,87.5
CRM-000578,Beacon Systems,Clara Keller,clara.keller@beaconsystems.example,+1 305 555 0117,United States,Technology,51-200,Outbound,MQL,Customer Success,2026-02-23,2026-07-18,None,No Action Needed,Ready,No,100.0
CRM-000579,Norwood Health,Lena Tanaka,lena.tanaka@norwoodhealth.example,+1 305 555 0170,United States,Healthcare,51-200,Referral,Lead,Sales Ops,2026-02-23,2026-05-12,None,No Action Needed,Ready,No,100.0
CRM-000580,Lakeshore Pharma,Maya Pruitt,maya.pruitt@lakeshorepharma.example,+44 20 7946 0418,United Kingdom,Healthcare,1000+,Referral,SQL,Customer Success,2026-02-23,2026-03-22,None,No Action Needed,Ready,No,100.0
CRM-000581,Marlow Marketing,Ella Kerr,ella.kerr@marlowmarketing.example,+1 858 555 0196,United States,Media,51-200,Website,MQL,Marketing Ops,2026-02-23,2026-04-16,Phone Format,Standardized,Ready,No,100.0
CRM-000582,Quarry Finance,Lucas Lawson,lucas.lawson@quarryfinance.example,+1 646 555 0121,United States,Finance,1-10,Website,SQL,Customer Success,2026-02-23,2026-04-07,Phone Format,Standardized,Ready,No,100.0
CRM-000583,Willow Foods,Marcus Morgan,marcus.morgan@willowfoods.example,+1 917 555 0116,United States,Retail,11-50,Website,Opportunity,Marketing Ops,2026-02-23,2026-07-02,None,No Action Needed,Ready,No,100.0
CRM-000584,Riverside Labs,Leah Morgan,leah.morgan@riversidelabs.example,+1 469 555 0104,United States,Technology,11-50,Outbound,MQL,Sales Ops,2026-02-23,2026-07-21,None,No Action Needed,Ready,No,100.0
CRM-000585,Evergreen Staffing,Julia Mercer,julia.mercer@evergreenstaffing.example,+44 20 7946 0818,United Kingdom,Professional Services,1000+,Webinar,Customer,Marketing Ops,2026-02-23,2026-02-24,None,No Action Needed,Ready,No,100.0
CRM-000587,Redwood Security,Ella Barnes,ella.barnes@redwoodsecurity.example,+1 971 555 0131,United States,Technology,201-1000,Partner,MQL,Partnerships,2026-02-24,2026-08-15,None,No Action Needed,Ready,No,100.0
CRM-000588,Raven Logistics,Daniel Hayes,daniel.hayes@ravenlogistics.example,+1 310 555 0148,United States,Logistics,11-50,Referral,SQL,Partnerships,2026-02-24,2026-03-28,Missing Email,Enriched,Ready,No,100.0
CRM-000589,Unity Finance,Ava Pruitt,ava.pruitt@unityfinance.example,+1 305 555 0184,United States,Finance,51-200,Website,Lead,Partnerships,2026-02-24,2026-06-18,None,No Action Needed,Ready,No,100.0
CRM-000590,Trailhead Security,Mira Morgan,mira.morgan@trailheadsecurity.example,+1 415 555 0145,United States,Technology,201-1000,Webinar,SQL,Sales Ops,2026-02-24,2026-05-06,None,No Action Needed,Ready,No,100.0
CRM-000591,Umber Capital,Aaron Quinn,aaron.quinn@umbercapital.example,+1 713 555 0115,United States,Finance,201-1000,Website,Lead,Sales Ops,2026-02-24,2026-04-13,None,No Action Needed,Ready,No,100.0
CRM-000592,Harbor Analytics,Felix Morgan,felix.morgan@harboranalytics.example,+1 212 555 0173,United States,Technology,11-50,Website,SQL,Sales Ops,2026-02-24,2026-09-03,None,No Action Needed,Ready,No,100.0
CRM-000593,Rosewood Services,Alicia Dawson,alicia.dawson@rosewoodservices.example,+44 20 7946 0739,United Kingdom,Professional Services,51-200,Referral,MQL,Growth Ops,2026-02-25,2026-08-07,None,No Action Needed,Ready,No,100.0
CRM-000594,Cascade Marketing,Tessa Irving,tessa.irving@cascademarketing.example,+1 858 555 0194,United States,Media,1-10,Webinar,Opportunity,Partnerships,2026-02-25,2026-03-16,None,No Action Needed,Ready,No,100.0
CRM-000595,Eastgate Motors,Nina Chandra,nina.chandra@eastgatemotors.example,+1 516 555 0187,United States,Manufacturing,11-50,Webinar,SQL,Customer Success,2026-02-25,2026-04-03,None,No Action Needed,Ready,No,100.0
CRM-000596,Juniper Realty,Clara Novak,clara.novak@juniperrealty.example,+1 737 555 0173,United States,Professional Services,11-50,Referral,MQL,Marketing Ops,2026-02-25,2026-07-01,None,No Action Needed,Ready,No,100.0
CRM-000597,Larkspur Foods,Marcus Novak,marcus.novak@larkspurfoods.example,+1 415 555 0134,United States,Retail,201-1000,Event,Customer,Partnerships,2026-02-25,2026-06-19,None,No Action Needed,Ready,No,100.0
CRM-000598,Lakeshore Finance,Mateo Okafor,mateo.okafor@lakeshorefinance.example,+1 415 555 0116,United States,Finance,51-200,Website,Lead,Sales Ops,2026-02-25,2026-05-29,None,No Action Needed,Ready,No,100.0
CRM-000599,Trailhead Industries,Marcus Barnes,marcus.barnes@trailheadindustries.example,+1 713 555 0158,United States,Manufacturing,11-50,Partner,SQL,Marketing Ops,2026-02-25,2026-03-20,None,No Action Needed,Ready,No,100.0
CRM-000600,Quartz Solutions,Priya Tanaka,priya.tanaka@quartzsolutions.example,+1 702 555 0191,United States,Technology,11-50,Webinar,Lead,Growth Ops,2026-02-25,2026-08-29,None,No Action Needed,Ready,No,100.0
CRM-000601,Cascade Education,Sofia Fischer,sofia.fischer@cascadeeducation.example,+1 720 555 0105,United States,Education,1-10,Referral,SQL,Customer Success,2026-02-25,2026-06-04,None,No Action Needed,Ready,No,100.0
CRM-000602,Pinecrest Partners,Rosa Novak,rosa.novak@pinecrestpartners.example,+1 619 555 0179,United States,Professional Services,11-50,Outbound,Lead,Growth Ops,2026-02-25,2026-06-05,None,No Action Needed,Ready,No,100.0
CRM-000603,Raven Security,Aaron Young,aaron.young@ravensecurity.example,+1 425 555 0181,United States,Technology,1-10,Website,MQL,Sales Ops,2026-02-26,2026-09-16,Missing Phone,Enriched,Ready,No,100.0
CRM-000604,Meridian Packaging,Theo Tanaka,theo.tanaka@meridianpackaging.example,+1 713 555 0182,United States,Manufacturing,1-10,Website,Opportunity,Sales Ops,2026-02-26,2026-03-21,None,No Action Needed,Ready,No,100.0
CRM-000605,Goldcrest Packaging,Caleb Young,caleb.young@goldcrestpackaging.example,+1 404 555 0198,United States,Manufacturing,1-10,Website,MQL,Growth Ops,2026-02-26,2026-06-15,Missing Industry,Enriched,Ready,No,100.0
CRM-000606,Prairie Systems,Ravi Brooks,ravi.brooks@prairiesystems.example,+1 713 555 0107,United States,Technology,11-50,Partner,MQL,Sales Ops,2026-02-26,2026-04-21,None,No Action Needed,Ready,No,100.0
CRM-000607,Hawthorn Industries,Ava Foster,ava.foster@hawthornindustries.example,+1 415 555 0128,United States,Manufacturing,51-200,Website,Customer,Sales Ops,2026-02-26,2026-07-17,None,No Action Needed,Ready,No,100.0
CRM-000608,Keystone Realty,Priya Gallo,priya.gallo@keystonerealty.example,+1 516 555 0103,United States,Professional Services,11-50,Website,Lead,Marketing Ops,2026-02-26,2026-02-26,Company Casing,Standardized,Ready,No,100.0
CRM-000609,BluePeak Services,Liam Chandra,liam.chandra@bluepeakservices.example,+1 628 555 0122,United States,Professional Services,201-1000,Outbound,Opportunity,Customer Success,2026-02-26,2026-09-06,None,No Action Needed,Ready,No,100.0
CRM-000610,Glenmore Works,Grace Reeves,grace.reeves@glenmoreworks.example,+44 20 7946 0069,United Kingdom,Manufacturing,11-50,Event,MQL,Growth Ops,2026-02-26,2026-04-10,None,No Action Needed,Ready,No,100.0
CRM-000611,Bridgewater Energy,Hugo Delgado,hugo.delgado@bridgewaterenergy.example,+44 20 7946 0577,United Kingdom,Energy,1-10,Referral,Lead,Partnerships,2026-02-26,2026-05-05,None,No Action Needed,Ready,No,100.0
CRM-000612,Bridgewater Software,Zara Ellis,zara.ellis@bridgewatersoftware.example,+1 480 555 0187,United States,Technology,1000+,Webinar,Lead,Customer Success,2026-02-26,2026-03-01,Phone Format,Standardized,Ready,No,100.0
CRM-000613,Wexford Health,Ravi Jensen,ravi.jensen@wexfordhealth.example,+1 617 555 0120,United States,Healthcare,11-50,Website,MQL,Growth Ops,2026-02-26,2026-06-24,Phone Format,Standardized,Ready,No,100.0
CRM-000614,Riverside Cloud,Lucas Walsh,lucas.walsh@riversidecloud.example,+1 480 555 0110,United States,Technology,201-1000,Website,MQL,Sales Ops,2026-02-26,2026-08-27,Phone Format,Standardized,Ready,No,100.0
CRM-000615,Fernhill Partners,Ethan Rowe,ethan.rowe@fernhillpartners.example,+1 720 555 0158,United States,Professional Services,51-200,Event,SQL,Marketing Ops,2026-02-26,2026-05-06,None,No Action Needed,Ready,No,100.0
CRM-000616,Alder Media,Lena Mercer,lena.mercer@aldermedia.example,+1 303 555 0186,United States,Media,11-50,Outbound,MQL,Sales Ops,2026-02-26,2026-03-14,None,No Action Needed,Ready,No,100.0
CRM-000617,Juniper Systems,Mira Grant,mira.grant@junipersystems.example,+1 516 555 0126,United States,Technology,1-10,Website,Customer,Partnerships,2026-02-26,2026-08-31,None,No Action Needed,Ready,No,100.0
CRM-000618,Trailhead Retail,Sofia Okafor,sofia.okafor@trailheadretail.example,+1 503 555 0184,United States,,11-50,Website,Opportunity,Sales Ops,2026-02-27,2026-07-14,Missing Industry,Owner Follow-up,Needs Follow-up,Yes,87.5
CRM-000619,Jasper Education,Owen Nolan,owen.nolan@jaspereducation.example,+1 503 555 0171,United States,Education,11-50,Website,Customer,Partnerships,2026-02-27,2026-08-26,Phone Format,Standardized,Ready,No,100.0
CRM-000620,Bayview Software,Grace Lawson,grace.lawson@bayviewsoftware.example,+1 613 555 0119,Canada,Technology,51-200,Webinar,MQL,Growth Ops,2026-02-27,2026-04-24,None,No Action Needed,Ready,No,100.0
CRM-000621,Olive Cloud,Ethan Hayes,ethan.hayes@olivecloud.example,+1 617 555 0149,United States,Technology,1-10,Outbound,Customer,Growth Ops,2026-02-27,2026-09-06,Phone Format,Standardized,Ready,No,100.0
CRM-000622,Skyline Security,Isaac Grant,isaac.grant@skylinesecurity.example,+1 602 555 0172,United States,Technology,1-10,Website,Lead,Growth Ops,2026-02-27,2026-07-18,None,No Action Needed,Ready,No,100.0
CRM-000623,Meridian Foods,Mateo Morgan,mateo.morgan@meridianfoods.example,+1 480 555 0188,United States,Retail,51-200,Event,MQL,Marketing Ops,2026-02-27,2026-05-03,None,No Action Needed,Ready,No,100.0
CRM-000624,Stonebridge Insurance,Ella Dawson,ella.dawson@stonebridgeinsurance.example,+1 516 555 0113,United States,Finance,1000+,Outbound,Lead,Growth Ops,2026-02-27,2026-05-11,None,No Action Needed,Ready,No,100.0
CRM-000625,Hollis Labs,Hugo Dawson,hugo.dawson@hollislabs.example,+1 469 555 0131,United States,Technology,11-50,Website,MQL,Sales Ops,2026-02-27,2026-03-21,Missing Email,Enriched,Ready,No,100.0
CRM-000626,Maple Solutions,Lena Patel,lena.patel@maplesolutions.example,+1 917 555 0117,United States,Technology,201-1000,Website,Lead,Customer Success,2026-02-27,2026-04-07,None,No Action Needed,Ready,No,100.0
CRM-000627,Kingfisher Education,Lena Brooks,lena.brooks@kingfishereducation.example,+1 858 555 0183,United States,Education,1-10,Outbound,Lead,Marketing Ops,2026-02-27,2026-08-04,None,No Action Needed,Ready,No,100.0
CRM-000628,Aspen Pharma,Ella Delgado,ella.delgado@aspenpharma.example,+1 949 555 0167,United States,Healthcare,1-10,Webinar,MQL,Marketing Ops,2026-02-27,2026-08-10,None,No Action Needed,Ready,No,100.0
CRM-000629,Linden Studios,Sofia Delgado,sofia.delgado@lindenstudios.example,+1 613 555 0176,Canada,Media,11-50,Event,MQL,Partnerships,2026-02-27,2026-08-31,None,No Action Needed,Ready,No,100.0
CRM-000630,Greenline Analytics,Ravi Turner,ravi.turner@greenlineanalytics.example,+1 404 555 0160,United States,Technology,1000+,Webinar,SQL,Partnerships,2026-02-27,2026-04-30,None,No Action Needed,Ready,No,100.0
CRM-000631,Canyon Analytics,Ella Keller,ella.keller@canyonanalytics.example,,United States,Technology,1-10,Referral,Lead,Sales Ops,2026-02-27,2026-05-17,Missing Phone,Owner Follow-up,Needs Follow-up,Yes,87.5
CRM-000632,Gladstone Staffing,Ines Irving,ines.irving@gladstonestaffing.example,+1 858 555 0134,United States,Professional Services,11-50,Website,SQL,Customer Success,2026-02-28,2026-06-06,Duplicate Email,Merged,Ready,No,100.0
CRM-000633,Amberly Solutions,Leah Nolan,leah.nolan@amberlysolutions.example,+1 403 555 0181,Canada,Technology,11-50,Website,Opportunity,Partnerships,2026-02-28,2026-03-23,None,No Action Needed,Ready,No,100.0
CRM-000634,Jasper Health,Caleb Dawson,caleb.dawson@jasperhealth.example,+1 617 555 0191,United States,Healthcare,11-50,Website,Lead,Growth Ops,2026-02-28,2026-07-16,Duplicate Company,Merged,Ready,No,100.0
CRM-000635,Trailhead Foods,Tessa Jensen,,+1 310 555 0140,United States,Retail,201-1000,Website,Lead,Marketing Ops,2026-02-28,2026-04-16,Invalid Email,Owner Follow-up,Needs Follow-up,Yes,87.5
CRM-000636,Goldcrest Consulting,Jonah Abbott,jonah.abbott@goldcrestconsulting.example,+1 303 555 0149,United States,Professional Services,51-200,Website,MQL,Partnerships,2026-02-28,2026-08-28,Company Casing,Standardized,Ready,No,100.0
CRM-000637,Evergreen Pharma,Ella Keller,ella.keller@evergreenpharma.example,+1 604 555 0190,Canada,Healthcare,1-10,Website,MQL,Growth Ops,2026-02-28,2026-05-28,None,No Action Needed,Ready,No,100.0
CRM-000638,Prairie Partners,Ella Brooks,ella.brooks@prairiepartners.example,+1 917 555 0149,United States,Professional Services,1-10,Webinar,Lead,Partnerships,2026-02-28,2026-05-25,None,No Action Needed,Ready,No,100.0
CRM-000639,Bayview Insurance,Daniel Jensen,daniel.jensen@bayviewinsurance.example,+1 617 555 0194,United States,Finance,51-200,Partner,Lead,Customer Success,2026-02-28,2026-09-14,None,No Action Needed,Ready,No,100.0
CRM-000640,Eastgate Retail,Ethan Vaughn,ethan.vaughn@eastgateretail.example,+1 206 555 0144,United States,Retail,1-10,Website,Opportunity,Growth Ops,2026-02-28,2026-05-17,None,No Action Needed,Ready,No,100.0
CRM-000641,Sable Media,Julia Quinn,julia.quinn@sablemedia.example,+1 404 555 0169,United States,Media,1-10,Referral,SQL,Sales Ops,2026-02-28,2026-08-17,None,No Action Needed,Ready,No,100.0
CRM-000642,Jasper Capital,Victor Kerr,victor.kerr@jaspercapital.example,+1 602 555 0158,United States,Finance,11-50,Referral,Customer,Marketing Ops,2026-02-28,2026-04-10,Duplicate Email,Merged,Ready,No,100.0
CRM-000643,Alder Design,Alicia Hayes,alicia.hayes@alderdesign.example,+1 925 555 0165,United States,Media,201-1000,Website,Opportunity,Marketing Ops,2026-02-28,2026-07-27,Company Casing,Standardized,Ready,No,100.0
CRM-000644,Ridgeline Design,Marcus Sutton,marcus.sutton@ridgelinedesign.example,,United States,Media,1-10,Outbound,SQL,Partnerships,2026-02-28,2026-09-10,Missing Phone,Owner Follow-up,Needs Follow-up,Yes,87.5
CRM-000645,Ashford Cloud,Ethan Jensen,ethan.jensen@ashfordcloud.example,+1 206 555 0111,United States,Technology,11-50,Website,Opportunity,Customer Success,2026-02-28,2026-03-26,None,No Action Needed,Ready,No,100.0
CRM-000646,Sable Packaging,Ella Brooks,ella.brooks@sablepackaging.example,+1 303 555 0158,United States,Manufacturing,51-200,Website,SQL,Marketing Ops,2026-02-28,2026-06-23,None,No Action Needed,Ready,No,100.0
CRM-000647,Indigo Motors,Ethan Delgado,ethan.delgado@indigomotors.example,+1 512 555 0195,United States,Manufacturing,51-200,Outbound,MQL,Growth Ops,2026-02-28,2026-07-06,None,No Action Needed,Ready,No,100.0
CRM-000648,Highland Logistics,Grace Rowe,grace.rowe@highlandlogistics.example,+1 206 555 0171,United States,Logistics,51-200,Event,Lead,Sales Ops,2026-02-28,2026-05-04,None,No Action Needed,Ready,No,100.0
CRM-000649,Riverside Capital,Zara Ivers,zara.ivers@riversidecapital.example,+1 416 555 0100,Canada,Finance,11-50,Referral,Lead,Customer Success,2026-02-28,2026-05-07,None,No Action Needed,Ready,No,100.0
CRM-000650,Glenmore Group,Hugo Irving,hugo.irving@glenmoregroup.example,+1 925 555 0151,United States,Professional Services,11-50,Webinar,SQL,Marketing Ops,2026-03-01,2026-05-25,None,No Action Needed,Ready,No,100.0
CRM-000651,Aspen Supply,Marcus Pruitt,marcus.pruitt@aspensupply.example,+1 480 555 0185,United States,Logistics,1-10,Website,Lead,Customer Success,2026-03-01,2026-05-25,None,No Action Needed,Ready,No,100.0
CRM-000652,Trailhead Software,Lena Morgan,lena.morgan@trailheadsoftware.example,+1 310 555 0117,United States,Technology,51-200,Webinar,Customer,Sales Ops,2026-03-01,2026-07-11,None,No Action Needed,Ready,No,100.0
CRM-000653,Verdant Security,Nina Shah,nina.shah@verdantsecurity.example,+1 305 555 0160,United States,Technology,1-10,Referral,SQL,Growth Ops,2026-03-01,2026-06-02,Company Casing,Standardized,Ready,No,100.0
CRM-000654,Zenith Software,Julia Ivers,julia.ivers@zenithsoftware.example,+44 20 7946 0512,United Kingdom,Technology,51-200,Outbound,MQL,Customer Success,2026-03-01,2026-06-14,None,No Action Needed,Ready,No,100.0
CRM-000655,Stonebridge Media,Mateo Sutton,mateo.sutton@stonebridgemedia.example,+1 206 555 0162,United States,Media,51-200,Website,Opportunity,Partnerships,2026-03-01,2026-06-20,None,No Action Needed,Ready,No,100.0
CRM-000656,Oxbow Retail,Marcus Young,marcus.young@oxbowretail.example,+1 303 555 0163,United States,Retail,1000+,Partner,Opportunity,Growth Ops,2026-03-01,2026-05-11,None,No Action Needed,Ready,No,100.0
CRM-000657,Summit Services,Theo Foster,theo.foster@summitservices.example,+1 305 555 0189,United States,Professional Services,11-50,Website,MQL,Sales Ops,2026-03-01,2026-05-04,Missing Industry,Enriched,Ready,No,100.0
CRM-000658,Copperfield Works,Mira Keller,mira.keller@copperfieldworks.example,+1 613 555 0173,Canada,Manufacturing,11-50,Referral,Customer,Growth Ops,2026-03-02,2026-09-03,Invalid Email,Standardized,Ready,No,100.0
CRM-000659,Granite Retail,Julia Sutton,julia.sutton@graniteretail.example,+1 310 555 0152,United States,Retail,201-1000,Website,Lead,Marketing Ops,2026-03-02,2026-07-07,None,No Action Needed,Ready,No,100.0
CRM-000660,Ulster Travel,Hugo Barnes,hugo.barnes@ulstertravel.example,+44 20 7946 0700,United Kingdom,Logistics,1-10,Outbound,Lead,Sales Ops,2026-03-02,2026-05-23,None,No Action Needed,Ready,No,100.0
CRM-000661,Pembroke Works,Caleb Vaughn,caleb.vaughn@pembrokeworks.example,+1 206 555 0124,United States,Manufacturing,1-10,Outbound,MQL,Growth Ops,2026-03-02,2026-05-06,None,No Action Needed,Ready,No,100.0
CRM-000662,Brightpath Insurance,Hugo Novak,hugo.novak@brightpathinsurance.example,+1 602 555 0159,United States,Finance,51-200,Website,Lead,Marketing Ops,2026-03-02,2026-03-05,None,No Action Needed,Ready,No,100.0
CRM-000663,Zephyr Partners,Hana Pruitt,hana.pruitt@zephyrpartners.example,+1 713 555 0137,United States,Professional Services,1-10,Website,Customer,Marketing Ops,2026-03-02,2026-07-29,None,No Action Needed,Ready,No,100.0
CRM-000664,Falcon Systems,Naomi Pruitt,naomi.pruitt@falconsystems.example,+1 619 555 0184,United States,Technology,1-10,Referral,Lead,Growth Ops,2026-03-02,2026-07-27,None,No Action Needed,Ready,No,100.0
CRM-000665,Upland Pharma,Amara Ivers,,+1 949 555 0162,United States,Healthcare,1000+,Website,Lead,Sales Ops,2026-03-03,2026-07-11,Missing Email,Owner Follow-up,Needs Follow-up,Yes,87.5
CRM-000666,Harbor Staffing,Felix Ortega,felix.ortega@harborstaffing.example,+1 619 555 0130,United States,Professional Services,1000+,Website,MQL,Partnerships,2026-03-03,2026-07-03,Missing Email,Enriched,Ready,No,100.0
CRM-000667,Verdant Logistics,Zara Vaughn,zara.vaughn@verdantlogistics.example,+1 512 555 0169,United States,Logistics,1000+,Referral,Lead,Sales Ops,2026-03-03,2026-09-23,Missing Email,Enriched,Ready,No,100.0
CRM-000668,Summit Marketing,Ines Delgado,ines.delgado@summitmarketing.example,+44 20 7946 0785,United Kingdom,Media,1-10,Outbound,SQL,Partnerships,2026-03-03,2026-05-13,None,No Action Needed,Ready,No,100.0
CRM-000669,Summit Media,Dylan Abbott,dylan.abbott@summitmedia.example,+1 512 555 0111,United States,,1-10,Event,SQL,Customer Success,2026-03-03,2026-07-31,Missing Industry,Owner Follow-up,Needs Follow-up,Yes,87.5
CRM-000670,Dunmore Analytics,Ella Hayes,,+1 925 555 0158,United States,Technology,51-200,Webinar,Customer,Customer Success,2026-03-03,2026-05-25,Invalid Email,Owner Follow-up,Needs Follow-up,Yes,87.5
CRM-000671,Zenith Networks,Ava Okafor,,+44 20 7946 0638,United Kingdom,Technology,201-1000,Webinar,Opportunity,Marketing Ops,2026-03-03,2026-06-02,Invalid Email,Owner Follow-up,Needs Follow-up,Yes,87.5
CRM-000672,Brookside Networks,Ava Hartley,ava.hartley@brooksidenetworks.example,+1 813 555 0119,United States,Technology,201-1000,Outbound,SQL,Sales Ops,2026-03-03,2026-03-23,None,No Action Needed,Ready,No,100.0
CRM-000673,Hawthorn Realty,Ines Lawson,ines.lawson@hawthornrealty.example,+1 713 555 0124,United States,Professional Services,11-50,Website,SQL,Customer Success,2026-03-03,2026-07-27,None,No Action Needed,Ready,No,100.0
CRM-000674,Lakeshore Capital,Omar Turner,omar.turner@lakeshorecapital.example,+44 20 7946 0607,United Kingdom,Finance,1-10,Referral,SQL,Marketing Ops,2026-03-03,2026-07-12,Invalid Email,Standardized,Ready,No,100.0
CRM-000675,Quarry Services,Isaac Grant,isaac.grant@quarryservices.example,+1 925 555 0116,United States,Professional Services,1-10,Referral,SQL,Growth Ops,2026-03-03,2026-07-21,Invalid Email,Standardized,Ready,No,100.0
CRM-000676,Dunmore Media,Ava Jensen,ava.jensen@dunmoremedia.example,+1 646 555 0129,United States,Media,11-50,Referral,MQL,Customer Success,2026-03-03,2026-06-06,None,No Action Needed,Ready,No,100.0
CRM-000678,Clearwater Finance,Jonah Keller,jonah.keller@clearwaterfinance.example,+1 901 555 0136,United States,Finance,51-200,Webinar,Lead,Sales Ops,2026-03-04,2026-05-07,None,No Action Needed,Ready,No,100.0
CRM-000679,Driftwood Staffing,Maya Morgan,maya.morgan@driftwoodstaffing.example,+1 720 555 0133,United States,Professional Services,51-200,Outbound,SQL,Sales Ops,2026-03-04,2026-04-19,Company Casing,Standardized,Ready,No,100.0
CRM-000680,Highland Health,Nina Novak,nina.novak@highlandhealth.example,+1 720 555 0108,United States,Healthcare,1-10,Outbound,Lead,Growth Ops,2026-03-04,2026-08-29,None,No Action Needed,Ready,No,100.0
CRM-000681,Zephyr Supply,Theo Pruitt,theo.pruitt@zephyrsupply.example,+1 813 555 0155,United States,Logistics,1000+,Website,MQL,Sales Ops,2026-03-04,2026-07-18,None,No Action Needed,Ready,No,100.0
CRM-000682,Dovetail Energy,Caleb Lawson,caleb.lawson@dovetailenergy.example,+1 858 555 0177,United States,Energy,1-10,Website,Opportunity,Growth Ops,2026-03-04,2026-06-29,None,No Action Needed,Ready,No,100.0
CRM-000683,Highland Industries,Owen Chandra,owen.chandra@highlandindustries.example,+1 628 555 0101,United States,Manufacturing,1-10,Referral,SQL,Customer Success,2026-03-04,2026-05-13,Missing Industry,Enriched,Ready,No,100.0
CRM-000684,Ulster Motors,Aaron Reeves,aaron.reeves@ulstermotors.example,+1 514 555 0147,Canada,,1-10,Outbound,Lead,Sales Ops,2026-03-04,2026-03-22,Missing Industry,Owner Follow-up,Needs Follow-up,Yes,87.5
CRM-000685,Harbor Packaging,Clara Lowe,clara.lowe@harborpackaging.example,+1 619 555 0194,United States,Manufacturing,11-50,Outbound,MQL,Marketing Ops,2026-03-04,2026-07-31,None,No Action Needed,Ready,No,100.0
CRM-000686,Kestrel Analytics,Alicia Novak,alicia.novak@kestrelanalytics.example,+1 971 555 0146,United States,Technology,51-200,Website,Customer,Growth Ops,2026-03-04,2026-05-25,None,No Action Needed,Ready,No,100.0
CRM-000687,Landmark Design,Aaron Gallo,aaron.gallo@landmarkdesign.example,,United States,Media,1-10,Event,Lead,Growth Ops,2026-03-04,2026-09-04,Missing Phone,Owner Follow-up,Needs Follow-up,Yes,87.5
CRM-000688,Northstar Energy,Mira Young,,+44 20 7946 0800,United Kingdom,Energy,51-200,Referral,MQL,Partnerships,2026-03-04,2026-06-20,Missing Email,Owner Follow-up,Needs Follow-up,Yes,87.5
CRM-000689,Vista Packaging,Omar Shah,omar.shah@vistapackaging.example,+1 480 555 0173,United States,Manufacturing,11-50,Website,Lead,Partnerships,2026-03-05,2026-07-30,None,No Action Needed,Ready,No,100.0
CRM-000690,Fairview Services,Theo Young,theo.young@fairviewservices.example,+44 20 7946 0908,United Kingdom,Professional Services,11-50,Outbound,SQL,Growth Ops,2026-03-05,2026-07-08,None,No Action Needed,Ready,No,100.0
CRM-000691,Quill Realty,Noah Foster,noah.foster@quillrealty.example,+1 403 555 0129,Canada,Professional Services,51-200,Website,SQL,Sales Ops,2026-03-05,2026-06-29,Company Casing,Standardized,Ready,No,100.0
CRM-000692,Amberly Energy,Mateo Lawson,mateo.lawson@amberlyenergy.example,+1 415 555 0184,United States,Energy,1-10,Referral,MQL,Marketing Ops,2026-03-05,2026-07-10,None,No Action Needed,Ready,No,100.0
CRM-000693,Marlow Insurance,Grace Brooks,grace.brooks@marlowinsurance.example,+1 713 555 0120,United States,Finance,11-50,Event,SQL,Marketing Ops,2026-03-05,2026-08-04,None,No Action Needed,Ready,No,100.0
CRM-000694,Atlas Energy,Dylan Quinn,dylan.quinn@atlasenergy.example,+1 212 555 0161,United States,Energy,11-50,Webinar,MQL,Partnerships,2026-03-05,2026-04-19,None,No Action Needed,Ready,No,100.0
CRM-000695,Kingfisher Realty,Aaron Jordan,aaron.jordan@kingfisherrealty.example,+1 503 555 0174,United States,Professional Services,51-200,Outbound,SQL,Marketing Ops,2026-03-05,2026-08-12,Invalid Email,Standardized,Ready,No,100.0
CRM-000696,Harbor Solutions,Priya Mercer,priya.mercer@harborsolutions.example,+1 971 555 0133,United States,Technology,1-10,Partner,Lead,Partnerships,2026-03-05,2026-04-21,None,No Action Needed,Ready,No,100.0
CRM-000697,Lighthouse Works,Dylan Foster,dylan.foster@lighthouseworks.example,+1 312 555 0168,United States,Manufacturing,51-200,Event,MQL,Sales Ops,2026-03-05,2026-08-23,None,No Action Needed,Ready,No,100.0
CRM-000698,Elmwood Finance,Ethan Ivers,ethan.ivers@elmwoodfinance.example,+1 646 555 0160,United States,Finance,11-50,Partner,Customer,Customer Success,2026-03-05,2026-09-23,Company Casing,Standardized,Ready,No,100.0
CRM-000699,Millbrook Finance,Priya Gallo,priya.gallo@millbrookfinance.example,+1 925 555 0150,United States,Finance,1-10,Outbound,Opportunity,Growth Ops,2026-03-05,2026-09-11,None,No Action Needed,Ready,No,100.0
CRM-000700,Sable Pharma,Ethan Novak,ethan.novak@sablepharma.example,+1 305 555 0191,United States,Healthcare,201-1000,Website,Lead,Sales Ops,2026-03-06,2026-07-07,None,No Action Needed,Ready,No,100.0
CRM-000701,Millbrook Retail,Maya Young,maya.young@millbrookretail.example,+1 613 555 0130,Canada,Retail,51-200,Referral,SQL,Partnerships,2026-03-06,2026-04-14,None,No Action Needed,Ready,No,100.0
CRM-000702,Redwood Systems,Victor Grant,victor.grant@redwoodsystems.example,+1 516 555 0190,United States,Technology,201-1000,Website,MQL,Marketing Ops,2026-03-06,2026-08-12,None,No Action Needed,Ready,No,100.0
CRM-000703,Northstar Design,Leah Gallo,leah.gallo@northstardesign.example,+44 20 7946 0033,United Kingdom,Media,1000+,Outbound,SQL,Sales Ops,2026-03-06,2026-05-07,None,No Action Needed,Ready,No,100.0
CRM-000704,Gladstone Solutions,Aaron Vaughn,aaron.vaughn@gladstonesolutions.example,+1 415 555 0153,United States,Technology,1-10,Outbound,Opportunity,Marketing Ops,2026-03-06,2026-09-24,None,No Action Needed,Ready,No,100.0
CRM-000705,Fairview Energy,Alicia Gallo,alicia.gallo@fairviewenergy.example,+1 514 555 0140,Canada,Energy,11-50,Outbound,Customer,Sales Ops,2026-03-06,2026-06-03,Company Casing,Standardized,Ready,No,100.0
CRM-000706,Prairie Capital,Victor Reeves,victor.reeves@prairiecapital.example,+1 303 555 0137,United States,Finance,11-50,Outbound,Customer,Partnerships,2026-03-06,2026-09-15,None,No Action Needed,Ready,No,100.0
CRM-000707,Dovetail Systems,Julia Irving,julia.irving@dovetailsystems.example,+1 303 555 0156,United States,Technology,1-10,Website,SQL,Growth Ops,2026-03-06,2026-08-28,None,No Action Needed,Ready,No,100.0
CRM-000708,Oxbow Staffing,Julia Tanaka,julia.tanaka@oxbowstaffing.example,+1 425 555 0126,United States,Professional Services,51-200,Outbound,Customer,Growth Ops,2026-03-06,2026-09-16,None,No Action Needed,Ready,No,100.0
CRM-000709,Indigo Networks,Kai Chandra,,+1 312 555 0101,United States,Technology,201-1000,Website,Lead,Marketing Ops,2026-03-06,2026-05-31,Missing Email,Owner Follow-up,Needs Follow-up,Yes,87.5
CRM-000710,Trailhead Pharma,Alicia Young,alicia.young@trailheadpharma.example,+1 206 555 0174,United States,Healthcare,11-50,Website,MQL,Partnerships,2026-03-06,2026-06-26,None,No Action Needed,Ready,No,100.0
CRM-000711,Willow Logistics,Jonah Brooks,jonah.brooks@willowlogistics.example,+1 602 555 0130,United States,Logistics,1000+,Referral,Lead,Customer Success,2026-03-06,2026-08-04,None,No Action Needed,Ready,No,100.0
CRM-000712,Thornfield Labs,Ella Lawson,ella.lawson@thornfieldlabs.example,+1 512 555 0135,United States,Technology,11-50,Website,MQL,Marketing Ops,2026-03-07,2026-09-30,None,No Action Needed,Ready,No,100.0
CRM-000713,Goldcrest Works,Sofia Abbott,sofia.abbott@goldcrestworks.example,+1 480 555 0146,United States,Manufacturing,11-50,Website,Lead,Growth Ops,2026-03-07,2026-07-04,Invalid Email,Standardized,Ready,No,100.0
CRM-000714,Oakridge Services,Alicia Young,alicia.young@oakridgeservices.example,+1 503 555 0103,United States,Professional Services,1-10,Event,MQL,Sales Ops,2026-03-07,2026-07-16,None,No Action Needed,Ready,No,100.0
CRM-000715,Dovetail Networks,Liam Patel,liam.patel@dovetailnetworks.example,+1 949 555 0163,United States,Technology,1000+,Referral,Lead,Sales Ops,2026-03-07,2026-06-01,None,No Action Needed,Ready,No,100.0
CRM-000716,Raven Software,Caleb Barnes,caleb.barnes@ravensoftware.example,+1 310 555 0133,United States,Technology,51-200,Webinar,SQL,Sales Ops,2026-03-07,2026-03-09,Duplicate Email,Merged,Ready,No,100.0
CRM-000717,Redwood Cloud,Owen Young,owen.young@redwoodcloud.example,+1 212 555 0138,United States,Technology,51-200,Event,Lead,Customer Success,2026-03-07,2026-07-24,None,No Action Needed,Ready,No,100.0
CRM-000718,Willow Partners,Naomi Fischer,naomi.fischer@willowpartners.example,+1 503 555 0157,United States,Professional Services,1-10,Referral,Customer,Sales Ops,2026-03-07,2026-05-17,None,No Action Needed,Ready,No,100.0
CRM-000719,Quill Robotics,Julia Hayes,julia.hayes@quillrobotics.example,+1 901 555 0180,United States,Technology,1-10,Website,MQL,Growth Ops,2026-03-07,2026-05-07,None,No Action Needed,Ready,No,100.0
CRM-000720,Emberly Robotics,Victor Jordan,victor.jordan@emberlyrobotics.example,+44 20 7946 0667,United Kingdom,Technology,11-50,Outbound,Lead,Partnerships,2026-03-07,2026-07-18,None,No Action Needed,Ready,No,100.0
CRM-000721,Ridgeline Cloud,Ella Everett,,+1 480 555 0109,United States,Technology,11-50,Referral,Customer,Growth Ops,2026-03-07,2026-06-13,Missing Email,Owner Follow-up,Needs Follow-up,Yes,87.5
CRM-000722,Inlet Software,Marcus Barnes,marcus.barnes@inletsoftware.example,+1 602 555 0140,United States,Technology,1-10,Outbound,Lead,Marketing Ops,2026-03-07,2026-07-27,None,No Action Needed,Ready,No,100.0
CRM-000723,Pinecrest Systems,Victor Tanaka,victor.tanaka@pinecrestsystems.example,+1 404 555 0135,United States,Technology,11-50,Referral,Lead,Marketing Ops,2026-03-08,2026-05-01,Phone Format,Standardized,Ready,No,100.0
CRM-000724,Atlas Travel,Ines Turner,ines.turner@atlastravel.example,+1 310 555 0193,United States,Logistics,51-200,Outbound,Lead,Marketing Ops,2026-03-08,2026-08-04,None,No Action Needed,Ready,No,100.0
CRM-000725,Hollis Logistics,Victor Brooks,victor.brooks@hollislogistics.example,+1 737 555 0136,United States,Logistics,11-50,Event,Lead,Marketing Ops,2026-03-08,2026-04-21,Missing Phone,Enriched,Ready,No,100.0
CRM-000726,Granite Studios,Ravi Keller,ravi.keller@granitestudios.example,+1 901 555 0188,United States,Media,51-200,Website,MQL,Sales Ops,2026-03-08,2026-06-28,None,No Action Needed,Ready,No,100.0
CRM-000727,Copperfield Pharma,Marcus Jensen,marcus.jensen@copperfieldpharma.example,+1 720 555 0173,United States,Healthcare,51-200,Event,SQL,Growth Ops,2026-03-08,2026-06-15,None,No Action Needed,Ready,No,100.0
CRM-000728,Pioneer Labs,Zara Lowe,zara.lowe@pioneerlabs.example,+1 619 555 0128,United States,Technology,11-50,Webinar,Customer,Customer Success,2026-03-08,2026-05-20,None,No Action Needed,Ready,No,100.0
CRM-000729,Quartz Services,Ethan Young,ethan.young@quartzservices.example,+1 516 555 0148,United States,Professional Services,11-50,Referral,Customer,Partnerships,2026-03-08,2026-07-01,Duplicate Email,Merged,Ready,No,100.0
CRM-000730,Fairview Education,Ava Chandra,ava.chandra@fairvieweducation.example,+1 312 555 0111,United States,Education,1-10,Website,Lead,Customer Success,2026-03-08,2026-06-03,Phone Format,Standardized,Ready,No,100.0
CRM-000732,Wexford Retail,Mateo Young,mateo.young@wexfordretail.example,+1 617 555 0147,United States,Retail,1-10,Website,Lead,Growth Ops,2026-03-09,2026-03-30,None,No Action Needed,Ready,No,100.0
CRM-000733,Amberly Security,Ines Fischer,ines.fischer@amberlysecurity.example,+1 425 555 0132,United States,Technology,1-10,Outbound,Lead,Marketing Ops,2026-03-09,2026-08-20,Missing Industry,Enriched,Ready,No,100.0
CRM-000734,Eastgate Consulting,Caleb Okafor,caleb.okafor@eastgateconsulting.example,+1 403 555 0144,Canada,Professional Services,11-50,Website,MQL,Customer Success,2026-03-09,2026-09-17,None,No Action Needed,Ready,No,100.0
CRM-000735,Pinecrest Design,Ella Shah,ella.shah@pinecrestdesign.example,+1 858 555 0193,United States,Media,51-200,Website,SQL,Sales Ops,2026-03-09,2026-05-09,Phone Format,Standardized,Ready,No,100.0
CRM-000736,Newport Works,Maya Keller,maya.keller@newportworks.example,+1 404 555 0165,United States,Manufacturing,201-1000,Referral,Lead,Customer Success,2026-03-09,2026-09-10,None,No Action Needed,Ready,No,100.0
CRM-000737,Lakeshore Robotics,Hana Jensen,hana.jensen@lakeshorerobotics.example,+1 613 555 0113,Canada,Technology,1-10,Event,Opportunity,Customer Success,2026-03-09,2026-03-12,None,No Action Needed,Ready,No,100.0
CRM-000738,Millbrook Robotics,Hugo Fischer,hugo.fischer@millbrookrobotics.example,+1 403 555 0137,Canada,Technology,201-1000,Outbound,Lead,Customer Success,2026-03-09,2026-06-06,None,No Action Needed,Ready,No,100.0
CRM-000739,Alder Works,Leah Tanaka,leah.tanaka@alderworks.example,+1 512 555 0127,United States,Manufacturing,1-10,Website,Lead,Growth Ops,2026-03-09,2026-06-29,None,No Action Needed,Ready,No,100.0
CRM-000740,Hawthorn Finance,Ethan Patel,ethan.patel@hawthornfinance.example,+1 415 555 0111,United States,Finance,11-50,Website,Lead,Marketing Ops,2026-03-09,2026-03-30,Missing Email,Enriched,Ready,No,100.0
CRM-000741,Wexford Systems,Lucas Chandra,,+1 303 555 0106,United States,Technology,11-50,Partner,Customer,Marketing Ops,2026-03-09,2026-08-12,Invalid Email,Owner Follow-up,Needs Follow-up,Yes,87.5
CRM-000742,Beacon Education,Grace Shah,grace.shah@beaconeducation.example,+1 604 555 0167,Canada,Education,51-200,Website,Lead,Sales Ops,2026-03-09,2026-07-23,Company Casing,Standardized,Ready,No,100.0
CRM-000743,Olive Logistics,Sofia Lawson,sofia.lawson@olivelogistics.example,+1 425 555 0191,United States,Logistics,201-1000,Referral,Lead,Growth Ops,2026-03-09,2026-04-17,Missing Phone,Enriched,Ready,No,100.0
CRM-000744,Eastgate Energy,Rosa Hartley,rosa.hartley@eastgateenergy.example,+1 206 555 0152,United States,Energy,11-50,Referral,Opportunity,Growth Ops,2026-03-09,2026-04-04,None,No Action Needed,Ready,No,100.0
CRM-000745,Lighthouse Software,Aaron Jordan,aaron.jordan@lighthousesoftware.example,+1 503 555 0176,United States,Technology,11-50,Website,Customer,Growth Ops,2026-03-09,2026-04-20,None,No Action Needed,Ready,No,100.0
CRM-000746,Orchard Software,Tessa Jordan,tessa.jordan@orchardsoftware.example,+1 403 555 0187,Canada,Technology,11-50,Event,Lead,Growth Ops,2026-03-09,2026-06-04,Company Casing,Standardized,Ready,No,100.0
CRM-000747,Olive Capital,Zara Kerr,zara.kerr@olivecapital.example,+1 312 555 0163,United States,Finance,201-1000,Website,MQL,Customer Success,2026-03-09,2026-06-24,Phone Format,Standardized,Ready,No,100.0
CRM-000749,Atlas Group,Ethan Gallo,ethan.gallo@atlasgroup.example,+1 720 555 0140,United States,Professional Services,11-50,Website,Customer,Growth Ops,2026-03-10,2026-06-04,Phone Format,Standardized,Ready,No,100.0
CRM-000750,Marlow Solutions,Lucas Fischer,lucas.fischer@marlowsolutions.example,+1 206 555 0163,United States,Technology,51-200,Partner,Lead,Sales Ops,2026-03-10,2026-04-19,Missing Industry,Enriched,Ready,No,100.0
CRM-000751,Hollis Security,Lena Tanaka,lena.tanaka@hollissecurity.example,+1 720 555 0143,United States,Technology,11-50,Webinar,Opportunity,Customer Success,2026-03-10,2026-09-12,None,No Action Needed,Ready,No,100.0
CRM-000752,Juniper Software,Hugo Shah,hugo.shah@junipersoftware.example,+1 604 555 0107,Canada,Technology,11-50,Website,Lead,Partnerships,2026-03-10,2026-07-02,Company Casing,Standardized,Ready,No,100.0
CRM-000753,Hollis Design,Tessa Carter,tessa.carter@hollisdesign.example,+1 310 555 0171,United States,,11-50,Outbound,Opportunity,Customer Success,2026-03-10,2026-07-10,Missing Industry,Owner Follow-up,Needs Follow-up,Yes,87.5
CRM-000754,Goldcrest Staffing,Isaac Grant,isaac.grant@goldcreststaffing.example,+1 602 555 0194,United States,Professional Services,11-50,Referral,Lead,Sales Ops,2026-03-10,2026-08-24,None,No Action Needed,Ready,No,100.0
CRM-000755,Valley Security,Lucas Pruitt,lucas.pruitt@valleysecurity.example,+44 20 7946 0027,United Kingdom,Technology,1-10,Referral,Opportunity,Marketing Ops,2026-03-10,2026-08-24,None,No Action Needed,Ready,No,100.0
CRM-000756,Windmill Pharma,Ava Grant,,+1 425 555 0134,United States,Healthcare,51-200,Referral,MQL,Marketing Ops,2026-03-10,2026-03-11,Missing Email,Owner Follow-up,Needs Follow-up,Yes,87.5
CRM-000757,Lighthouse Retail,Dylan Abbott,dylan.abbott@lighthouseretail.example,+1 212 555 0130,United States,Retail,51-200,Website,SQL,Sales Ops,2026-03-10,2026-08-30,None,No Action Needed,Ready,No,100.0
CRM-000758,Aspen Cloud,Isaac Keller,isaac.keller@aspencloud.example,+1 303 555 0122,United States,Technology,201-1000,Website,SQL,Customer Success,2026-03-10,2026-09-22,None,No Action Needed,Ready,No,100.0
CRM-000760,Pembroke Foods,Mira Barnes,mira.barnes@pembrokefoods.example,,United States,Retail,11-50,Outbound,Lead,Growth Ops,2026-03-11,2026-05-09,Missing Phone,Owner Follow-up,Needs Follow-up,Yes,87.5
CRM-000761,Willow Pharma,Maya Reeves,maya.reeves@willowpharma.example,+1 971 555 0102,United States,Healthcare,51-200,Website,Lead,Partnerships,2026-03-11,2026-07-28,None,No Action Needed,Ready,No,100.0
CRM-000762,Pembroke Motors,Ava Hartley,ava.hartley@pembrokemotors.example,+1 602 555 0188,United States,Manufacturing,11-50,Webinar,Customer,Partnerships,2026-03-11,2026-06-18,None,No Action Needed,Ready,No,100.0
CRM-000763,Aspen Robotics,Victor Morgan,victor.morgan@aspenrobotics.example,+1 646 555 0186,United States,Technology,1000+,Outbound,Lead,Customer Success,2026-03-11,2026-09-28,None,No Action Needed,Ready,No,100.0
CRM-000764,Tamarack Group,Rosa Ortega,rosa.ortega@tamarackgroup.example,+1 617 555 0198,United States,Professional Services,11-50,Event,SQL,Partnerships,2026-03-11,2026-08-16,None,No Action Needed,Ready,No,100.0
CRM-000765,Fernhill Studios,Clara Lowe,clara.lowe@fernhillstudios.example,+1 628 555 0182,United States,Media,11-50,Website,MQL,Partnerships,2026-03-11,2026-06-26,None,No Action Needed,Ready,No,100.0
CRM-000766,Trailhead Systems,Sofia Walsh,sofia.walsh@trailheadsystems.example,+1 917 555 0107,United States,Technology,51-200,Website,Lead,Customer Success,2026-03-11,2026-09-21,None,No Action Needed,Ready,No,100.0
CRM-000767,Greenline Security,Ava Fischer,ava.fischer@greenlinesecurity.example,+1 206 555 0132,United States,Technology,11-50,Website,Lead,Customer Success,2026-03-11,2026-06-08,None,No Action Needed,Ready,No,100.0
CRM-000768,Cascade Media,Jonah Keller,jonah.keller@cascademedia.example,+1 617 555 0116,United States,Media,1-10,Website,Customer,Marketing Ops,2026-03-11,2026-07-31,None,No Action Needed,Ready,No,100.0
CRM-000769,Glenmore Robotics,Lena Brooks,lena.brooks@glenmorerobotics.example,+1 720 555 0161,United States,Technology,11-50,Outbound,MQL,Customer Success,2026-03-11,2026-07-04,Duplicate Company,Merged,Ready,No,100.0
CRM-000770,Eastgate Group,Owen Walsh,owen.walsh@eastgategroup.example,+1 613 555 0118,Canada,Professional Services,11-50,Event,Lead,Marketing Ops,2026-03-11,2026-05-03,Missing Email,Enriched,Ready,No,100.0
CRM-000771,Thornfield Cloud,Dylan Sutton,dylan.sutton@thornfieldcloud.example,+1 415 555 0120,United States,Technology,11-50,Website,Lead,Customer Success,2026-03-11,2026-03-21,None,No Action Needed,Ready,No,100.0
CRM-000772,Nimbus Capital,Lucas Lawson,lucas.lawson@nimbuscapital.example,+1 206 555 0181,United States,Finance,1-10,Event,Lead,Growth Ops,2026-03-11,2026-04-27,None,No Action Needed,Ready,No,100.0
CRM-000773,Foxglove Studios,Maya Lawson,maya.lawson@foxglovestudios.example,+1 613 555 0160,Canada,Media,11-50,Website,Lead,Customer Success,2026-03-11,2026-08-21,None,No Action Needed,Ready,No,100.0
CRM-000774,Unity Logistics,Hana Hayes,hana.hayes@unitylogistics.example,+1 737 555 0199,United States,Logistics,201-1000,Event,SQL,Sales Ops,2026-03-11,2026-08-26,Missing Industry,Enriched,Ready,No,100.0
CRM-000775,Clearwater Supply,Alicia Fischer,,+1 917 555 0130,United States,Logistics,201-1000,Outbound,Opportunity,Customer Success,2026-03-11,2026-07-04,Missing Email,Owner Follow-up,Needs Follow-up,Yes,87.5
CRM-000776,Ridgeline Partners,Rosa Quinn,rosa.quinn@ridgelinepartners.example,+1 602 555 0115,United States,Professional Services,1000+,Outbound,Opportunity,Sales Ops,2026-03-11,2026-06-23,None,No Action Needed,Ready,No,100.0
CRM-000777,Rosewood Robotics,Lena Mercer,lena.mercer@rosewoodrobotics.example,+1 617 555 0113,United States,Technology,1000+,Outbound,MQL,Sales Ops,2026-03-12,2026-04-24,None,No Action Needed,Ready,No,100.0
CRM-000778,Cobalt Supply,Sofia Reeves,sofia.reeves@cobaltsupply.example,+1 702 555 0175,United States,Logistics,51-200,Website,SQL,Growth Ops,2026-03-12,2026-08-17,Phone Format,Standardized,Ready,No,100.0
CRM-000779,Canyon Retail,Zara Rowe,zara.rowe@canyonretail.example,+44 20 7946 0951,United Kingdom,Retail,51-200,Website,Lead,Growth Ops,2026-03-12,2026-08-30,None,No Action Needed,Ready,No,100.0
CRM-000780,Northgate Logistics,Ella Barnes,ella.barnes@northgatelogistics.example,+1 949 555 0195,United States,Logistics,11-50,Website,MQL,Marketing Ops,2026-03-12,2026-06-25,None,No Action Needed,Ready,No,100.0
CRM-000781,Tidewater Services,Mateo Walsh,mateo.walsh@tidewaterservices.example,+1 512 555 0150,United States,Professional Services,11-50,Partner,Customer,Growth Ops,2026-03-12,2026-08-18,None,No Action Needed,Ready,No,100.0
CRM-000782,Dunmore Studios,Theo Morgan,theo.morgan@dunmorestudios.example,+1 404 555 0112,United States,Media,1-10,Referral,Lead,Marketing Ops,2026-03-12,2026-04-20,None,No Action Needed,Ready,No,100.0
CRM-000783,Emberly Solutions,Noah Chandra,noah.chandra@emberlysolutions.example,+1 503 555 0187,United States,Technology,51-200,Outbound,Customer,Growth Ops,2026-03-12,2026-03-23,None,No Action Needed,Ready,No,100.0
CRM-000784,Bayview Realty,Naomi Rowe,naomi.rowe@bayviewrealty.example,+1 604 555 0105,Canada,Professional Services,11-50,Outbound,MQL,Customer Success,2026-03-12,2026-04-03,None,No Action Needed,Ready,No,100.0
CRM-000785,Canyon Supply,Maya Fischer,maya.fischer@canyonsupply.example,+1 415 555 0194,United States,Logistics,1-10,Event,MQL,Marketing Ops,2026-03-13,2026-08-25,None,No Action Needed,Ready,No,100.0
CRM-000786,Quill Supply,Alicia Everett,alicia.everett@quillsupply.example,+1 917 555 0175,United States,Logistics,11-50,Event,Lead,Partnerships,2026-03-13,2026-04-18,None,No Action Needed,Ready,No,100.0
CRM-000787,Cobalt Insurance,Lena Young,lena.young@cobaltinsurance.example,+1 416 555 0186,Canada,Finance,1-10,Website,MQL,Sales Ops,2026-03-13,2026-07-06,None,No Action Needed,Ready,No,100.0
CRM-000788,Crestview Media,Kai Dawson,kai.dawson@crestviewmedia.example,+1 206 555 0130,United States,Media,51-200,Website,Lead,Partnerships,2026-03-13,2026-07-10,None,No Action Needed,Ready,No,100.0
CRM-000789,Meridian Networks,Leah Kerr,leah.kerr@meridiannetworks.example,+1 720 555 0114,United States,Technology,11-50,Partner,Opportunity,Marketing Ops,2026-03-13,2026-08-14,None,No Action Needed,Ready,No,100.0
CRM-000790,Olive Packaging,Owen Mercer,,+1 415 555 0175,United States,Manufacturing,201-1000,Webinar,Opportunity,Sales Ops,2026-03-13,2026-06-18,Missing Email,Owner Follow-up,Needs Follow-up,Yes,87.5
CRM-000791,Lakeshore Security,Amara Quinn,amara.quinn@lakeshoresecurity.example,+1 628 555 0106,United States,Technology,1-10,Website,SQL,Sales Ops,2026-03-13,2026-08-02,Missing Phone,Enriched,Ready,No,100.0
CRM-000792,Clearwater Solutions,Noah Everett,noah.everett@clearwatersolutions.example,+1 512 555 0191,United States,Technology,201-1000,Outbound,Lead,Sales Ops,2026-03-13,2026-05-27,None,No Action Needed,Ready,No,100.0
CRM-000793,Bayview Networks,Naomi Irving,naomi.irving@bayviewnetworks.example,+1 737 555 0170,United States,Technology,201-1000,Website,Customer,Marketing Ops,2026-03-13,2026-09-11,Missing Phone,Enriched,Ready,No,100.0
CRM-000794,Vantage Textiles,Zara Young,zara.young@vantagetextiles.example,+1 720 555 0181,United States,Manufacturing,51-200,Partner,Customer,Customer Success,2026-03-13,2026-05-29,None,No Action Needed,Ready,No,100.0
CRM-000795,Oxbow Software,Priya Carter,priya.carter@oxbowsoftware.example,+1 858 555 0129,United States,Technology,1-10,Outbound,SQL,Sales Ops,2026-03-13,2026-08-21,None,No Action Needed,Ready,No,100.0
CRM-000796,Ulster Security,Grace Ortega,grace.ortega@ulstersecurity.example,,United States,Technology,1000+,Outbound,SQL,Growth Ops,2026-03-13,2026-06-04,Missing Phone,Owner Follow-up,Needs Follow-up,Yes,87.5
CRM-000797,Greenline Education,Aaron Lowe,aaron.lowe@greenlineeducation.example,+1 602 555 0182,United States,Education,1000+,Website,SQL,Partnerships,2026-03-13,2026-03-20,None,No Action Needed,Ready,No,100.0
CRM-000798,Landmark Capital,Alicia Okafor,alicia.okafor@landmarkcapital.example,+1 305 555 0115,United States,Finance,11-50,Webinar,Lead,Sales Ops,2026-03-14,2026-09-05,None,No Action Needed,Ready,No,100.0
CRM-000799,Sterling Packaging,Leah Dawson,leah.dawson@sterlingpackaging.example,+1 628 555 0138,United States,Manufacturing,11-50,Outbound,Customer,Partnerships,2026-03-14,2026-05-08,Company Casing,Standardized,Ready,No,100.0
CRM-000800,Dovetail Industries,Dylan Everett,dylan.everett@dovetailindustries.example,+1 480 555 0195,United States,Manufacturing,11-50,Referral,MQL,Marketing Ops,2026-03-14,2026-05-27,None,No Action Needed,Ready,No,100.0
CRM-000801,Birchwood Energy,Daniel Ellis,daniel.ellis@birchwoodenergy.example,+1 813 555 0154,United States,Energy,201-1000,Event,Customer,Partnerships,2026-03-14,2026-09-05,None,No Action Needed,Ready,No,100.0
CRM-000802,Ironbridge Supply,Isaac Everett,isaac.everett@ironbridgesupply.example,+1 713 555 0127,United States,Logistics,1-10,Event,Opportunity,Sales Ops,2026-03-14,2026-04-26,None,No Action Needed,Ready,No,100.0
CRM-000803,Unity Labs,Hana Delgado,hana.delgado@unitylabs.example,+1 602 555 0173,United States,Technology,201-1000,Website,MQL,Marketing Ops,2026-03-14,2026-04-18,None,No Action Needed,Ready,No,100.0
CRM-000804,Northgate Marketing,Liam Mercer,liam.mercer@northgatemarketing.example,+1 604 555 0136,Canada,Media,201-1000,Website,MQL,Growth Ops,2026-03-14,2026-05-18,Missing Phone,Enriched,Ready,No,100.0
CRM-000805,Redwood Marketing,Felix Reeves,felix.reeves@redwoodmarketing.example,+1 416 555 0121,Canada,Media,201-1000,Event,Customer,Sales Ops,2026-03-14,2026-09-05,None,No Action Needed,Ready,No,100.0
CRM-000806,Olive Services,Sofia Vaughn,sofia.vaughn@oliveservices.example,+1 514 555 0128,Canada,Professional Services,11-50,Partner,MQL,Marketing Ops,2026-03-14,2026-04-28,Phone Format,Standardized,Ready,No,100.0
CRM-000807,Ironwood Insurance,Ava Patel,ava.patel@ironwoodinsurance.example,+1 312 555 0177,United States,Finance,11-50,Referral,MQL,Growth Ops,2026-03-14,2026-07-16,None,No Action Needed,Ready,No,100.0
CRM-000808,Westbrook Motors,Grace Kerr,grace.kerr@westbrookmotors.example,+1 303 555 0144,United States,Manufacturing,51-200,Webinar,MQL,Sales Ops,2026-03-14,2026-09-27,None,No Action Needed,Ready,No,100.0
CRM-000809,Trailhead Analytics,Mateo Turner,mateo.turner@trailheadanalytics.example,+1 602 555 0197,United States,Technology,11-50,Partner,SQL,Marketing Ops,2026-03-15,2026-04-07,None,No Action Needed,Ready,No,100.0
CRM-000810,Keystone Security,Victor Lowe,victor.lowe@keystonesecurity.example,+1 646 555 0188,United States,Technology,201-1000,Referral,MQL,Partnerships,2026-03-15,2026-04-06,None,No Action Needed,Ready,No,100.0
CRM-000811,Willow Capital,Amara Tanaka,amara.tanaka@willowcapital.example,+1 646 555 0168,United States,Finance,1-10,Outbound,MQL,Customer Success,2026-03-15,2026-06-15,None,No Action Needed,Ready,No,100.0
CRM-000812,Vantage Services,Zara Hayes,zara.hayes@vantageservices.example,+1 720 555 0134,United States,Professional Services,51-200,Referral,MQL,Growth Ops,2026-03-15,2026-07-08,None,No Action Needed,Ready,No,100.0
CRM-000813,BluePeak Group,Aaron Fischer,aaron.fischer@bluepeakgroup.example,+44 20 7946 0121,United Kingdom,,51-200,Partner,SQL,Partnerships,2026-03-15,2026-08-01,Missing Industry,Owner Follow-up,Needs Follow-up,Yes,87.5
CRM-000814,Brightpath Labs,Isaac Lowe,isaac.lowe@brightpathlabs.example,+1 415 555 0127,United States,Technology,201-1000,Outbound,SQL,Growth Ops,2026-03-15,2026-04-25,None,No Action Needed,Ready,No,100.0
CRM-000815,Elmwood Robotics,Omar Brooks,omar.brooks@elmwoodrobotics.example,+1 713 555 0170,United States,Technology,11-50,Referral,SQL,Customer Success,2026-03-15,2026-03-28,None,No Action Needed,Ready,No,100.0
CRM-000816,Northgate Staffing,Nina Foster,nina.foster@northgatestaffing.example,+1 613 555 0125,Canada,Professional Services,11-50,Website,Opportunity,Partnerships,2026-03-15,2026-06-21,None,No Action Needed,Ready,No,100.0
CRM-000817,Wexford Security,Alicia Chandra,alicia.chandra@wexfordsecurity.example,+1 415 555 0101,United States,Technology,11-50,Outbound,MQL,Marketing Ops,2026-03-15,2026-08-06,Company Casing,Standardized,Ready,No,100.0
CRM-000818,Norwood Packaging,Felix Dawson,felix.dawson@norwoodpackaging.example,+1 949 555 0196,United States,Manufacturing,1-10,Referral,Opportunity,Marketing Ops,2026-03-15,2026-08-10,None,No Action Needed,Ready,No,100.0
CRM-000819,Emberly Packaging,Lucas Jensen,lucas.jensen@emberlypackaging.example,+1 702 555 0135,United States,Manufacturing,1-10,Partner,Customer,Growth Ops,2026-03-15,2026-07-05,None,No Action Needed,Ready,No,100.0
CRM-000820,Aspen Software,Nina Abbott,nina.abbott@aspensoftware.example,+1 415 555 0168,United States,Technology,201-1000,Outbound,Customer,Customer Success,2026-03-15,2026-03-21,Invalid Email,Standardized,Ready,No,100.0
CRM-000821,Peakview Industries,Theo Okafor,theo.okafor@peakviewindustries.example,+1 206 555 0114,United States,Manufacturing,1000+,Website,MQL,Growth Ops,2026-03-15,2026-09-14,None,No Action Needed,Ready,No,100.0
CRM-000822,Tidewater Capital,Tessa Okafor,tessa.okafor@tidewatercapital.example,+1 813 555 0187,United States,Finance,11-50,Outbound,MQL,Marketing Ops,2026-03-15,2026-03-28,Invalid Email,Standardized,Ready,No,100.0
CRM-000823,Gladstone Marketing,Felix Hayes,felix.hayes@gladstonemarketing.example,+44 20 7946 0162,United Kingdom,Media,11-50,Webinar,Customer,Growth Ops,2026-03-15,2026-04-06,None,No Action Needed,Ready,No,100.0
CRM-000824,Vantage Systems,Ines Hayes,ines.hayes@vantagesystems.example,+1 604 555 0188,Canada,Technology,1000+,Outbound,Lead,Growth Ops,2026-03-15,2026-07-25,None,No Action Needed,Ready,No,100.0
CRM-000825,Westbrook Systems,Mira Dawson,mira.dawson@westbrooksystems.example,+1 901 555 0123,United States,Technology,1-10,Website,Lead,Customer Success,2026-03-15,2026-06-18,None,No Action Needed,Ready,No,100.0
CRM-000826,Keystone Textiles,Omar Brooks,omar.brooks@keystonetextiles.example,+1 312 555 0198,United States,Manufacturing,11-50,Website,Customer,Growth Ops,2026-03-15,2026-07-21,None,No Action Needed,Ready,No,100.0
CRM-000827,Vantage Media,Leah Shah,leah.shah@vantagemedia.example,+1 303 555 0199,United States,Media,1-10,Website,SQL,Partnerships,2026-03-15,2026-05-05,Company Casing,Standardized,Ready,No,100.0
CRM-000828,Kestrel Studios,Aaron Irving,aaron.irving@kestrelstudios.example,+1 646 555 0170,United States,Media,1-10,Webinar,Lead,Partnerships,2026-03-15,2026-09-23,Invalid Email,Standardized,Ready,No,100.0
CRM-000829,Greenline Supply,Ines Novak,ines.novak@greenlinesupply.example,+1 512 555 0105,United States,Logistics,11-50,Webinar,Lead,Customer Success,2026-03-15,2026-06-26,None,No Action Needed,Ready,No,100.0
CRM-000830,Umber Packaging,Felix Jensen,felix.jensen@umberpackaging.example,+1 514 555 0138,Canada,Manufacturing,11-50,Partner,MQL,Customer Success,2026-03-16,2026-03-22,Company Casing,Standardized,Ready,No,100.0
CRM-000831,Tidewater Travel,Liam Morgan,liam.morgan@tidewatertravel.example,+1 312 555 0140,United States,Logistics,51-200,Event,Customer,Partnerships,2026-03-16,2026-05-14,None,No Action Needed,Ready,No,100.0
CRM-000832,Stonebridge Education,Ava Mercer,ava.mercer@stonebridgeeducation.example,+44 20 7946 0498,United Kingdom,Education,11-50,Outbound,Customer,Partnerships,2026-03-16,2026-07-02,None,No Action Needed,Ready,No,100.0
CRM-000833,Wexford Insurance,Amara Reeves,amara.reeves@wexfordinsurance.example,,United States,Finance,1-10,Event,MQL,Customer Success,2026-03-16,2026-04-15,Missing Phone,Owner Follow-up,Needs Follow-up,Yes,87.5
CRM-000834,Trailhead Studios,Nina Turner,nina.turner@trailheadstudios.example,+1 925 555 0120,United States,Media,1-10,Webinar,Lead,Customer Success,2026-03-16,2026-03-18,None,No Action Needed,Ready,No,100.0
CRM-000835,Silverline Logistics,Ava Reeves,ava.reeves@silverlinelogistics.example,+1 813 555 0172,United States,Logistics,201-1000,Event,Opportunity,Growth Ops,2026-03-16,2026-04-25,Company Casing,Standardized,Ready,No,100.0
CRM-000836,Unity Motors,Hana Kerr,hana.kerr@unitymotors.example,+44 20 7946 0503,United Kingdom,Manufacturing,51-200,Website,Lead,Sales Ops,2026-03-16,2026-07-23,None,No Action Needed,Ready,No,100.0
CRM-000837,Tamarack Insurance,Isaac Fischer,isaac.fischer@tamarackinsurance.example,+1 206 555 0126,United States,Finance,11-50,Partner,MQL,Partnerships,2026-03-16,2026-03-25,Phone Format,Standardized,Ready,No,100.0
CRM-000838,Yarrow Networks,Leah Nolan,leah.nolan@yarrownetworks.example,+1 628 555 0174,United States,Technology,51-200,Referral,Lead,Customer Success,2026-03-16,2026-09-06,None,No Action Needed,Ready,No,100.0
CRM-000839,Highland Marketing,Ines Turner,ines.turner@highlandmarketing.example,+1 514 555 0117,Canada,Media,11-50,Website,SQL,Growth Ops,2026-03-17,2026-07-28,Missing Phone,Enriched,Ready,No,100.0
CRM-000840,Windmill Design,Aaron Vaughn,aaron.vaughn@windmilldesign.example,+44 20 7946 0904,United Kingdom,Media,51-200,Partner,SQL,Sales Ops,2026-03-17,2026-03-30,None,No Action Needed,Ready,No,100.0
CRM-000841,Bridgewater Finance,Dylan Shah,dylan.shah@bridgewaterfinance.example,+1 737 555 0172,United States,Finance,11-50,Website,Lead,Marketing Ops,2026-03-17,2026-05-19,None,No Action Needed,Ready,No,100.0
CRM-000842,Aspen Industries,Julia Irving,julia.irving@aspenindustries.example,+44 20 7946 0783,United Kingdom,Manufacturing,201-1000,Outbound,MQL,Marketing Ops,2026-03-17,2026-04-28,Company Casing,Standardized,Ready,No,100.0
CRM-000843,Driftwood Group,Victor Jensen,victor.jensen@driftwoodgroup.example,+1 514 555 0179,Canada,Professional Services,51-200,Website,Opportunity,Partnerships,2026-03-17,2026-05-24,None,No Action Needed,Ready,No,100.0
CRM-000844,Amberly Software,Lena Mercer,lena.mercer@amberlysoftware.example,+1 702 555 0195,United States,Technology,1-10,Webinar,Opportunity,Growth Ops,2026-03-17,2026-03-25,None,No Action Needed,Ready,No,100.0
CRM-000845,Peakview Capital,Alicia Patel,alicia.patel@peakviewcapital.example,+1 971 555 0141,United States,Finance,1-10,Webinar,Lead,Customer Success,2026-03-17,2026-03-26,Missing Industry,Enriched,Ready,No,100.0
CRM-000846,Larkspur Services,Hugo Jensen,,+1 702 555 0140,United States,Professional Services,11-50,Referral,MQL,Partnerships,2026-03-17,2026-06-11,Missing Email,Owner Follow-up,Needs Follow-up,Yes,87.5
CRM-000847,Summit Group,Victor Chandra,victor.chandra@summitgroup.example,+1 312 555 0124,United States,Professional Services,11-50,Outbound,Customer,Growth Ops,2026-03-17,2026-04-27,Duplicate Company,Merged,Ready,No,100.0
CRM-000848,Westbrook Logistics,Owen Foster,owen.foster@westbrooklogistics.example,+1 404 555 0113,United States,Logistics,51-200,Website,Customer,Partnerships,2026-03-17,2026-09-04,None,No Action Needed,Ready,No,100.0
CRM-000849,Canyon Foods,Amara Rowe,amara.rowe@canyonfoods.example,+1 619 555 0131,United States,Retail,201-1000,Partner,Lead,Growth Ops,2026-03-17,2026-08-04,None,No Action Needed,Ready,No,100.0
CRM-000850,Horizon Security,Sofia Brooks,sofia.brooks@horizonsecurity.example,+1 619 555 0186,United States,Technology,51-200,Event,Customer,Partnerships,2026-03-17,2026-03-22,None,No Action Needed,Ready,No,100.0
CRM-000851,Tamarack Finance,Nina Everett,nina.everett@tamarackfinance.example,+1 720 555 0126,United States,Finance,201-1000,Partner,MQL,Growth Ops,2026-03-17,2026-05-29,Company Casing,Standardized,Ready,No,100.0
CRM-000852,Gladstone Industries,Felix Okafor,,+44 20 7946 0128,United Kingdom,Manufacturing,51-200,Referral,Opportunity,Growth Ops,2026-03-17,2026-08-27,Invalid Email,Owner Follow-up,Needs Follow-up,Yes,87.5
CRM-000853,Ironwood Systems,Amara Hartley,amara.hartley@ironwoodsystems.example,+1 206 555 0149,United States,Technology,1-10,Webinar,Opportunity,Customer Success,2026-03-17,2026-05-24,None,No Action Needed,Ready,No,100.0
CRM-000854,Nimbus Studios,Noah Delgado,noah.delgado@nimbusstudios.example,+1 425 555 0156,United States,Media,51-200,Event,Lead,Customer Success,2026-03-17,2026-09-16,Missing Industry,Enriched,Ready,No,100.0
CRM-000855,Pembroke Networks,Ella Dawson,ella.dawson@pembrokenetworks.example,+1 713 555 0153,United States,Technology,1-10,Outbound,Lead,Marketing Ops,2026-03-18,2026-09-12,None,No Action Needed,Ready,No,100.0
CRM-000856,Fairview Networks,Felix Rowe,felix.rowe@fairviewnetworks.example,+1 310 555 0132,United States,Technology,11-50,Webinar,SQL,Sales Ops,2026-03-18,2026-04-18,None,No Action Needed,Ready,No,100.0
CRM-000857,Pioneer Software,Isaac Ortega,isaac.ortega@pioneersoftware.example,+1 404 555 0128,United States,,11-50,Website,MQL,Marketing Ops,2026-03-18,2026-07-20,Missing Industry,Owner Follow-up,Needs Follow-up,Yes,87.5
CRM-000858,Silverline Partners,Noah Hayes,noah.hayes@silverlinepartners.example,+1 416 555 0125,Canada,Professional Services,51-200,Referral,Opportunity,Partnerships,2026-03-18,2026-05-05,None,No Action Needed,Ready,No,100.0
CRM-000859,Bayview Studios,Kai Delgado,kai.delgado@bayviewstudios.example,+1 628 555 0189,United States,Media,1-10,Outbound,Lead,Growth Ops,2026-03-18,2026-09-27,None,No Action Needed,Ready,No,100.0
CRM-000860,Fernhill Insurance,Lucas Young,lucas.young@fernhillinsurance.example,+1 619 555 0100,United States,Finance,1000+,Referral,Customer,Marketing Ops,2026-03-18,2026-06-23,Phone Format,Standardized,Ready,No,100.0
CRM-000861,Trailhead Packaging,Caleb Tanaka,caleb.tanaka@trailheadpackaging.example,+1 206 555 0143,United States,Manufacturing,51-200,Website,Lead,Growth Ops,2026-03-18,2026-05-19,Duplicate Email,Merged,Ready,No,100.0
CRM-000862,Glenmore Supply,Mateo Morgan,mateo.morgan@glenmoresupply.example,+1 512 555 0161,United States,Logistics,1-10,Website,Lead,Growth Ops,2026-03-18,2026-07-05,None,No Action Needed,Ready,No,100.0
CRM-000863,Ulster Design,Marcus Turner,marcus.turner@ulsterdesign.example,+44 20 7946 0053,United Kingdom,Media,201-1000,Referral,Lead,Growth Ops,2026-03-18,2026-05-29,None,No Action Needed,Ready,No,100.0
CRM-000864,Larkspur Logistics,Julia Tanaka,julia.tanaka@larkspurlogistics.example,+44 20 7946 0650,United Kingdom,Logistics,1000+,Outbound,MQL,Sales Ops,2026-03-18,2026-09-03,None,No Action Needed,Ready,No,100.0
CRM-000865,Juniper Works,Theo Fischer,theo.fischer@juniperworks.example,+1 813 555 0183,United States,Manufacturing,11-50,Referral,SQL,Growth Ops,2026-03-18,2026-06-02,None,No Action Needed,Ready,No,100.0
CRM-000866,Birchwood Systems,Dylan Foster,dylan.foster@birchwoodsystems.example,+44 20 7946 0088,United Kingdom,Technology,51-200,Website,MQL,Customer Success,2026-03-18,2026-07-09,None,No Action Needed,Ready,No,100.0
CRM-000867,Silverline Networks,Ella Rowe,ella.rowe@silverlinenetworks.example,+44 20 7946 0596,United Kingdom,Technology,201-1000,Webinar,Opportunity,Marketing Ops,2026-03-18,2026-05-22,None,No Action Needed,Ready,No,100.0
CRM-000868,Kenwood Health,Mira Irving,mira.irving@kenwoodhealth.example,+1 416 555 0150,Canada,Healthcare,11-50,Website,Customer,Marketing Ops,2026-03-18,2026-04-06,None,No Action Needed,Ready,No,100.0
CRM-000869,Olive Networks,Amara Shah,amara.shah@olivenetworks.example,+1 813 555 0121,United States,Technology,201-1000,Partner,Lead,Partnerships,2026-03-19,2026-08-06,Duplicate Email,Merged,Ready,No,100.0
CRM-000870,Quill Education,Leah Barnes,leah.barnes@quilleducation.example,+1 514 555 0162,Canada,Education,11-50,Outbound,SQL,Sales Ops,2026-03-19,2026-08-10,Phone Format,Standardized,Ready,No,100.0
CRM-000871,Oxbow Consulting,Nina Carter,nina.carter@oxbowconsulting.example,+44 20 7946 0293,United Kingdom,Professional Services,51-200,Webinar,MQL,Sales Ops,2026-03-19,2026-05-26,None,No Action Needed,Ready,No,100.0
CRM-000872,Beacon Group,Hugo Delgado,hugo.delgado@beacongroup.example,+1 646 555 0181,United States,Professional Services,1-10,Outbound,MQL,Customer Success,2026-03-19,2026-06-27,None,No Action Needed,Ready,No,100.0
CRM-000873,Alder Energy,Noah Tanaka,noah.tanaka@alderenergy.example,+1 617 555 0107,United States,Energy,11-50,Partner,MQL,Customer Success,2026-03-19,2026-06-04,None,No Action Needed,Ready,No,100.0
CRM-000874,Westbrook Security,Dylan Young,dylan.young@westbrooksecurity.example,+1 646 555 0156,United States,Technology,51-200,Referral,MQL,Growth Ops,2026-03-19,2026-06-29,None,No Action Needed,Ready,No,100.0
CRM-000875,Aspen Design,Priya Carter,priya.carter@aspendesign.example,+1 602 555 0107,United States,Media,11-50,Partner,Lead,Marketing Ops,2026-03-19,2026-05-12,Phone Format,Standardized,Ready,No,100.0
CRM-000876,Emberly Marketing,Rosa Chandra,rosa.chandra@emberlymarketing.example,+1 512 555 0155,United States,Media,11-50,Webinar,MQL,Customer Success,2026-03-19,2026-09-05,None,No Action Needed,Ready,No,100.0
CRM-000877,Nimbus Finance,Caleb Young,caleb.young@nimbusfinance.example,+1 516 555 0172,United States,Finance,1-10,Referral,SQL,Partnerships,2026-03-19,2026-08-17,None,No Action Needed,Ready,No,100.0
CRM-000878,Skyline Services,Clara Vaughn,clara.vaughn@skylineservices.example,,United States,Professional Services,201-1000,Website,Lead,Partnerships,2026-03-19,2026-05-06,Missing Phone,Owner Follow-up,Needs Follow-up,Yes,87.5
CRM-000879,Vantage Networks,Dylan Tanaka,dylan.tanaka@vantagenetworks.example,+1 720 555 0199,United States,Technology,51-200,Referral,SQL,Marketing Ops,2026-03-20,2026-09-09,None,No Action Needed,Ready,No,100.0
CRM-000880,Newport Systems,Priya Kerr,priya.kerr@newportsystems.example,+1 604 555 0132,Canada,Technology,51-200,Referral,SQL,Partnerships,2026-03-20,2026-06-21,None,No Action Needed,Ready,No,100.0
CRM-000881,Northstar Foods,Victor Irving,victor.irving@northstarfoods.example,+1 628 555 0199,United States,Retail,11-50,Webinar,Lead,Customer Success,2026-03-20,2026-08-09,Duplicate Email,Merged,Ready,No,100.0
CRM-000882,Juniper Analytics,Dylan Hayes,dylan.hayes@juniperanalytics.example,+1 312 555 0181,United States,Technology,51-200,Outbound,MQL,Growth Ops,2026-03-20,2026-06-09,None,No Action Needed,Ready,No,100.0
CRM-000883,Quarry Networks,Caleb Fischer,,+1 713 555 0142,United States,Technology,201-1000,Website,MQL,Marketing Ops,2026-03-20,2026-07-20,Missing Email,Owner Follow-up,Needs Follow-up,Yes,87.5
CRM-000884,Oakridge Finance,Clara Nolan,clara.nolan@oakridgefinance.example,+1 425 555 0120,United States,Finance,11-50,Referral,SQL,Sales Ops,2026-03-20,2026-04-25,None,No Action Needed,Ready,No,100.0
CRM-000885,Kenwood Works,Ella Lowe,ella.lowe@kenwoodworks.example,+1 480 555 0115,United States,Manufacturing,1-10,Outbound,Lead,Customer Success,2026-03-20,2026-05-28,Invalid Email,Standardized,Ready,No,100.0
CRM-000889,Clearwater Group,Priya Chandra,priya.chandra@clearwatergroup.example,+1 415 555 0129,United States,Professional Services,201-1000,Website,Opportunity,Partnerships,2026-03-21,2026-08-10,Invalid Email,Standardized,Ready,No,100.0
CRM-000890,Sterling Partners,Grace Lowe,grace.lowe@sterlingpartners.example,+1 206 555 0199,United States,Professional Services,51-200,Website,MQL,Marketing Ops,2026-03-21,2026-09-25,None,No Action Needed,Ready,No,100.0
CRM-000891,Glenmore Analytics,Mira Young,mira.young@glenmoreanalytics.example,+1 514 555 0193,Canada,Technology,11-50,Outbound,Opportunity,Sales Ops,2026-03-21,2026-05-11,None,No Action Needed,Ready,No,100.0
CRM-000892,Marlow Energy,Julia Jensen,julia.jensen@marlowenergy.example,+1 971 555 0185,United States,Energy,51-200,Referral,MQL,Customer Success,2026-03-21,2026-09-23,None,No Action Needed,Ready,No,100.0
CRM-000893,Oakridge Networks,Noah Walsh,noah.walsh@oakridgenetworks.example,+1 206 555 0190,United States,Technology,1000+,Website,MQL,Marketing Ops,2026-03-21,2026-06-16,Phone Format,Standardized,Ready,No,100.0
CRM-000894,Kenwood Finance,Lena Young,lena.young@kenwoodfinance.example,+1 949 555 0182,United States,Finance,11-50,Website,Customer,Marketing Ops,2026-03-21,2026-06-05,Invalid Email,Standardized,Ready,No,100.0
CRM-000895,Quarry Energy,Liam Turner,,+1 702 555 0179,United States,Energy,11-50,Webinar,MQL,Partnerships,2026-03-21,2026-05-26,Invalid Email,Owner Follow-up,Needs Follow-up,Yes,87.5
CRM-000896,Vista Services,Felix Nolan,felix.nolan@vistaservices.example,+1 310 555 0198,United States,Professional Services,11-50,Referral,SQL,Growth Ops,2026-03-21,2026-07-23,Company Casing,Standardized,Ready,No,100.0
CRM-000897,Sterling Media,Nina Grant,nina.grant@sterlingmedia.example,+1 512 555 0115,United States,Media,11-50,Referral,MQL,Customer Success,2026-03-22,2026-08-24,None,No Action Needed,Ready,No,100.0
CRM-000898,Larkspur Retail,Isaac Fischer,isaac.fischer@larkspurretail.example,+44 20 7946 0272,United Kingdom,Retail,1-10,Referral,Opportunity,Marketing Ops,2026-03-22,2026-04-29,None,No Action Needed,Ready,No,100.0
CRM-000899,Dunmore Supply,Felix Lawson,felix.lawson@dunmoresupply.example,+1 949 555 0161,United States,Logistics,11-50,Event,MQL,Customer Success,2026-03-22,2026-04-09,Missing Industry,Enriched,Ready,No,100.0
CRM-000900,Pembroke Consulting,Maya Young,maya.young@pembrokeconsulting.example,+1 425 555 0197,United States,Professional Services,1-10,Website,Lead,Growth Ops,2026-03-22,2026-09-19,None,No Action Needed,Ready,No,100.0
CRM-000901,Kingfisher Insurance,Naomi Mercer,naomi.mercer@kingfisherinsurance.example,+1 720 555 0157,United States,Finance,51-200,Website,Lead,Growth Ops,2026-03-22,2026-06-15,None,No Action Needed,Ready,No,100.0
CRM-000902,Millbrook Media,Amara Hayes,amara.hayes@millbrookmedia.example,+1 713 555 0167,United States,Media,201-1000,Outbound,SQL,Partnerships,2026-03-22,2026-04-12,None,No Action Needed,Ready,No,100.0
CRM-000903,Ironwood Analytics,Ravi Reeves,,+1 404 555 0118,United States,Technology,51-200,Website,Lead,Marketing Ops,2026-03-22,2026-07-31,Invalid Email,Owner Follow-up,Needs Follow-up,Yes,87.5
CRM-000904,Peakview Group,Julia Patel,julia.patel@peakviewgroup.example,+1 312 555 0117,United States,Professional Services,11-50,Outbound,Customer,Marketing Ops,2026-03-22,2026-03-30,None,No Action Needed,Ready,No,100.0
CRM-000905,Westbrook Software,Clara Ivers,clara.ivers@westbrooksoftware.example,+1 480 555 0186,United States,Technology,11-50,Website,MQL,Marketing Ops,2026-03-22,2026-07-14,None,No Action Needed,Ready,No,100.0
CRM-000906,Clearwater Retail,Clara Reeves,clara.reeves@clearwaterretail.example,+1 212 555 0150,United States,Retail,1000+,Website,Lead,Sales Ops,2026-03-22,2026-06-12,Missing Industry,Enriched,Ready,No,100.0
CRM-000907,Crestview Works,Hugo Abbott,hugo.abbott@crestviewworks.example,+1 813 555 0179,United States,Manufacturing,201-1000,Event,SQL,Customer Success,2026-03-22,2026-05-27,None,No Action Needed,Ready,No,100.0
CRM-000908,Amberly Analytics,Dylan Keller,dylan.keller@amberlyanalytics.example,+1 206 555 0159,United States,Technology,1-10,Webinar,Opportunity,Growth Ops,2026-03-22,2026-06-01,None,No Action Needed,Ready,No,100.0
CRM-000909,Atlas Education,Daniel Ortega,daniel.ortega@atlaseducation.example,+1 737 555 0100,United States,Education,1-10,Partner,Opportunity,Growth Ops,2026-03-22,2026-08-17,Company Casing,Standardized,Ready,No,100.0
CRM-000910,Zenith Supply,Dylan Rowe,dylan.rowe@zenithsupply.example,+1 305 555 0104,United States,Logistics,11-50,Outbound,Customer,Customer Success,2026-03-22,2026-07-16,Missing Phone,Enriched,Ready,No,100.0
CRM-000911,Windmill Security,Marcus Morgan,marcus.morgan@windmillsecurity.example,+1 303 555 0160,United States,Technology,11-50,Referral,Lead,Growth Ops,2026-03-22,2026-09-26,Missing Email,Enriched,Ready,No,100.0
CRM-000912,Foxglove Networks,Owen Mercer,owen.mercer@foxglovenetworks.example,+1 425 555 0186,United States,Technology,11-50,Event,SQL,Sales Ops,2026-03-22,2026-04-23,None,No Action Needed,Ready,No,100.0
CRM-000913,Lakeshore Packaging,Lena Chandra,lena.chandra@lakeshorepackaging.example,+1 310 555 0122,United States,Manufacturing,11-50,Outbound,MQL,Partnerships,2026-03-23,2026-05-20,Missing Phone,Enriched,Ready,No,100.0
CRM-000914,Kenwood Robotics,Priya Rowe,priya.rowe@kenwoodrobotics.example,+1 949 555 0105,United States,Technology,51-200,Website,MQL,Partnerships,2026-03-23,2026-08-29,Missing Industry,Enriched,Ready,No,100.0
CRM-000915,Newport Supply,Mira Tanaka,mira.tanaka@newportsupply.example,+1 901 555 0174,United States,Logistics,11-50,Outbound,Lead,Sales Ops,2026-03-23,2026-09-30,None,No Action Needed,Ready,No,100.0
CRM-000916,Silverline Robotics,Tessa Abbott,tessa.abbott@silverlinerobotics.example,+1 212 555 0174,United States,Technology,1-10,Outbound,Customer,Partnerships,2026-03-23,2026-04-09,None,No Action Needed,Ready,No,100.0
CRM-000917,Foxglove Pharma,Sofia Brooks,sofia.brooks@foxglovepharma.example,+1 949 555 0165,United States,Healthcare,1-10,Event,Lead,Growth Ops,2026-03-23,2026-08-21,None,No Action Needed,Ready,No,100.0
CRM-000918,Maple Networks,Zara Quinn,zara.quinn@maplenetworks.example,+1 310 555 0192,United States,Technology,11-50,Outbound,MQL,Sales Ops,2026-03-23,2026-04-28,None,No Action Needed,Ready,No,100.0
CRM-000919,Canyon Realty,Marcus Fischer,marcus.fischer@canyonrealty.example,+44 20 7946 0976,United Kingdom,,1-10,Webinar,Customer,Partnerships,2026-03-23,2026-05-30,Missing Industry,Owner Follow-up,Needs Follow-up,Yes,87.5
CRM-000920,Beacon Industries,Noah Foster,noah.foster@beaconindustries.example,+1 212 555 0165,United States,Manufacturing,1-10,Referral,Customer,Partnerships,2026-03-23,2026-07-05,Invalid Email,Standardized,Ready,No,100.0
CRM-000921,Summit Education,Caleb Jordan,caleb.jordan@summiteducation.example,+1 310 555 0135,United States,Education,1-10,Referral,Lead,Sales Ops,2026-03-23,2026-05-31,None,No Action Needed,Ready,No,100.0
CRM-000922,Ashford Analytics,Owen Reeves,owen.reeves@ashfordanalytics.example,+1 604 555 0138,Canada,Technology,51-200,Website,Customer,Growth Ops,2026-03-23,2026-06-30,None,No Action Needed,Ready,No,100.0
CRM-000923,Birchwood Education,Rosa Shah,rosa.shah@birchwoodeducation.example,+1 971 555 0151,United States,Education,11-50,Outbound,Customer,Marketing Ops,2026-03-23,2026-03-29,None,No Action Needed,Ready,No,100.0
CRM-000924,Quarry Supply,Liam Quinn,liam.quinn@quarrysupply.example,+1 415 555 0139,United States,Logistics,51-200,Website,Opportunity,Customer Success,2026-03-23,2026-04-14,None,No Action Needed,Ready,No,100.0
CRM-000925,Pioneer Systems,Tessa Irving,tessa.irving@pioneersystems.example,+1 503 555 0143,United States,Technology,201-1000,Website,Lead,Partnerships,2026-03-23,2026-04-07,Company Casing,Standardized,Ready,No,100.0
CRM-000926,Driftwood Systems,Caleb Everett,caleb.everett@driftwoodsystems.example,+1 720 555 0156,United States,Technology,11-50,Website,Customer,Growth Ops,2026-03-23,2026-05-31,None,No Action Needed,Ready,No,100.0
CRM-000927,Cobalt Partners,Ava Novak,ava.novak@cobaltpartners.example,+1 720 555 0139,United States,Professional Services,11-50,Outbound,MQL,Sales Ops,2026-03-23,2026-09-11,None,No Action Needed,Ready,No,100.0
CRM-000928,Birchwood Health,Daniel Ortega,daniel.ortega@birchwoodhealth.example,+1 713 555 0102,United States,Healthcare,1-10,Event,SQL,Marketing Ops,2026-03-23,2026-06-07,None,No Action Needed,Ready,No,100.0
CRM-000929,Thornfield Studios,Ella Jordan,ella.jordan@thornfieldstudios.example,+1 312 555 0143,United States,Media,51-200,Partner,Lead,Customer Success,2026-03-24,2026-05-27,None,No Action Needed,Ready,No,100.0
CRM-000930,Jasper Labs,Theo Hartley,theo.hartley@jasperlabs.example,+1 619 555 0104,United States,Technology,201-1000,Website,MQL,Partnerships,2026-03-24,2026-07-06,None,No Action Needed,Ready,No,100.0
CRM-000931,Amberly Works,Mateo Vaughn,mateo.vaughn@amberlyworks.example,+1 617 555 0178,United States,Manufacturing,1-10,Website,SQL,Partnerships,2026-03-24,2026-06-03,None,No Action Needed,Ready,No,100.0
CRM-000932,Tidewater Supply,Daniel Kerr,daniel.kerr@tidewatersupply.example,+1 602 555 0198,United States,Logistics,51-200,Partner,Lead,Customer Success,2026-03-24,2026-05-04,Phone Format,Standardized,Ready,No,100.0
CRM-000933,Bridgewater Foods,Mira Fischer,mira.fischer@bridgewaterfoods.example,+1 949 555 0197,United States,Retail,11-50,Website,Lead,Sales Ops,2026-03-24,2026-09-21,None,No Action Needed,Ready,No,100.0
CRM-000934,Eastgate Packaging,Jonah Kerr,jonah.kerr@eastgatepackaging.example,+1 646 555 0184,United States,,1-10,Website,Customer,Customer Success,2026-03-24,2026-08-07,Missing Industry,Owner Follow-up,Needs Follow-up,Yes,87.5
CRM-000935,Quartz Networks,Julia Grant,julia.grant@quartznetworks.example,+1 646 555 0147,United States,Technology,11-50,Outbound,MQL,Customer Success,2026-03-24,2026-03-30,None,No Action Needed,Ready,No,100.0
CRM-000936,Foxglove Travel,Clara Everett,clara.everett@foxglovetravel.example,+1 971 555 0136,United States,Logistics,11-50,Referral,SQL,Growth Ops,2026-03-24,2026-04-30,None,No Action Needed,Ready,No,100.0
CRM-000937,Wexford Robotics,Caleb Kerr,caleb.kerr@wexfordrobotics.example,,United States,Technology,11-50,Outbound,SQL,Growth Ops,2026-03-25,2026-05-14,Missing Phone,Owner Follow-up,Needs Follow-up,Yes,87.5
CRM-000938,Ironbridge Software,Ava Shah,ava.shah@ironbridgesoftware.example,+1 305 555 0194,United States,Technology,201-1000,Partner,SQL,Marketing Ops,2026-03-25,2026-05-20,Invalid Email,Standardized,Ready,No,100.0
CRM-000939,Redwood Studios,Priya Chandra,priya.chandra@redwoodstudios.example,+1 312 555 0122,United States,Media,11-50,Webinar,SQL,Growth Ops,2026-03-25,2026-07-23,None,No Action Needed,Ready,No,100.0
CRM-000940,Pinecrest Consulting,Hana Foster,hana.foster@pinecrestconsulting.example,+1 720 555 0176,United States,Professional Services,11-50,Website,Lead,Growth Ops,2026-03-25,2026-09-07,None,No Action Needed,Ready,No,100.0
CRM-000941,Prairie Education,Victor Chandra,victor.chandra@prairieeducation.example,+1 702 555 0119,United States,Education,11-50,Event,SQL,Sales Ops,2026-03-25,2026-08-30,Missing Phone,Enriched,Ready,No,100.0
CRM-000942,Horizon Media,Lena Carter,lena.carter@horizonmedia.example,+44 20 7946 0333,United Kingdom,Media,11-50,Event,MQL,Customer Success,2026-03-25,2026-08-07,None,No Action Needed,Ready,No,100.0
CRM-000943,Brightpath Motors,Daniel Chandra,daniel.chandra@brightpathmotors.example,+44 20 7946 0068,United Kingdom,Manufacturing,201-1000,Outbound,SQL,Customer Success,2026-03-25,2026-08-08,None,No Action Needed,Ready,No,100.0
CRM-000944,Newport Services,Noah Fischer,noah.fischer@newportservices.example,+1 619 555 0124,United States,Professional Services,1-10,Website,Lead,Partnerships,2026-03-25,2026-05-06,None,No Action Needed,Ready,No,100.0
CRM-000945,Foxglove Media,Amara Dawson,amara.dawson@foxglovemedia.example,+1 516 555 0195,United States,Media,11-50,Referral,MQL,Marketing Ops,2026-03-25,2026-04-04,None,No Action Needed,Ready,No,100.0
CRM-000947,Ulster Realty,Hugo Mercer,hugo.mercer@ulsterrealty.example,+1 516 555 0159,United States,Professional Services,201-1000,Referral,MQL,Customer Success,2026-03-26,2026-08-19,Company Casing,Standardized,Ready,No,100.0
CRM-000948,Ridgeline Capital,Rosa Carter,rosa.carter@ridgelinecapital.example,+1 917 555 0171,United States,Finance,201-1000,Event,MQL,Customer Success,2026-03-26,2026-05-23,None,No Action Needed,Ready,No,100.0
CRM-000949,Eastgate Travel,Omar Hayes,omar.hayes@eastgatetravel.example,+1 619 555 0135,United States,Logistics,11-50,Referral,Lead,Sales Ops,2026-03-26,2026-06-19,None,No Action Needed,Ready,No,100.0
CRM-000950,Wexford Marketing,Lucas Foster,lucas.foster@wexfordmarketing.example,+1 646 555 0166,United States,Media,201-1000,Event,Lead,Growth Ops,2026-03-26,2026-06-29,None,No Action Needed,Ready,No,100.0
CRM-000951,Cascade Motors,Marcus Dawson,marcus.dawson@cascademotors.example,+1 949 555 0168,United States,Manufacturing,1-10,Event,Lead,Partnerships,2026-03-26,2026-05-24,None,No Action Needed,Ready,No,100.0
CRM-000952,Upland Security,Alicia Mercer,alicia.mercer@uplandsecurity.example,+1 702 555 0174,United States,Technology,11-50,Outbound,MQL,Marketing Ops,2026-03-26,2026-06-27,None,No Action Needed,Ready,No,100.0
CRM-000953,Indigo Travel,Dylan Hartley,dylan.hartley@indigotravel.example,+1 516 555 0147,United States,Logistics,11-50,Event,MQL,Marketing Ops,2026-03-26,2026-05-12,None,No Action Needed,Ready,No,100.0
CRM-000954,Kestrel Solutions,Rosa Tanaka,rosa.tanaka@kestrelsolutions.example,+1 858 555 0142,United States,Technology,1000+,Outbound,Lead,Growth Ops,2026-03-26,2026-07-05,None,No Action Needed,Ready,No,100.0
CRM-000955,Glenmore Partners,Ava Turner,ava.turner@glenmorepartners.example,+1 949 555 0150,United States,Professional Services,11-50,Outbound,MQL,Sales Ops,2026-03-26,2026-06-23,None,No Action Needed,Ready,No,100.0
CRM-000956,Thornfield Education,Theo Foster,theo.foster@thornfieldeducation.example,+1 403 555 0142,Canada,Education,1-10,Referral,Lead,Customer Success,2026-03-26,2026-06-27,None,No Action Needed,Ready,No,100.0
CRM-000957,Pembroke Labs,Isaac Jensen,isaac.jensen@pembrokelabs.example,+1 858 555 0165,United States,Technology,201-1000,Referral,SQL,Sales Ops,2026-03-27,2026-06-12,Phone Format,Standardized,Ready,No,100.0
CRM-000958,Wexford Labs,Priya Reeves,priya.reeves@wexfordlabs.example,+1 416 555 0116,Canada,Technology,1-10,Event,Lead,Growth Ops,2026-03-27,2026-09-09,None,No Action Needed,Ready,No,100.0
CRM-000959,Upland Textiles,Lucas Shah,lucas.shah@uplandtextiles.example,+1 858 555 0146,United States,Manufacturing,51-200,Website,SQL,Growth Ops,2026-03-27,2026-07-15,None,No Action Needed,Ready,No,100.0
CRM-000960,Oxbow Partners,Daniel Rowe,daniel.rowe@oxbowpartners.example,+44 20 7946 0093,United Kingdom,Professional Services,1-10,Event,Lead,Marketing Ops,2026-03-27,2026-06-06,None,No Action Needed,Ready,No,100.0
CRM-000961,Northgate Capital,Omar Grant,omar.grant@northgatecapital.example,+44 20 7946 0825,United Kingdom,Finance,1-10,Website,SQL,Partnerships,2026-03-27,2026-07-10,None,No Action Needed,Ready,No,100.0
CRM-000962,Riverside Media,Amara Ortega,amara.ortega@riversidemedia.example,+1 425 555 0168,United States,Media,201-1000,Website,Customer,Marketing Ops,2026-03-27,2026-05-22,None,No Action Needed,Ready,No,100.0
CRM-000963,Pioneer Realty,Rosa Tanaka,rosa.tanaka@pioneerrealty.example,,United Kingdom,Professional Services,1000+,Outbound,Lead,Partnerships,2026-03-27,2026-04-15,Missing Phone,Owner Follow-up,Needs Follow-up,Yes,87.5
CRM-000964,Quartz Security,Leah Turner,leah.turner@quartzsecurity.example,+1 720 555 0152,United States,Technology,1-10,Event,Customer,Sales Ops,2026-03-27,2026-05-14,None,No Action Needed,Ready,No,100.0
CRM-000965,Horizon Analytics,Kai Vaughn,kai.vaughn@horizonanalytics.example,+1 425 555 0154,United States,Technology,201-1000,Website,Lead,Growth Ops,2026-03-27,2026-06-14,None,No Action Needed,Ready,No,100.0
CRM-000966,Horizon Education,Mira Nolan,mira.nolan@horizoneducation.example,+1 310 555 0146,United States,Education,51-200,Event,MQL,Sales Ops,2026-03-28,2026-09-21,None,No Action Needed,Ready,No,100.0
CRM-000967,Quartz Energy,Daniel Lawson,daniel.lawson@quartzenergy.example,+1 516 555 0151,United States,Energy,11-50,Partner,MQL,Sales Ops,2026-03-28,2026-06-08,None,No Action Needed,Ready,No,100.0
CRM-000968,Foxglove Realty,Dylan Gallo,dylan.gallo@foxgloverealty.example,+1 404 555 0161,United States,Professional Services,11-50,Website,Customer,Customer Success,2026-03-28,2026-09-15,Missing Phone,Enriched,Ready,No,100.0
CRM-000969,Meridian Partners,Jonah Abbott,jonah.abbott@meridianpartners.example,+1 503 555 0159,United States,Professional Services,11-50,Referral,SQL,Growth Ops,2026-03-28,2026-08-14,None,No Action Needed,Ready,No,100.0
CRM-000970,Oakridge Studios,Ethan Turner,ethan.turner@oakridgestudios.example,+1 628 555 0186,United States,Media,11-50,Website,Opportunity,Partnerships,2026-03-28,2026-03-28,None,No Action Needed,Ready,No,100.0
CRM-000971,Hawthorn Services,Lena Hayes,lena.hayes@hawthornservices.example,+1 469 555 0195,United States,Professional Services,51-200,Webinar,Lead,Partnerships,2026-03-28,2026-04-16,None,No Action Needed,Ready,No,100.0
CRM-000972,Quartz Partners,Sofia Walsh,sofia.walsh@quartzpartners.example,+1 613 555 0107,Canada,Professional Services,1-10,Website,MQL,Customer Success,2026-03-28,2026-09-20,None,No Action Needed,Ready,No,100.0
CRM-000973,Quartz Travel,Rosa Nolan,rosa.nolan@quartztravel.example,+1 901 555 0186,United States,Logistics,201-1000,Website,SQL,Growth Ops,2026-03-28,2026-05-25,Company Casing,Standardized,Ready,No,100.0
CRM-000974,BluePeak Energy,Isaac Tanaka,isaac.tanaka@bluepeakenergy.example,+1 310 555 0156,United States,Energy,11-50,Webinar,Lead,Partnerships,2026-03-28,2026-08-09,None,No Action Needed,Ready,No,100.0
CRM-000975,Verdant Services,Marcus Foster,marcus.foster@verdantservices.example,+1 503 555 0142,United States,Professional Services,51-200,Event,Customer,Growth Ops,2026-03-28,2026-07-26,None,No Action Needed,Ready,No,100.0
CRM-000976,Thornfield Motors,Aaron Hartley,aaron.hartley@thornfieldmotors.example,+1 917 555 0172,United States,Manufacturing,11-50,Referral,Lead,Sales Ops,2026-03-28,2026-09-29,None,No Action Needed,Ready,No,100.0
CRM-000977,Sable Retail,Daniel Brooks,daniel.brooks@sableretail.example,+44 20 7946 0905,United Kingdom,Retail,1-10,Website,MQL,Partnerships,2026-03-29,2026-06-06,Invalid Email,Standardized,Ready,No,100.0
CRM-000978,Marlow Textiles,Mateo Shah,mateo.shah@marlowtextiles.example,+1 212 555 0118,United States,Manufacturing,11-50,Event,Customer,Growth Ops,2026-03-29,2026-07-27,None,No Action Needed,Ready,No,100.0
CRM-000979,Marlow Partners,Felix Nolan,felix.nolan@marlowpartners.example,+1 416 555 0174,Canada,Professional Services,1000+,Website,Lead,Growth Ops,2026-03-29,2026-09-30,None,No Action Needed,Ready,No,100.0
CRM-000980,Peakview Marketing,Dylan Lawson,dylan.lawson@peakviewmarketing.example,+1 720 555 0141,United States,Media,1-10,Event,Lead,Growth Ops,2026-03-29,2026-07-06,Company Casing,Standardized,Ready,No,100.0
CRM-000981,Umber Logistics,Isaac Kerr,isaac.kerr@umberlogistics.example,+1 415 555 0176,United States,Logistics,1-10,Event,SQL,Sales Ops,2026-03-29,2026-05-28,None,No Action Needed,Ready,No,100.0
CRM-000982,Millbrook Studios,Aaron Ivers,aaron.ivers@millbrookstudios.example,+1 858 555 0168,United States,Media,1-10,Event,SQL,Partnerships,2026-03-29,2026-07-12,None,No Action Needed,Ready,No,100.0
CRM-000983,Greenline Group,Ella Ortega,ella.ortega@greenlinegroup.example,+1 702 555 0189,United States,Professional Services,11-50,Referral,MQL,Partnerships,2026-03-29,2026-05-13,None,No Action Needed,Ready,No,100.0
CRM-000984,Fernhill Solutions,Owen Ellis,owen.ellis@fernhillsolutions.example,+1 901 555 0157,United States,Technology,11-50,Website,MQL,Customer Success,2026-03-29,2026-09-03,None,No Action Needed,Ready,No,100.0
CRM-000986,Copperfield Marketing,Hugo Lawson,hugo.lawson@copperfieldmarketing.example,+1 212 555 0190,United States,Media,11-50,Website,Opportunity,Partnerships,2026-03-30,2026-07-01,None,No Action Needed,Ready,No,100.0
CRM-000987,Driftwood Security,Liam Sutton,liam.sutton@driftwoodsecurity.example,+1 425 555 0155,United States,Technology,1-10,Website,SQL,Growth Ops,2026-03-30,2026-05-28,None,No Action Needed,Ready,No,100.0
CRM-000988,Rosewood Networks,Liam Reeves,liam.reeves@rosewoodnetworks.example,+1 425 555 0166,United States,Technology,51-200,Website,SQL,Customer Success,2026-03-30,2026-06-01,None,No Action Needed,Ready,No,100.0
CRM-000989,Ridgeline Energy,Amara Novak,amara.novak@ridgelineenergy.example,+1 971 555 0171,United States,Energy,201-1000,Website,Lead,Partnerships,2026-03-30,2026-05-30,None,No Action Needed,Ready,No,100.0
CRM-000990,Meridian Works,Mateo Lowe,mateo.lowe@meridianworks.example,+1 813 555 0177,United States,Manufacturing,11-50,Website,Lead,Partnerships,2026-03-30,2026-08-02,None,No Action Needed,Ready,No,100.0
CRM-000991,Oxbow Group,Isaac Fischer,isaac.fischer@oxbowgroup.example,+1 469 555 0157,United States,Professional Services,1-10,Outbound,Opportunity,Marketing Ops,2026-03-30,2026-04-06,None,No Action Needed,Ready,No,100.0
CRM-000992,Bayview Health,Ella Lawson,ella.lawson@bayviewhealth.example,+1 628 555 0172,United States,Healthcare,1-10,Website,SQL,Sales Ops,2026-03-30,2026-08-30,None,No Action Needed,Ready,No,100.0
CRM-000993,Quarry Cloud,Omar Hartley,omar.hartley@quarrycloud.example,+1 720 555 0170,United States,Technology,11-50,Webinar,SQL,Marketing Ops,2026-03-30,2026-09-19,None,No Action Needed,Ready,No,100.0
CRM-000994,Peakview Solutions,Hana Jensen,hana.jensen@peakviewsolutions.example,+1 425 555 0136,United States,Technology,1-10,Outbound,Lead,Customer Success,2026-03-30,2026-04-07,None,No Action Needed,Ready,No,100.0
CRM-000995,Harbor Health,Nina Patel,nina.patel@harborhealth.example,+44 20 7946 0169,United Kingdom,Healthcare,1-10,Referral,Lead,Customer Success,2026-03-30,2026-04-25,None,No Action Needed,Ready,No,100.0
CRM-000996,Bayview Motors,Tessa Shah,tessa.shah@bayviewmotors.example,+1 858 555 0186,United States,Manufacturing,51-200,Outbound,Customer,Partnerships,2026-03-30,2026-06-02,Company Casing,Standardized,Ready,No,100.0
CRM-000997,Orchard Services,Ines Gallo,ines.gallo@orchardservices.example,+1 971 555 0112,United States,Professional Services,1-10,Website,Lead,Marketing Ops,2026-03-30,2026-04-05,Invalid Email,Standardized,Ready,No,100.0
CRM-000998,Ashford Security,Maya Chandra,maya.chandra@ashfordsecurity.example,+1 713 555 0108,United States,Technology,1-10,Outbound,Lead,Partnerships,2026-03-31,2026-08-23,None,No Action Needed,Ready,No,100.0
CRM-000999,Driftwood Education,Grace Lawson,grace.lawson@driftwoodeducation.example,+1 702 555 0172,United States,Education,11-50,Outbound,Customer,Sales Ops,2026-03-31,2026-04-18,Company Casing,Standardized,Ready,No,100.0
CRM-001000,Eastgate Logistics,Kai Ortega,kai.ortega@eastgatelogistics.example,+1 702 555 0127,United States,,1000+,Website,Lead,Sales Ops,2026-03-31,2026-07-22,Missing Industry,Owner Follow-up,Needs Follow-up,Yes,87.5
CRM-001001,Pinecrest Solutions,Grace Hartley,grace.hartley@pinecrestsolutions.example,+1 404 555 0138,United States,Technology,11-50,Referral,Opportunity,Sales Ops,2026-03-31,2026-06-03,None,No Action Needed,Ready,No,100.0
CRM-001002,Vista Marketing,Isaac Rowe,isaac.rowe@vistamarketing.example,+1 619 555 0102,United States,Media,51-200,Outbound,SQL,Sales Ops,2026-03-31,2026-07-14,Missing Phone,Enriched,Ready,No,100.0
CRM-001003,Dunmore Foods,Ella Abbott,ella.abbott@dunmorefoods.example,+1 403 555 0194,Canada,Retail,1-10,Event,MQL,Partnerships,2026-03-31,2026-07-27,Duplicate Email,Merged,Ready,No,100.0
CRM-001004,Northstar Robotics,Zara Okafor,zara.okafor@northstarrobotics.example,+1 602 555 0147,United States,Technology,51-200,Website,Lead,Marketing Ops,2026-03-31,2026-09-24,None,No Action Needed,Ready,No,100.0
CRM-001006,Sterling Insurance,Theo Foster,theo.foster@sterlinginsurance.example,+1 416 555 0154,Canada,Finance,201-1000,Webinar,Lead,Growth Ops,2026-04-01,2026-07-17,None,No Action Needed,Ready,No,100.0
CRM-001007,Quill Systems,Theo Carter,theo.carter@quillsystems.example,+1 403 555 0171,Canada,Technology,1000+,Outbound,Lead,Customer Success,2026-04-01,2026-08-07,None,No Action Needed,Ready,No,100.0
CRM-001008,Keystone Solutions,Amara Ortega,amara.ortega@keystonesolutions.example,+1 971 555 0101,United States,Technology,201-1000,Outbound,Opportunity,Marketing Ops,2026-04-01,2026-08-15,None,No Action Needed,Ready,No,100.0
CRM-001009,Highland Insurance,Sofia Ortega,sofia.ortega@highlandinsurance.example,+1 206 555 0101,United States,Finance,201-1000,Website,SQL,Sales Ops,2026-04-01,2026-08-16,Invalid Email,Standardized,Ready,No,100.0
CRM-001010,Rosewood Retail,Aaron Patel,aaron.patel@rosewoodretail.example,+44 20 7946 0626,United Kingdom,Retail,1-10,Referral,Lead,Marketing Ops,2026-04-01,2026-04-14,None,No Action Needed,Ready,No,100.0
CRM-001011,Ironbridge Design,Ella Dawson,ella.dawson@ironbridgedesign.example,+1 512 555 0154,United States,Media,51-200,Website,Opportunity,Partnerships,2026-04-01,2026-08-11,Invalid Email,Standardized,Ready,No,100.0
CRM-001012,Willow Design,Clara Walsh,clara.walsh@willowdesign.example,+44 20 7946 0704,United Kingdom,Media,201-1000,Referral,Opportunity,Partnerships,2026-04-01,2026-06-17,None,No Action Needed,Ready,No,100.0
CRM-001013,Pioneer Supply,Lucas Jensen,lucas.jensen@pioneersupply.example,+1 310 555 0124,United States,,11-50,Webinar,Customer,Partnerships,2026-04-01,2026-06-23,Missing Industry,Owner Follow-up,Needs Follow-up,Yes,87.5
CRM-001014,Eastgate Finance,Lena Jensen,lena.jensen@eastgatefinance.example,+1 503 555 0146,United States,Finance,1-10,Referral,Opportunity,Sales Ops,2026-04-01,2026-08-26,None,No Action Needed,Ready,No,100.0
CRM-001015,Oakridge Marketing,Sofia Morgan,sofia.morgan@oakridgemarketing.example,+1 404 555 0164,United States,Media,1-10,Webinar,SQL,Growth Ops,2026-04-01,2026-09-14,None,No Action Needed,Ready,No,100.0
CRM-001016,Harbor Consulting,Hugo Rowe,hugo.rowe@harborconsulting.example,+1 512 555 0173,United States,Professional Services,11-50,Website,MQL,Partnerships,2026-04-01,2026-05-07,None,No Action Needed,Ready,No,100.0
CRM-001017,Clearwater Industries,Mira Pruitt,mira.pruitt@clearwaterindustries.example,+1 514 555 0161,Canada,Manufacturing,51-200,Website,Customer,Sales Ops,2026-04-01,2026-09-06,None,No Action Needed,Ready,No,100.0
CRM-001018,Greenline Robotics,Ravi Nolan,ravi.nolan@greenlinerobotics.example,+1 971 555 0167,United States,Technology,51-200,Webinar,Opportunity,Marketing Ops,2026-04-01,2026-09-30,Missing Phone,Enriched,Ready,No,100.0
CRM-001019,Raven Realty,Felix Carter,felix.carter@ravenrealty.example,+1 312 555 0108,United States,Professional Services,51-200,Event,Lead,Growth Ops,2026-04-01,2026-05-24,None,No Action Needed,Ready,No,100.0
CRM-001020,Beacon Analytics,Mira Mercer,mira.mercer@beaconanalytics.example,+1 813 555 0176,United States,Technology,11-50,Outbound,Opportunity,Marketing Ops,2026-04-01,2026-04-23,Missing Phone,Enriched,Ready,No,100.0
CRM-001021,Kingfisher Motors,Dylan Ortega,dylan.ortega@kingfishermotors.example,+1 604 555 0199,Canada,Manufacturing,1-10,Referral,Lead,Sales Ops,2026-04-01,2026-04-28,Phone Format,Standardized,Ready,No,100.0
CRM-001022,Ridgeline Solutions,Alicia Kerr,alicia.kerr@ridgelinesolutions.example,+1 604 555 0171,Canada,Technology,201-1000,Outbound,Lead,Growth Ops,2026-04-02,2026-06-17,None,No Action Needed,Ready,No,100.0
CRM-001023,Elmwood Partners,Leah Hartley,leah.hartley@elmwoodpartners.example,+1 949 555 0145,United States,Professional Services,11-50,Outbound,Opportunity,Marketing Ops,2026-04-02,2026-07-08,None,No Action Needed,Ready,No,100.0
CRM-001024,Zenith Analytics,Caleb Barnes,caleb.barnes@zenithanalytics.example,+1 917 555 0138,United States,Technology,201-1000,Referral,MQL,Sales Ops,2026-04-02,2026-06-13,Phone Format,Standardized,Ready,No,100.0
CRM-001025,Canyon Staffing,Jonah Chandra,jonah.chandra@canyonstaffing.example,+1 305 555 0179,United States,Professional Services,1-10,Outbound,Customer,Marketing Ops,2026-04-02,2026-05-14,None,No Action Needed,Ready,No,100.0
CRM-001026,Willow Services,Alicia Jensen,alicia.jensen@willowservices.example,+1 404 555 0142,United States,Professional Services,51-200,Referral,Lead,Growth Ops,2026-04-02,2026-07-29,None,No Action Needed,Ready,No,100.0
CRM-001027,Upland Finance,Zara Fischer,zara.fischer@uplandfinance.example,+1 503 555 0169,United States,Finance,11-50,Website,SQL,Growth Ops,2026-04-02,2026-04-11,None,No Action Needed,Ready,No,100.0
CRM-001028,Ridgeline Services,Victor Pruitt,victor.pruitt@ridgelineservices.example,+1 415 555 0170,United States,Professional Services,11-50,Referral,Opportunity,Customer Success,2026-04-02,2026-06-13,Phone Format,Standardized,Ready,No,100.0
CRM-001029,Jasper Systems,Clara Walsh,clara.walsh@jaspersystems.example,+44 20 7946 0557,United Kingdom,Technology,11-50,Referral,MQL,Growth Ops,2026-04-02,2026-07-09,Company Casing,Standardized,Ready,No,100.0
CRM-001030,Evergreen Design,Mateo Sutton,mateo.sutton@evergreendesign.example,+1 702 555 0193,United States,Media,1-10,Website,Opportunity,Marketing Ops,2026-04-02,2026-08-11,Company Casing,Standardized,Ready,No,100.0
CRM-001031,Thornfield Robotics,Hugo Mercer,hugo.mercer@thornfieldrobotics.example,+1 512 555 0197,United States,Technology,201-1000,Website,Lead,Customer Success,2026-04-02,2026-09-27,None,No Action Needed,Ready,No,100.0
CRM-001032,Northstar Pharma,Alicia Hayes,alicia.hayes@northstarpharma.example,+1 858 555 0156,United States,Healthcare,1-10,Website,Opportunity,Partnerships,2026-04-02,2026-05-19,None,No Action Needed,Ready,No,100.0
CRM-001033,Quill Logistics,Priya Gallo,priya.gallo@quilllogistics.example,+1 713 555 0179,United States,Logistics,1000+,Webinar,SQL,Marketing Ops,2026-04-02,2026-04-26,Duplicate Email,Merged,Ready,No,100.0
CRM-001034,Glenmore Packaging,Nina Nolan,nina.nolan@glenmorepackaging.example,+1 702 555 0123,United States,Manufacturing,11-50,Website,Lead,Marketing Ops,2026-04-02,2026-04-05,None,No Action Needed,Ready,No,100.0
CRM-001036,Highland Finance,Priya Vaughn,priya.vaughn@highlandfinance.example,+1 949 555 0154,United States,Finance,201-1000,Event,Lead,Customer Success,2026-04-03,2026-09-28,Missing Phone,Enriched,Ready,No,100.0
CRM-001037,Juniper Design,Marcus Tanaka,marcus.tanaka@juniperdesign.example,+1 312 555 0196,United States,Media,1000+,Webinar,Lead,Growth Ops,2026-04-03,2026-08-02,None,No Action Needed,Ready,No,100.0
CRM-001038,Jasper Retail,Naomi Delgado,naomi.delgado@jasperretail.example,,United States,Retail,201-1000,Event,Opportunity,Sales Ops,2026-04-03,2026-09-19,Missing Phone,Owner Follow-up,Needs Follow-up,Yes,87.5
CRM-001039,Windmill Studios,Aaron Lowe,aaron.lowe@windmillstudios.example,+1 604 555 0120,Canada,Media,1-10,Website,Opportunity,Growth Ops,2026-04-03,2026-06-14,None,No Action Needed,Ready,No,100.0
CRM-001040,Sable Security,Ines Mercer,ines.mercer@sablesecurity.example,+1 503 555 0121,United States,Technology,11-50,Referral,Lead,Growth Ops,2026-04-03,2026-05-22,Phone Format,Standardized,Ready,No,100.0
CRM-001041,Thornfield Partners,Omar Foster,omar.foster@thornfieldpartners.example,+1 516 555 0156,United States,Professional Services,11-50,Referral,Customer,Growth Ops,2026-04-03,2026-09-17,Missing Industry,Enriched,Ready,No,100.0
CRM-001042,Indigo Software,Owen Sutton,owen.sutton@indigosoftware.example,+1 403 555 0130,Canada,Technology,11-50,Website,Customer,Sales Ops,2026-04-03,2026-08-05,None,No Action Needed,Ready,No,100.0
CRM-001043,Orchard Consulting,Ines Turner,ines.turner@orchardconsulting.example,+1 514 555 0136,Canada,Professional Services,11-50,Outbound,SQL,Sales Ops,2026-04-03,2026-05-09,None,No Action Needed,Ready,No,100.0
CRM-001044,Vantage Security,Aaron Turner,aaron.turner@vantagesecurity.example,+1 925 555 0121,United States,Technology,11-50,Webinar,MQL,Marketing Ops,2026-04-03,2026-08-30,Missing Industry,Enriched,Ready,No,100.0
CRM-001045,Keystone Systems,Jonah Ivers,jonah.ivers@keystonesystems.example,+1 206 555 0175,United States,Technology,11-50,Website,Lead,Growth Ops,2026-04-03,2026-04-12,None,No Action Needed,Ready,No,100.0
CRM-001046,Pioneer Design,Ava Rowe,ava.rowe@pioneerdesign.example,+1 602 555 0180,United States,Media,51-200,Website,SQL,Partnerships,2026-04-03,2026-08-23,Missing Phone,Enriched,Ready,No,100.0
CRM-001047,Foxglove Health,Alicia Sutton,alicia.sutton@foxglovehealth.example,+1 514 555 0176,Canada,Healthcare,201-1000,Website,MQL,Marketing Ops,2026-04-04,2026-06-20,None,No Action Needed,Ready,No,100.0
CRM-001048,Willow Labs,Owen Fischer,owen.fischer@willowlabs.example,+1 619 555 0166,United States,Technology,1-10,Referral,Lead,Marketing Ops,2026-04-04,2026-07-14,Duplicate Email,Merged,Ready,No,100.0
CRM-001049,Norwood Retail,Caleb Ivers,caleb.ivers@norwoodretail.example,+1 720 555 0146,United States,Retail,51-200,Webinar,MQL,Sales Ops,2026-04-04,2026-04-09,Phone Format,Standardized,Ready,No,100.0
CRM-001050,Willow Robotics,Ethan Ellis,ethan.ellis@willowrobotics.example,+1 646 555 0172,United States,Technology,201-1000,Referral,Lead,Customer Success,2026-04-04,2026-07-07,None,No Action Needed,Ready,No,100.0
CRM-001051,Upland Studios,Leah Chandra,leah.chandra@uplandstudios.example,+1 858 555 0181,United States,Media,1-10,Website,Lead,Customer Success,2026-04-04,2026-06-09,None,No Action Needed,Ready,No,100.0
CRM-001052,Pinecrest Networks,Nina Keller,nina.keller@pinecrestnetworks.example,+1 617 555 0129,United States,Technology,1-10,Referral,Lead,Marketing Ops,2026-04-04,2026-08-01,None,No Action Needed,Ready,No,100.0
CRM-001053,Prairie Health,Sofia Quinn,sofia.quinn@prairiehealth.example,+1 206 555 0117,United States,Healthcare,11-50,Referral,Customer,Partnerships,2026-04-04,2026-05-07,Missing Email,Enriched,Ready,No,100.0
CRM-001054,Vista Software,Clara Mercer,clara.mercer@vistasoftware.example,+44 20 7946 0268,United Kingdom,Technology,11-50,Outbound,Lead,Partnerships,2026-04-04,2026-07-22,None,No Action Needed,Ready,No,100.0
CRM-001055,Valley Capital,Alicia Reeves,alicia.reeves@valleycapital.example,+1 212 555 0111,United States,Finance,51-200,Event,SQL,Growth Ops,2026-04-04,2026-06-24,None,No Action Needed,Ready,No,100.0
CRM-001056,Kenwood Capital,Marcus Sutton,marcus.sutton@kenwoodcapital.example,+1 619 555 0191,United States,Finance,1-10,Webinar,Opportunity,Growth Ops,2026-04-04,2026-08-15,Invalid Email,Standardized,Ready,No,100.0
CRM-001057,Wexford Travel,Nina Tanaka,nina.tanaka@wexfordtravel.example,+1 602 555 0181,United States,Logistics,11-50,Referral,Opportunity,Marketing Ops,2026-04-04,2026-07-24,None,No Action Needed,Ready,No,100.0
CRM-001058,Maple Services,Alicia Brooks,alicia.brooks@mapleservices.example,+1 312 555 0102,United States,Professional Services,11-50,Website,MQL,Growth Ops,2026-04-05,2026-09-21,None,No Action Needed,Ready,No,100.0
CRM-001059,Horizon Supply,Maya Grant,maya.grant@horizonsupply.example,,United States,Logistics,11-50,Webinar,SQL,Partnerships,2026-04-05,2026-07-27,Missing Phone,Owner Follow-up,Needs Follow-up,Yes,87.5
CRM-001060,Pinecrest Security,Ines Pruitt,ines.pruitt@pinecrestsecurity.example,+1 602 555 0116,United States,,51-200,Webinar,Lead,Partnerships,2026-04-05,2026-08-24,Missing Industry,Owner Follow-up,Needs Follow-up,Yes,87.5
CRM-001061,Zephyr Foods,Ravi Mercer,ravi.mercer@zephyrfoods.example,+1 720 555 0168,United States,Retail,11-50,Website,SQL,Marketing Ops,2026-04-05,2026-09-03,None,No Action Needed,Ready,No,100.0
CRM-001062,Fernhill Foods,Aaron Mercer,aaron.mercer@fernhillfoods.example,+1 604 555 0149,Canada,Retail,201-1000,Webinar,Lead,Customer Success,2026-04-05,2026-08-16,None,No Action Needed,Ready,No,100.0
CRM-001063,Eastgate Staffing,Lucas Barnes,lucas.barnes@eastgatestaffing.example,+1 512 555 0166,United States,Professional Services,201-1000,Webinar,SQL,Sales Ops,2026-04-06,2026-05-26,None,No Action Needed,Ready,No,100.0
CRM-001064,Emberly Education,Tessa Morgan,tessa.morgan@emberlyeducation.example,+1 212 555 0104,United States,Education,11-50,Referral,Customer,Partnerships,2026-04-06,2026-05-30,Company Casing,Standardized,Ready,No,100.0
CRM-001065,Juniper Pharma,Omar Vaughn,omar.vaughn@juniperpharma.example,+1 512 555 0107,United States,Healthcare,51-200,Referral,Customer,Growth Ops,2026-04-06,2026-04-15,None,No Action Needed,Ready,No,100.0
CRM-001066,Alder Marketing,Ella Chandra,ella.chandra@aldermarketing.example,+1 403 555 0186,Canada,Media,11-50,Referral,MQL,Marketing Ops,2026-04-06,2026-09-29,None,No Action Needed,Ready,No,100.0
CRM-001067,Elmwood Pharma,Owen Rowe,owen.rowe@elmwoodpharma.example,+1 925 555 0193,United States,,11-50,Referral,MQL,Marketing Ops,2026-04-06,2026-06-28,Missing Industry,Owner Follow-up,Needs Follow-up,Yes,87.5
CRM-001068,Lakeshore Marketing,Nina Walsh,nina.walsh@lakeshoremarketing.example,+1 604 555 0192,Canada,Media,1-10,Outbound,Opportunity,Partnerships,2026-04-06,2026-04-16,Phone Format,Standardized,Ready,No,100.0
CRM-001070,Birchwood Packaging,Caleb Shah,caleb.shah@birchwoodpackaging.example,+1 813 555 0189,United States,Manufacturing,51-200,Outbound,Lead,Growth Ops,2026-04-07,2026-09-06,None,No Action Needed,Ready,No,100.0
CRM-001071,Dunmore Design,Dylan Gallo,,+44 20 7946 0358,United Kingdom,Media,11-50,Partner,Opportunity,Partnerships,2026-04-07,2026-08-20,Missing Email,Owner Follow-up,Needs Follow-up,Yes,87.5
CRM-001072,Ashford Logistics,Rosa Carter,rosa.carter@ashfordlogistics.example,+1 480 555 0120,United States,Logistics,51-200,Outbound,SQL,Customer Success,2026-04-07,2026-09-22,None,No Action Needed,Ready,No,100.0
CRM-001073,Ashford Insurance,Felix Walsh,felix.walsh@ashfordinsurance.example,+1 713 555 0139,United States,Finance,51-200,Webinar,MQL,Partnerships,2026-04-07,2026-05-15,None,No Action Needed,Ready,No,100.0
CRM-001074,Lighthouse Finance,Julia Chandra,julia.chandra@lighthousefinance.example,+1 310 555 0178,United States,Finance,1-10,Webinar,MQL,Partnerships,2026-04-07,2026-08-06,Phone Format,Standardized,Ready,No,100.0
CRM-001075,Larkspur Packaging,Amara Rowe,amara.rowe@larkspurpackaging.example,+44 20 7946 0146,United Kingdom,Manufacturing,51-200,Outbound,Lead,Partnerships,2026-04-07,2026-04-11,None,No Action Needed,Ready,No,100.0
CRM-001076,Hawthorn Textiles,Theo Shah,theo.shah@hawthorntextiles.example,+1 602 555 0137,United States,,201-1000,Outbound,SQL,Customer Success,2026-04-07,2026-07-25,Missing Industry,Owner Follow-up,Needs Follow-up,Yes,87.5
CRM-001077,Dovetail Finance,Isaac Tanaka,isaac.tanaka@dovetailfinance.example,+44 20 7946 0143,United Kingdom,Finance,1-10,Referral,SQL,Sales Ops,2026-04-07,2026-07-16,Duplicate Company,Merged,Ready,No,100.0
CRM-001078,Landmark Energy,Alicia Young,alicia.young@landmarkenergy.example,+1 971 555 0127,United States,Energy,51-200,Outbound,MQL,Sales Ops,2026-04-07,2026-04-21,None,No Action Needed,Ready,No,100.0
CRM-001079,Canyon Group,Hana Everett,hana.everett@canyongroup.example,+1 971 555 0173,United States,Professional Services,11-50,Event,Lead,Customer Success,2026-04-07,2026-05-30,None,No Action Needed,Ready,No,100.0
CRM-001080,Pembroke Software,Ethan Walsh,,+1 212 555 0103,United States,Technology,51-200,Website,Lead,Growth Ops,2026-04-07,2026-07-05,Missing Email,Owner Follow-up,Needs Follow-up,Yes,87.5
CRM-001081,Peakview Design,Mira Foster,mira.foster@peakviewdesign.example,+1 212 555 0160,United States,Media,1-10,Referral,Customer,Growth Ops,2026-04-07,2026-07-20,None,No Action Needed,Ready,No,100.0
CRM-001082,Olive Design,Theo Pruitt,theo.pruitt@olivedesign.example,+1 925 555 0124,United States,Media,1-10,Referral,Lead,Marketing Ops,2026-04-07,2026-05-26,None,No Action Needed,Ready,No,100.0
CRM-001083,Linden Energy,Nina Sutton,nina.sutton@lindenenergy.example,+1 312 555 0176,United States,Energy,51-200,Event,Opportunity,Growth Ops,2026-04-07,2026-05-21,None,No Action Needed,Ready,No,100.0
CRM-001086,Cascade Systems,Zara Morgan,zara.morgan@cascadesystems.example,+1 925 555 0176,United States,Technology,1-10,Referral,Lead,Sales Ops,2026-04-08,2026-09-20,None,No Action Needed,Ready,No,100.0
CRM-001087,Glenmore Logistics,Felix Everett,felix.everett@glenmorelogistics.example,+1 949 555 0157,United States,Logistics,1-10,Event,Lead,Customer Success,2026-04-08,2026-07-25,None,No Action Needed,Ready,No,100.0
CRM-001088,Quill Foods,Jonah Irving,jonah.irving@quillfoods.example,+1 617 555 0144,United States,Retail,1000+,Outbound,Customer,Sales Ops,2026-04-08,2026-08-17,None,No Action Needed,Ready,No,100.0
CRM-001089,Peakview Systems,Felix Pruitt,felix.pruitt@peakviewsystems.example,,United States,Technology,11-50,Outbound,SQL,Sales Ops,2026-04-08,2026-07-17,Missing Phone,Owner Follow-up,Needs Follow-up,Yes,87.5
CRM-001090,Cobalt Industries,Mira Sutton,mira.sutton@cobaltindustries.example,+1 403 555 0197,Canada,Manufacturing,11-50,Website,Lead,Marketing Ops,2026-04-08,2026-05-10,Missing Phone,Enriched,Ready,No,100.0
CRM-001091,Meridian Health,Isaac Walsh,isaac.walsh@meridianhealth.example,+1 646 555 0183,United States,Healthcare,201-1000,Website,Lead,Growth Ops,2026-04-08,2026-07-07,None,No Action Needed,Ready,No,100.0
CRM-001092,Bayview Staffing,Hugo Rowe,hugo.rowe@bayviewstaffing.example,+1 403 555 0198,Canada,Professional Services,201-1000,Outbound,MQL,Partnerships,2026-04-08,2026-05-18,Company Casing,Standardized,Ready,No,100.0
CRM-001093,Willow Systems,Liam Keller,liam.keller@willowsystems.example,+1 312 555 0197,United States,Technology,51-200,Referral,SQL,Partnerships,2026-04-08,2026-04-18,Company Casing,Standardized,Ready,No,100.0
CRM-001094,Cobalt Health,Isaac Carter,isaac.carter@cobalthealth.example,+1 516 555 0146,United States,Healthcare,201-1000,Referral,Customer,Partnerships,2026-04-08,2026-07-26,None,No Action Needed,Ready,No,100.0
CRM-001095,Larkspur Software,Zara Hartley,zara.hartley@larkspursoftware.example,+1 206 555 0182,United States,Technology,51-200,Outbound,SQL,Marketing Ops,2026-04-08,2026-07-15,None,No Action Needed,Ready,No,100.0
CRM-001096,Alder Insurance,Julia Nolan,julia.nolan@alderinsurance.example,+1 303 555 0166,United States,Finance,11-50,Event,Lead,Sales Ops,2026-04-08,2026-05-16,None,No Action Needed,Ready,No,100.0
CRM-001097,Pembroke Logistics,Tessa Grant,tessa.grant@pembrokelogistics.example,+1 404 555 0178,United States,Logistics,1-10,Outbound,SQL,Marketing Ops,2026-04-08,2026-08-08,None,No Action Needed,Ready,No,100.0
CRM-001098,Atlas Insurance,Ethan Morgan,,+1 613 555 0115,Canada,Finance,201-1000,Website,MQL,Growth Ops,2026-04-08,2026-07-01,Missing Email,Owner Follow-up,Needs Follow-up,Yes,87.5
CRM-001099,Beacon Retail,Daniel Morgan,daniel.morgan@beaconretail.example,+1 312 555 0107,United States,Retail,51-200,Event,Opportunity,Growth Ops,2026-04-08,2026-05-30,Missing Industry,Enriched,Ready,No,100.0
CRM-001100,Pioneer Textiles,Priya Pruitt,priya.pruitt@pioneertextiles.example,+1 901 555 0170,United States,Manufacturing,1-10,Outbound,SQL,Customer Success,2026-04-08,2026-09-29,None,No Action Needed,Ready,No,100.0
CRM-001101,Vantage Logistics,Theo Sutton,theo.sutton@vantagelogistics.example,+1 516 555 0136,United States,Logistics,201-1000,Partner,Customer,Marketing Ops,2026-04-08,2026-09-10,None,No Action Needed,Ready,No,100.0
CRM-001102,Zephyr Cloud,Caleb Sutton,caleb.sutton@zephyrcloud.example,+1 425 555 0176,United States,Technology,51-200,Event,Customer,Marketing Ops,2026-04-08,2026-08-16,Phone Format,Standardized,Ready,No,100.0
CRM-001103,Maple Energy,Ava Tanaka,ava.tanaka@mapleenergy.example,+44 20 7946 0958,United Kingdom,Energy,201-1000,Webinar,Lead,Partnerships,2026-04-08,2026-05-17,None,No Action Needed,Ready,No,100.0
CRM-001104,Horizon Industries,Mira Rowe,,+1 702 555 0147,United States,Manufacturing,201-1000,Outbound,MQL,Growth Ops,2026-04-09,2026-05-10,Missing Email,Owner Follow-up,Needs Follow-up,Yes,87.5
CRM-001105,Unity Marketing,Mira Jordan,,+1 858 555 0178,United States,Media,1000+,Partner,Customer,Growth Ops,2026-04-09,2026-04-11,Missing Email,Owner Follow-up,Needs Follow-up,Yes,87.5
CRM-001106,Canyon Consulting,Julia Quinn,julia.quinn@canyonconsulting.example,+44 20 7946 0263,United Kingdom,Professional Services,201-1000,Webinar,MQL,Sales Ops,2026-04-09,2026-08-27,None,No Action Needed,Ready,No,100.0
CRM-001107,Gladstone Design,Isaac Grant,isaac.grant@gladstonedesign.example,+1 925 555 0177,United States,Media,11-50,Referral,Customer,Growth Ops,2026-04-09,2026-08-06,None,No Action Needed,Ready,No,100.0
CRM-001108,Crestview Solutions,Clara Walsh,clara.walsh@crestviewsolutions.example,+1 516 555 0163,United States,Technology,1000+,Event,Customer,Customer Success,2026-04-09,2026-09-19,None,No Action Needed,Ready,No,100.0
CRM-001109,Riverside Consulting,Sofia Hayes,sofia.hayes@riversideconsulting.example,+1 480 555 0111,United States,Professional Services,11-50,Website,Lead,Customer Success,2026-04-09,2026-08-23,None,No Action Needed,Ready,No,100.0
CRM-001110,Clearwater Capital,Theo Nolan,theo.nolan@clearwatercapital.example,+1 303 555 0135,United States,Finance,1-10,Event,Lead,Sales Ops,2026-04-09,2026-04-29,None,No Action Needed,Ready,No,100.0
CRM-001111,Landmark Media,Clara Ortega,clara.ortega@landmarkmedia.example,+1 516 555 0197,United States,Media,1-10,Webinar,Opportunity,Sales Ops,2026-04-09,2026-04-20,None,No Action Needed,Ready,No,100.0
CRM-001112,Silverline Consulting,Sofia Jensen,sofia.jensen@silverlineconsulting.example,+1 949 555 0108,United States,Professional Services,1000+,Webinar,Customer,Customer Success,2026-04-09,2026-05-19,None,No Action Needed,Ready,No,100.0
CRM-001113,Horizon Labs,Sofia Mercer,sofia.mercer@horizonlabs.example,+44 20 7946 0767,United Kingdom,Technology,1-10,Website,Lead,Sales Ops,2026-04-09,2026-07-24,Missing Phone,Enriched,Ready,No,100.0
CRM-001114,Umber Retail,Marcus Hartley,marcus.hartley@umberretail.example,+1 949 555 0113,United States,Retail,51-200,Website,SQL,Growth Ops,2026-04-09,2026-07-21,Duplicate Email,Merged,Ready,No,100.0
CRM-001115,Landmark Security,Caleb Dawson,caleb.dawson@landmarksecurity.example,+1 617 555 0146,United States,Technology,51-200,Website,Lead,Partnerships,2026-04-09,2026-06-01,Phone Format,Standardized,Ready,No,100.0
CRM-001116,Juniper Cloud,Grace Shah,grace.shah@junipercloud.example,+1 415 555 0115,United States,Technology,51-200,Outbound,Customer,Partnerships,2026-04-10,2026-04-22,None,No Action Needed,Ready,No,100.0
CRM-001117,Dunmore Staffing,Liam Nolan,liam.nolan@dunmorestaffing.example,+1 604 555 0111,Canada,Professional Services,11-50,Event,Lead,Sales Ops,2026-04-10,2026-05-30,None,No Action Needed,Ready,No,100.0
CRM-001118,Ironwood Marketing,Lucas Chandra,lucas.chandra@ironwoodmarketing.example,+1 303 555 0178,United States,Media,51-200,Website,SQL,Partnerships,2026-04-10,2026-04-22,Invalid Email,Standardized,Ready,No,100.0
CRM-001119,Silverline Analytics,Kai Dawson,kai.dawson@silverlineanalytics.example,+1 617 555 0141,United States,,11-50,Website,Lead,Growth Ops,2026-04-10,2026-07-15,Missing Industry,Owner Follow-up,Needs Follow-up,Yes,87.5
CRM-001120,Highland Staffing,Mateo Everett,mateo.everett@highlandstaffing.example,+1 602 555 0176,United States,Professional Services,51-200,Outbound,Opportunity,Marketing Ops,2026-04-10,2026-09-07,None,No Action Needed,Ready,No,100.0
CRM-001121,Quartz Analytics,Victor Shah,victor.shah@quartzanalytics.example,+44 20 7946 0671,United Kingdom,Technology,1-10,Website,Customer,Customer Success,2026-04-10,2026-07-14,Invalid Email,Standardized,Ready,No,100.0
CRM-001122,Ironbridge Insurance,Daniel Young,daniel.young@ironbridgeinsurance.example,+1 425 555 0161,United States,Finance,1-10,Referral,Customer,Customer Success,2026-04-10,2026-08-05,None,No Action Needed,Ready,No,100.0
CRM-001123,Pioneer Studios,Isaac Nolan,isaac.nolan@pioneerstudios.example,+1 310 555 0106,United States,Media,1-10,Webinar,MQL,Marketing Ops,2026-04-10,2026-09-07,None,No Action Needed,Ready,No,100.0
CRM-001124,Copperfield Supply,Kai Delgado,kai.delgado@copperfieldsupply.example,+1 604 555 0113,Canada,Logistics,51-200,Outbound,MQL,Customer Success,2026-04-10,2026-05-18,Duplicate Email,Merged,Ready,No,100.0
CRM-001125,Trailhead Group,Alicia Shah,alicia.shah@trailheadgroup.example,+1 619 555 0176,United States,Professional Services,11-50,Outbound,Opportunity,Customer Success,2026-04-10,2026-09-28,None,No Action Needed,Ready,No,100.0
CRM-001126,Inlet Packaging,Rosa Barnes,rosa.barnes@inletpackaging.example,+1 425 555 0195,United States,Manufacturing,51-200,Referral,Lead,Marketing Ops,2026-04-10,2026-05-14,None,No Action Needed,Ready,No,100.0
CRM-001127,Yarrow Insurance,Priya Sutton,,+1 617 555 0131,United States,Finance,1-10,Website,MQL,Sales Ops,2026-04-10,2026-08-06,Missing Email,Owner Follow-up,Needs Follow-up,Yes,87.5
CRM-001128,Wexford Energy,Theo Reeves,theo.reeves@wexfordenergy.example,+44 20 7946 0234,United Kingdom,Energy,11-50,Outbound,Customer,Partnerships,2026-04-10,2026-05-21,None,No Action Needed,Ready,No,100.0
CRM-001129,Beacon Solutions,Isaac Abbott,isaac.abbott@beaconsolutions.example,+1 628 555 0120,United States,Technology,11-50,Webinar,MQL,Sales Ops,2026-04-11,2026-04-16,None,No Action Needed,Ready,No,100.0
CRM-001130,Quarry Travel,Theo Brooks,theo.brooks@quarrytravel.example,+1 516 555 0134,United States,Logistics,11-50,Website,Lead,Sales Ops,2026-04-11,2026-09-26,Company Casing,Standardized,Ready,No,100.0
CRM-001131,Cascade Analytics,Priya Mercer,priya.mercer@cascadeanalytics.example,+1 901 555 0112,United States,Technology,51-200,Referral,SQL,Marketing Ops,2026-04-11,2026-07-10,None,No Action Needed,Ready,No,100.0
CRM-001132,Aspen Travel,Aaron Keller,aaron.keller@aspentravel.example,+1 619 555 0116,United States,Logistics,1-10,Outbound,MQL,Growth Ops,2026-04-11,2026-08-01,None,No Action Needed,Ready,No,100.0
CRM-001133,Kingfisher Pharma,Tessa Morgan,tessa.morgan@kingfisherpharma.example,,United States,Healthcare,1000+,Referral,SQL,Sales Ops,2026-04-11,2026-07-21,Missing Phone,Owner Follow-up,Needs Follow-up,Yes,87.5
CRM-001134,Tidewater Pharma,Mateo Patel,mateo.patel@tidewaterpharma.example,+1 303 555 0184,United States,Healthcare,1-10,Webinar,Lead,Marketing Ops,2026-04-11,2026-06-18,Missing Email,Enriched,Ready,No,100.0
CRM-001135,Yarrow Industries,Caleb Jensen,caleb.jensen@yarrowindustries.example,+1 925 555 0160,United States,Manufacturing,1-10,Website,MQL,Marketing Ops,2026-04-11,2026-07-04,None,No Action Needed,Ready,No,100.0
CRM-001136,Highland Foods,Ines Reeves,ines.reeves@highlandfoods.example,+1 305 555 0125,United States,Retail,51-200,Event,Customer,Growth Ops,2026-04-11,2026-06-30,Phone Format,Standardized,Ready,No,100.0
CRM-001137,Tidewater Solutions,Zara Grant,zara.grant@tidewatersolutions.example,+1 604 555 0133,Canada,Technology,1000+,Event,Lead,Growth Ops,2026-04-11,2026-08-18,None,No Action Needed,Ready,No,100.0
CRM-001139,Goldcrest Security,Amara Novak,amara.novak@goldcrestsecurity.example,+1 480 555 0162,United States,Technology,1-10,Website,MQL,Partnerships,2026-04-12,2026-07-28,Duplicate Email,Merged,Ready,No,100.0
CRM-001140,Juniper Education,Kai Okafor,kai.okafor@junipereducation.example,+1 737 555 0188,United States,Education,1-10,Referral,Opportunity,Sales Ops,2026-04-12,2026-05-12,None,No Action Needed,Ready,No,100.0
CRM-001141,Ridgeline Group,Zara Lowe,,+1 813 555 0197,United States,Professional Services,51-200,Event,Lead,Sales Ops,2026-04-12,2026-08-05,Missing Email,Owner Follow-up,Needs Follow-up,Yes,87.5
CRM-001142,Birchwood Marketing,Jonah Hayes,jonah.hayes@birchwoodmarketing.example,+1 925 555 0129,United States,Media,1000+,Outbound,Customer,Sales Ops,2026-04-12,2026-05-13,Company Casing,Standardized,Ready,No,100.0
CRM-001143,Upland Partners,Naomi Delgado,naomi.delgado@uplandpartners.example,+1 646 555 0151,United States,Professional Services,51-200,Outbound,Opportunity,Sales Ops,2026-04-12,2026-07-14,Missing Industry,Enriched,Ready,No,100.0
CRM-001144,Gladstone Finance,Amara Keller,amara.keller@gladstonefinance.example,+1 469 555 0117,United States,Finance,51-200,Event,Customer,Customer Success,2026-04-12,2026-08-05,None,No Action Needed,Ready,No,100.0
CRM-001145,Ironwood Education,Liam Rowe,liam.rowe@ironwoodeducation.example,+1 813 555 0107,United States,Education,51-200,Website,MQL,Sales Ops,2026-04-12,2026-09-21,Missing Industry,Enriched,Ready,No,100.0
CRM-001146,Tamarack Pharma,Mateo Ortega,,+1 516 555 0194,United States,Healthcare,1000+,Webinar,SQL,Marketing Ops,2026-04-12,2026-09-18,Invalid Email,Owner Follow-up,Needs Follow-up,Yes,87.5
CRM-001147,Pinecrest Analytics,Victor Ellis,victor.ellis@pinecrestanalytics.example,,United States,Technology,11-50,Referral,Customer,Marketing Ops,2026-04-12,2026-07-05,Missing Phone,Owner Follow-up,Needs Follow-up,Yes,87.5
CRM-001148,Maple Finance,Hugo Chandra,,+1 425 555 0174,United States,Finance,11-50,Event,MQL,Marketing Ops,2026-04-12,2026-09-19,Missing Email,Owner Follow-up,Needs Follow-up,Yes,87.5
CRM-001149,Birchwood Insurance,Lena Okafor,lena.okafor@birchwoodinsurance.example,+1 310 555 0172,United States,Finance,1000+,Webinar,Customer,Growth Ops,2026-04-12,2026-05-16,Phone Format,Standardized,Ready,No,100.0
CRM-001150,Thornfield Solutions,Mateo Foster,mateo.foster@thornfieldsolutions.example,+1 917 555 0174,United States,Technology,51-200,Referral,Customer,Partnerships,2026-04-13,2026-05-05,None,No Action Needed,Ready,No,100.0
CRM-001151,Brightpath Solutions,Kai Okafor,kai.okafor@brightpathsolutions.example,+1 212 555 0137,United States,Technology,51-200,Website,SQL,Growth Ops,2026-04-13,2026-09-20,None,No Action Needed,Ready,No,100.0
CRM-001152,Yarrow Design,Tessa Lawson,tessa.lawson@yarrowdesign.example,+1 858 555 0163,United States,Media,11-50,Referral,Customer,Marketing Ops,2026-04-13,2026-09-06,None,No Action Needed,Ready,No,100.0
CRM-001153,Kestrel Education,Dylan Ellis,dylan.ellis@kestreleducation.example,+1 619 555 0136,United States,Education,11-50,Webinar,Customer,Sales Ops,2026-04-13,2026-04-15,None,No Action Needed,Ready,No,100.0
CRM-001154,Peakview Networks,Caleb Patel,caleb.patel@peakviewnetworks.example,+1 425 555 0128,United States,Technology,1-10,Outbound,Lead,Marketing Ops,2026-04-13,2026-05-12,Company Casing,Standardized,Ready,No,100.0
CRM-001155,Elmwood Insurance,Theo Ivers,theo.ivers@elmwoodinsurance.example,+1 516 555 0188,United States,Finance,1-10,Event,MQL,Customer Success,2026-04-13,2026-07-31,None,No Action Needed,Ready,No,100.0
CRM-001156,Ulster Systems,Tessa Young,tessa.young@ulstersystems.example,+1 720 555 0169,United States,Technology,11-50,Website,Lead,Sales Ops,2026-04-13,2026-05-08,None,No Action Needed,Ready,No,100.0
CRM-001157,Tamarack Solutions,Ella Keller,ella.keller@tamaracksolutions.example,+1 425 555 0144,United States,Technology,11-50,Webinar,MQL,Growth Ops,2026-04-13,2026-06-12,None,No Action Needed,Ready,No,100.0
CRM-001158,Landmark Partners,Tessa Grant,tessa.grant@landmarkpartners.example,+44 20 7946 0680,United Kingdom,Professional Services,201-1000,Webinar,Opportunity,Growth Ops,2026-04-13,2026-05-14,None,No Action Needed,Ready,No,100.0
CRM-001159,Kenwood Labs,Leah Grant,leah.grant@kenwoodlabs.example,+1 901 555 0138,United States,Technology,1-10,Referral,SQL,Customer Success,2026-04-13,2026-06-17,None,No Action Needed,Ready,No,100.0
CRM-001160,Silverline Cloud,Amara Jensen,amara.jensen@silverlinecloud.example,+1 646 555 0138,United States,Technology,11-50,Outbound,Opportunity,Growth Ops,2026-04-13,2026-09-13,None,No Action Needed,Ready,No,100.0
CRM-001161,BluePeak Motors,Tessa Patel,tessa.patel@bluepeakmotors.example,,United States,Manufacturing,1-10,Referral,Customer,Marketing Ops,2026-04-14,2026-09-20,Missing Phone,Owner Follow-up,Needs Follow-up,Yes,87.5
CRM-001162,Linden Design,Victor Ivers,victor.ivers@lindendesign.example,+44 20 7946 0070,United Kingdom,Media,11-50,Outbound,MQL,Customer Success,2026-04-14,2026-05-16,None,No Action Needed,Ready,No,100.0
CRM-001163,Elmwood Marketing,Zara Rowe,zara.rowe@elmwoodmarketing.example,+1 628 555 0129,United States,Media,1-10,Website,MQL,Sales Ops,2026-04-14,2026-07-06,None,No Action Needed,Ready,No,100.0
CRM-001164,Rosewood Packaging,Liam Nolan,liam.nolan@rosewoodpackaging.example,+1 901 555 0111,United States,Manufacturing,201-1000,Event,MQL,Partnerships,2026-04-14,2026-04-25,Duplicate Email,Merged,Ready,No,100.0
CRM-001165,BluePeak Industries,Ravi Delgado,ravi.delgado@bluepeakindustries.example,+1 206 555 0189,United States,Manufacturing,1000+,Website,MQL,Customer Success,2026-04-14,2026-08-30,Company Casing,Standardized,Ready,No,100.0
CRM-001166,Newport Consulting,Dylan Brooks,dylan.brooks@newportconsulting.example,+1 602 555 0186,United States,Professional Services,11-50,Website,MQL,Customer Success,2026-04-14,2026-08-27,None,No Action Needed,Ready,No,100.0
CRM-001167,Trailhead Logistics,Rosa Nolan,rosa.nolan@trailheadlogistics.example,+1 404 555 0106,United States,Logistics,1-10,Referral,Opportunity,Growth Ops,2026-04-14,2026-07-18,Phone Format,Standardized,Ready,No,100.0
CRM-001168,Lakeshore Services,Ravi Irving,ravi.irving@lakeshoreservices.example,+1 628 555 0177,United States,Professional Services,11-50,Webinar,MQL,Customer Success,2026-04-14,2026-08-23,None,No Action Needed,Ready,No,100.0
CRM-001169,Inlet Studios,Priya Gallo,priya.gallo@inletstudios.example,+1 702 555 0164,United States,Media,11-50,Partner,MQL,Customer Success,2026-04-14,2026-05-13,None,No Action Needed,Ready,No,100.0
CRM-001170,Peakview Foods,Amara Grant,amara.grant@peakviewfoods.example,+1 516 555 0120,United States,Retail,11-50,Partner,SQL,Partnerships,2026-04-14,2026-04-19,Company Casing,Standardized,Ready,No,100.0
CRM-001171,Kenwood Group,Mateo Everett,mateo.everett@kenwoodgroup.example,,United States,Professional Services,1-10,Website,SQL,Customer Success,2026-04-14,2026-06-27,Missing Phone,Owner Follow-up,Needs Follow-up,Yes,87.5
CRM-001172,Ironbridge Packaging,Leah Novak,leah.novak@ironbridgepackaging.example,+1 737 555 0153,United States,Manufacturing,201-1000,Website,Lead,Growth Ops,2026-04-15,2026-09-19,Missing Industry,Enriched,Ready,No,100.0
CRM-001173,Sterling Consulting,Mateo Jordan,mateo.jordan@sterlingconsulting.example,+1 503 555 0190,United States,Professional Services,11-50,Outbound,SQL,Customer Success,2026-04-15,2026-06-06,None,No Action Needed,Ready,No,100.0
CRM-001174,Orchard Solutions,Liam Rowe,liam.rowe@orchardsolutions.example,+1 901 555 0140,United States,Technology,11-50,Partner,Lead,Marketing Ops,2026-04-15,2026-08-28,Missing Phone,Enriched,Ready,No,100.0
CRM-001175,Hollis Motors,Alicia Tanaka,alicia.tanaka@hollismotors.example,,United States,Manufacturing,1000+,Website,MQL,Customer Success,2026-04-15,2026-07-29,Missing Phone,Owner Follow-up,Needs Follow-up,Yes,87.5
CRM-001176,Falcon Insurance,Kai Jensen,kai.jensen@falconinsurance.example,+1 925 555 0141,United States,Finance,51-200,Partner,Lead,Marketing Ops,2026-04-15,2026-09-23,Phone Format,Standardized,Ready,No,100.0
CRM-001177,Skyline Travel,Liam Kerr,liam.kerr@skylinetravel.example,+44 20 7946 0924,United Kingdom,Logistics,1-10,Outbound,Lead,Customer Success,2026-04-15,2026-05-30,None,No Action Needed,Ready,No,100.0
CRM-001178,Hawthorn Media,Noah Chandra,noah.chandra@hawthornmedia.example,+1 514 555 0166,Canada,Media,1-10,Referral,Opportunity,Sales Ops,2026-04-15,2026-08-10,Invalid Email,Standardized,Ready,No,100.0
CRM-001179,Landmark Travel,Tessa Kerr,tessa.kerr@landmarktravel.example,+1 713 555 0172,United States,Logistics,1-10,Outbound,MQL,Sales Ops,2026-04-15,2026-04-17,None,No Action Needed,Ready,No,100.0
CRM-001180,Pioneer Finance,Hugo Jensen,hugo.jensen@pioneerfinance.example,+1 480 555 0130,United States,Finance,11-50,Referral,Opportunity,Partnerships,2026-04-16,2026-05-26,None,No Action Needed,Ready,No,100.0
CRM-001181,Alder Security,Sofia Dawson,sofia.dawson@aldersecurity.example,+1 514 555 0188,Canada,Technology,11-50,Website,MQL,Growth Ops,2026-04-16,2026-09-15,None,No Action Needed,Ready,No,100.0
CRM-001182,Silverline Works,Tessa Lowe,tessa.lowe@silverlineworks.example,,United States,Manufacturing,1-10,Website,SQL,Sales Ops,2026-04-16,2026-06-08,Missing Phone,Owner Follow-up,Needs Follow-up,Yes,87.5
CRM-001183,Newport Retail,Julia Vaughn,julia.vaughn@newportretail.example,+44 20 7946 0859,United Kingdom,Retail,11-50,Event,MQL,Sales Ops,2026-04-16,2026-06-01,None,No Action Needed,Ready,No,100.0
CRM-001184,Vantage Health,Marcus Jordan,marcus.jordan@vantagehealth.example,+1 305 555 0163,United States,,51-200,Webinar,Customer,Sales Ops,2026-04-16,2026-06-12,Missing Industry,Owner Follow-up,Needs Follow-up,Yes,87.5
CRM-001185,Northgate Education,Alicia Morgan,alicia.morgan@northgateeducation.example,+1 469 555 0184,United States,Education,11-50,Event,Opportunity,Sales Ops,2026-04-16,2026-04-28,Missing Email,Enriched,Ready,No,100.0
CRM-001186,Westbrook Staffing,Dylan Foster,dylan.foster@westbrookstaffing.example,+1 312 555 0171,United States,Professional Services,11-50,Event,Lead,Partnerships,2026-04-16,2026-08-03,Duplicate Email,Merged,Ready,No,100.0
CRM-001187,Westbrook Foods,Alicia Chandra,alicia.chandra@westbrookfoods.example,+1 480 555 0122,United States,Retail,51-200,Referral,Customer,Marketing Ops,2026-04-16,2026-07-07,Missing Email,Enriched,Ready,No,100.0
CRM-001188,Prairie Labs,Ravi Lowe,ravi.lowe@prairielabs.example,+1 925 555 0110,United States,Technology,11-50,Referral,MQL,Sales Ops,2026-04-16,2026-06-30,None,No Action Needed,Ready,No,100.0
CRM-001189,Lakeshore Partners,Mateo Lowe,mateo.lowe@lakeshorepartners.example,+1 646 555 0125,United States,Professional Services,11-50,Website,Lead,Marketing Ops,2026-04-16,2026-07-21,Phone Format,Standardized,Ready,No,100.0
CRM-001190,Glenmore Education,Alicia Everett,alicia.everett@glenmoreeducation.example,+1 469 555 0191,United States,Education,11-50,Referral,Lead,Partnerships,2026-04-16,2026-09-24,None,No Action Needed,Ready,No,100.0
CRM-001191,Hawthorn Supply,Aaron Morgan,aaron.morgan@hawthornsupply.example,+1 628 555 0193,United States,Logistics,1-10,Website,Opportunity,Marketing Ops,2026-04-16,2026-05-13,Company Casing,Standardized,Ready,No,100.0
CRM-001192,Sterling Design,Felix Abbott,felix.abbott@sterlingdesign.example,+1 813 555 0163,United States,Media,11-50,Website,Customer,Growth Ops,2026-04-16,2026-06-23,None,No Action Needed,Ready,No,100.0
CRM-001193,Marlow Realty,Alicia Quinn,alicia.quinn@marlowrealty.example,+1 480 555 0160,United States,Professional Services,51-200,Website,MQL,Marketing Ops,2026-04-16,2026-06-09,None,No Action Needed,Ready,No,100.0
CRM-001196,Silverline Media,Noah Keller,noah.keller@silverlinemedia.example,+1 602 555 0151,United States,Media,201-1000,Outbound,Opportunity,Customer Success,2026-04-17,2026-08-27,Missing Industry,Enriched,Ready,No,100.0
CRM-001197,Thornfield Logistics,Ella Ivers,ella.ivers@thornfieldlogistics.example,+44 20 7946 0530,United Kingdom,Logistics,1-10,Event,Customer,Partnerships,2026-04-17,2026-07-10,Phone Format,Standardized,Ready,No,100.0
CRM-001198,Oakridge Motors,Clara Rowe,clara.rowe@oakridgemotors.example,+1 310 555 0114,United States,Manufacturing,1-10,Website,Customer,Marketing Ops,2026-04-17,2026-05-24,None,No Action Needed,Ready,No,100.0
CRM-001199,Hollis Robotics,Alicia Rowe,alicia.rowe@hollisrobotics.example,+44 20 7946 0672,United Kingdom,Technology,11-50,Webinar,Lead,Marketing Ops,2026-04-17,2026-07-14,None,No Action Needed,Ready,No,100.0
CRM-001200,Raven Services,Clara Brooks,clara.brooks@ravenservices.example,+44 20 7946 0380,United Kingdom,Professional Services,1-10,Outbound,SQL,Partnerships,2026-04-17,2026-09-15,Missing Phone,Enriched,Ready,No,100.0
CRM-001201,Ironbridge Consulting,Zara Hayes,zara.hayes@ironbridgeconsulting.example,+1 602 555 0118,United States,Professional Services,51-200,Website,SQL,Marketing Ops,2026-04-17,2026-09-03,Phone Format,Standardized,Ready,No,100.0
CRM-001202,Umber Motors,Priya Grant,priya.grant@umbermotors.example,+1 858 555 0111,United States,Manufacturing,201-1000,Referral,SQL,Partnerships,2026-04-17,2026-04-23,None,No Action Needed,Ready,No,100.0
CRM-001203,Quartz Robotics,Ethan Sutton,ethan.sutton@quartzrobotics.example,+1 702 555 0128,United States,Technology,51-200,Webinar,SQL,Sales Ops,2026-04-17,2026-06-19,Duplicate Company,Merged,Ready,No,100.0
CRM-001204,Redwood Group,Grace Quinn,grace.quinn@redwoodgroup.example,+1 312 555 0189,United States,Professional Services,11-50,Outbound,Opportunity,Sales Ops,2026-04-17,2026-05-10,None,No Action Needed,Ready,No,100.0
CRM-001205,Brookside Consulting,Kai Irving,kai.irving@brooksideconsulting.example,+1 917 555 0186,United States,Professional Services,1-10,Outbound,MQL,Growth Ops,2026-04-17,2026-07-02,Missing Email,Enriched,Ready,No,100.0
CRM-001206,Greenline Marketing,Ella Vaughn,ella.vaughn@greenlinemarketing.example,+1 602 555 0196,United States,Media,1-10,Website,Lead,Marketing Ops,2026-04-17,2026-08-18,None,No Action Needed,Ready,No,100.0
CRM-001207,Emberly Staffing,Hana Reeves,hana.reeves@emberlystaffing.example,+1 512 555 0129,United States,Professional Services,51-200,Outbound,MQL,Growth Ops,2026-04-17,2026-08-13,None,No Action Needed,Ready,No,100.0
CRM-001208,Beacon Motors,Lena Ivers,lena.ivers@beaconmotors.example,+1 604 555 0147,Canada,Manufacturing,11-50,Website,SQL,Customer Success,2026-04-17,2026-07-28,Invalid Email,Standardized,Ready,No,100.0
CRM-001209,Kenwood Media,Dylan Nolan,dylan.nolan@kenwoodmedia.example,+1 971 555 0109,United States,Media,1-10,Outbound,Customer,Growth Ops,2026-04-17,2026-04-21,None,No Action Needed,Ready,No,100.0
CRM-001210,Evergreen Insurance,Sofia Foster,sofia.foster@evergreeninsurance.example,+1 604 555 0179,Canada,Finance,11-50,Referral,MQL,Marketing Ops,2026-04-17,2026-05-30,Company Casing,Standardized,Ready,No,100.0
CRM-001211,Birchwood Security,Liam Irving,liam.irving@birchwoodsecurity.example,+1 512 555 0146,United States,Technology,51-200,Outbound,Customer,Sales Ops,2026-04-17,2026-06-30,Invalid Email,Standardized,Ready,No,100.0
CRM-001212,Kenwood Security,Kai Lowe,kai.lowe@kenwoodsecurity.example,+1 212 555 0128,United States,Technology,1-10,Partner,Lead,Customer Success,2026-04-17,2026-08-25,None,No Action Needed,Ready,No,100.0
CRM-001213,Falcon Consulting,Victor Irving,victor.irving@falconconsulting.example,+1 617 555 0176,United States,Professional Services,51-200,Outbound,Customer,Partnerships,2026-04-17,2026-05-24,None,No Action Needed,Ready,No,100.0
CRM-001214,Alder Software,Ines Mercer,ines.mercer@aldersoftware.example,+1 415 555 0130,United States,Technology,1-10,Event,Opportunity,Partnerships,2026-04-18,2026-08-07,None,No Action Needed,Ready,No,100.0
CRM-001215,Cascade Partners,Omar Walsh,omar.walsh@cascadepartners.example,+1 212 555 0193,United States,Professional Services,201-1000,Event,Lead,Sales Ops,2026-04-18,2026-05-04,None,No Action Needed,Ready,No,100.0
CRM-001216,Oxbow Textiles,Ravi Fischer,ravi.fischer@oxbowtextiles.example,+1 514 555 0157,Canada,Manufacturing,11-50,Website,MQL,Sales Ops,2026-04-18,2026-06-20,None,No Action Needed,Ready,No,100.0
CRM-001217,Trailhead Networks,Isaac Patel,isaac.patel@trailheadnetworks.example,+1 619 555 0162,United States,Technology,11-50,Outbound,Customer,Customer Success,2026-04-18,2026-04-26,Company Casing,Standardized,Ready,No,100.0
CRM-001218,Fairview Software,Ethan Lowe,ethan.lowe@fairviewsoftware.example,+1 925 555 0175,United States,Technology,1-10,Referral,Opportunity,Sales Ops,2026-04-18,2026-06-23,None,No Action Needed,Ready,No,100.0
CRM-001219,Evergreen Packaging,Ava Everett,ava.everett@evergreenpackaging.example,+1 858 555 0117,United States,Manufacturing,11-50,Referral,MQL,Marketing Ops,2026-04-18,2026-09-28,None,No Action Needed,Ready,No,100.0
CRM-001220,Harbor Works,Maya Gallo,maya.gallo@harborworks.example,+1 425 555 0172,United States,Manufacturing,11-50,Outbound,Opportunity,Customer Success,2026-04-18,2026-09-08,None,No Action Needed,Ready,No,100.0
CRM-001221,Vista Travel,Clara Foster,clara.foster@vistatravel.example,+1 702 555 0109,United States,Logistics,1-10,Webinar,Lead,Sales Ops,2026-04-18,2026-06-25,Missing Phone,Enriched,Ready,No,100.0
CRM-001222,Dovetail Design,Victor Walsh,,+1 310 555 0139,United States,Media,1000+,Website,MQL,Growth Ops,2026-04-18,2026-06-13,Missing Email,Owner Follow-up,Needs Follow-up,Yes,87.5
CRM-001224,Larkspur Textiles,Rosa Shah,rosa.shah@larkspurtextiles.example,+1 404 555 0159,United States,Manufacturing,11-50,Referral,SQL,Customer Success,2026-04-19,2026-05-06,None,No Action Needed,Ready,No,100.0
CRM-001225,Linden Pharma,Caleb Barnes,caleb.barnes@lindenpharma.example,+1 602 555 0164,United States,Healthcare,51-200,Webinar,MQL,Customer Success,2026-04-19,2026-08-18,Company Casing,Standardized,Ready,No,100.0
CRM-001226,Fernhill Networks,Victor Rowe,victor.rowe@fernhillnetworks.example,+1 305 555 0133,United States,Technology,1-10,Referral,MQL,Customer Success,2026-04-19,2026-08-16,None,No Action Needed,Ready,No,100.0
CRM-001227,Summit Studios,Aaron Reeves,aaron.reeves@summitstudios.example,+1 416 555 0120,Canada,Media,1-10,Outbound,SQL,Growth Ops,2026-04-19,2026-07-30,None,No Action Needed,Ready,No,100.0
CRM-001228,Windmill Education,Hana Hayes,hana.hayes@windmilleducation.example,+1 901 555 0176,United States,Education,1-10,Website,SQL,Sales Ops,2026-04-19,2026-08-08,None,No Action Needed,Ready,No,100.0
CRM-001229,Fairview Solutions,Noah Abbott,noah.abbott@fairviewsolutions.example,+1 949 555 0128,United States,Technology,201-1000,Website,Lead,Growth Ops,2026-04-19,2026-06-15,Company Casing,Standardized,Ready,No,100.0
CRM-001230,Greenline Systems,Mira Keller,mira.keller@greenlinesystems.example,+1 949 555 0151,United States,Technology,51-200,Webinar,Lead,Customer Success,2026-04-19,2026-09-01,None,No Action Needed,Ready,No,100.0
CRM-001231,BluePeak Logistics,Theo Delgado,theo.delgado@bluepeaklogistics.example,+1 901 555 0113,United States,Logistics,11-50,Outbound,SQL,Growth Ops,2026-04-19,2026-05-08,None,No Action Needed,Ready,No,100.0
CRM-001232,Ironbridge Finance,Ella Chandra,ella.chandra@ironbridgefinance.example,+44 20 7946 0997,United Kingdom,Finance,201-1000,Website,MQL,Growth Ops,2026-04-19,2026-09-27,None,No Action Needed,Ready,No,100.0
CRM-001233,Northgate Supply,Victor Ivers,victor.ivers@northgatesupply.example,+1 310 555 0115,United States,Logistics,1-10,Outbound,SQL,Partnerships,2026-04-19,2026-06-16,None,No Action Needed,Ready,No,100.0
CRM-001235,Greenline Foods,Caleb Mercer,,+1 813 555 0158,United States,Retail,201-1000,Website,Lead,Marketing Ops,2026-04-20,2026-06-28,Invalid Email,Owner Follow-up,Needs Follow-up,Yes,87.5
CRM-001236,Amberly Industries,Ella Gallo,,+1 917 555 0135,United States,Manufacturing,1-10,Outbound,Lead,Growth Ops,2026-04-20,2026-08-28,Missing Email,Owner Follow-up,Needs Follow-up,Yes,87.5
CRM-001237,Rosewood Partners,Owen Chandra,owen.chandra@rosewoodpartners.example,+1 737 555 0196,United States,Professional Services,11-50,Website,Lead,Partnerships,2026-04-20,2026-06-27,None,No Action Needed,Ready,No,100.0
CRM-001238,Cobalt Realty,Grace Grant,grace.grant@cobaltrealty.example,,United Kingdom,Professional Services,1-10,Website,Opportunity,Partnerships,2026-04-20,2026-07-22,Missing Phone,Owner Follow-up,Needs Follow-up,Yes,87.5
CRM-001239,Birchwood Pharma,Leah Gallo,leah.gallo@birchwoodpharma.example,+1 720 555 0103,United States,Healthcare,51-200,Webinar,Lead,Sales Ops,2026-04-20,2026-09-19,None,No Action Needed,Ready,No,100.0
CRM-001240,Prairie Foods,Hugo Patel,hugo.patel@prairiefoods.example,+44 20 7946 0705,United Kingdom,Retail,1-10,Event,Lead,Customer Success,2026-04-20,2026-06-04,None,No Action Needed,Ready,No,100.0
CRM-001241,Glenmore Insurance,Liam Ortega,liam.ortega@glenmoreinsurance.example,+1 403 555 0152,Canada,Finance,201-1000,Website,SQL,Partnerships,2026-04-20,2026-04-26,None,No Action Needed,Ready,No,100.0
CRM-001242,Brightpath Marketing,Alicia Reeves,alicia.reeves@brightpathmarketing.example,+1 206 555 0125,United States,Media,1-10,Outbound,MQL,Sales Ops,2026-04-20,2026-09-28,None,No Action Needed,Ready,No,100.0
CRM-001243,Indigo Retail,Lucas Carter,lucas.carter@indigoretail.example,+1 713 555 0136,United States,Retail,51-200,Referral,SQL,Marketing Ops,2026-04-20,2026-07-18,Duplicate Company,Merged,Ready,No,100.0
CRM-001244,Vista Cloud,Liam Chandra,liam.chandra@vistacloud.example,+1 416 555 0187,Canada,Technology,1-10,Website,Opportunity,Partnerships,2026-04-20,2026-07-27,None,No Action Needed,Ready,No,100.0
CRM-001245,Olive Industries,Caleb Mercer,caleb.mercer@oliveindustries.example,+1 971 555 0129,United States,Manufacturing,11-50,Outbound,Opportunity,Growth Ops,2026-04-20,2026-07-17,None,No Action Needed,Ready,No,100.0
CRM-001246,Indigo Media,Ethan Rowe,,+1 604 555 0122,Canada,Media,11-50,Website,Lead,Marketing Ops,2026-04-20,2026-07-05,Missing Email,Owner Follow-up,Needs Follow-up,Yes,87.5
CRM-001247,Upland Logistics,Liam Hartley,liam.hartley@uplandlogistics.example,+1 917 555 0155,United States,Logistics,201-1000,Partner,Lead,Sales Ops,2026-04-20,2026-08-03,None,No Action Needed,Ready,No,100.0
CRM-001248,Keystone Insurance,Tessa Rowe,tessa.rowe@keystoneinsurance.example,+1 602 555 0161,United States,Finance,1-10,Partner,Opportunity,Marketing Ops,2026-04-21,2026-07-06,None,No Action Needed,Ready,No,100.0
CRM-001249,Sterling Pharma,Aaron Vaughn,aaron.vaughn@sterlingpharma.example,+44 20 7946 0868,United Kingdom,Healthcare,1-10,Website,Customer,Sales Ops,2026-04-21,2026-08-22,None,No Action Needed,Ready,No,100.0
CRM-001250,Wexford Capital,Mira Walsh,mira.walsh@wexfordcapital.example,+1 720 555 0121,United States,Finance,1-10,Referral,Lead,Sales Ops,2026-04-21,2026-07-19,None,No Action Needed,Ready,No,100.0
CRM-001251,Willow Textiles,Clara Lowe,clara.lowe@willowtextiles.example,+1 713 555 0131,United States,Manufacturing,1-10,Outbound,Lead,Sales Ops,2026-04-21,2026-07-29,None,No Action Needed,Ready,No,100.0
CRM-001252,Meridian Solutions,Victor Keller,victor.keller@meridiansolutions.example,+1 303 555 0123,United States,Technology,11-50,Event,Lead,Sales Ops,2026-04-21,2026-06-27,Missing Phone,Enriched,Ready,No,100.0
CRM-001253,Highland Works,Maya Tanaka,maya.tanaka@highlandworks.example,+1 312 555 0104,United States,Manufacturing,1-10,Website,Customer,Marketing Ops,2026-04-21,2026-09-09,Phone Format,Standardized,Ready,No,100.0
CRM-001254,Glenmore Services,Victor Everett,victor.everett@glenmoreservices.example,+1 813 555 0182,United States,Professional Services,11-50,Referral,MQL,Growth Ops,2026-04-21,2026-05-14,None,No Action Needed,Ready,No,100.0
CRM-001255,Lighthouse Industries,Grace Quinn,grace.quinn@lighthouseindustries.example,+1 206 555 0154,United States,Manufacturing,11-50,Outbound,MQL,Customer Success,2026-04-21,2026-07-18,Company Casing,Standardized,Ready,No,100.0
CRM-001256,Brookside Cloud,Zara Jensen,zara.jensen@brooksidecloud.example,+1 925 555 0100,United States,Technology,11-50,Referral,Lead,Marketing Ops,2026-04-21,2026-09-06,None,No Action Needed,Ready,No,100.0
CRM-001257,Fernhill Education,Mateo Hartley,mateo.hartley@fernhilleducation.example,+1 925 555 0130,United States,Education,1000+,Website,Opportunity,Marketing Ops,2026-04-21,2026-07-15,None,No Action Needed,Ready,No,100.0
CRM-001258,Wexford Pharma,Ava Morgan,ava.morgan@wexfordpharma.example,+1 971 555 0114,United States,Healthcare,51-200,Event,Customer,Partnerships,2026-04-21,2026-06-24,None,No Action Needed,Ready,No,100.0
CRM-001259,Kingfisher Logistics,Sofia Brooks,sofia.brooks@kingfisherlogistics.example,+1 514 555 0174,Canada,Logistics,11-50,Event,Customer,Partnerships,2026-04-21,2026-08-13,None,No Action Needed,Ready,No,100.0
CRM-001260,Glenmore Motors,Isaac Rowe,isaac.rowe@glenmoremotors.example,+1 480 555 0100,United States,Manufacturing,1-10,Referral,Lead,Growth Ops,2026-04-22,2026-09-18,None,No Action Needed,Ready,No,100.0
CRM-001261,Dovetail Logistics,Alicia Shah,alicia.shah@dovetaillogistics.example,+44 20 7946 0282,United Kingdom,Logistics,1-10,Outbound,Opportunity,Sales Ops,2026-04-22,2026-09-08,None,No Action Needed,Ready,No,100.0
CRM-001262,Landmark Motors,Zara Lawson,zara.lawson@landmarkmotors.example,+1 619 555 0139,United States,Manufacturing,11-50,Webinar,Opportunity,Partnerships,2026-04-22,2026-06-27,None,No Action Needed,Ready,No,100.0
CRM-001263,Bayview Supply,Lena Novak,lena.novak@bayviewsupply.example,+1 312 555 0190,United States,Logistics,201-1000,Outbound,MQL,Sales Ops,2026-04-22,2026-08-18,None,No Action Needed,Ready,No,100.0
CRM-001264,Vista Logistics,Hana Walsh,hana.walsh@vistalogistics.example,+44 20 7946 0295,United Kingdom,Logistics,11-50,Website,Opportunity,Sales Ops,2026-04-22,2026-05-18,None,No Action Needed,Ready,No,100.0
CRM-001265,Thornfield Capital,Lena Mercer,,+1 516 555 0196,United States,Finance,11-50,Outbound,Opportunity,Growth Ops,2026-04-22,2026-08-31,Missing Email,Owner Follow-up,Needs Follow-up,Yes,87.5
CRM-001266,Willow Works,Owen Keller,owen.keller@willowworks.example,+44 20 7946 0583,United Kingdom,Manufacturing,11-50,Website,Lead,Partnerships,2026-04-22,2026-05-25,None,No Action Needed,Ready,No,100.0
CRM-001267,Fernhill Packaging,Noah Foster,noah.foster@fernhillpackaging.example,+1 813 555 0129,United States,Manufacturing,11-50,Referral,Customer,Growth Ops,2026-04-22,2026-08-26,None,No Action Needed,Ready,No,100.0
CRM-001268,Lakeshore Systems,Ravi Ellis,ravi.ellis@lakeshoresystems.example,+1 901 555 0128,United States,Technology,51-200,Website,SQL,Growth Ops,2026-04-22,2026-05-02,None,No Action Needed,Ready,No,100.0
CRM-001269,Gladstone Consulting,Mateo Mercer,mateo.mercer@gladstoneconsulting.example,+44 20 7946 0149,United Kingdom,Professional Services,51-200,Partner,MQL,Sales Ops,2026-04-23,2026-07-17,Missing Phone,Enriched,Ready,No,100.0
CRM-001270,Hawthorn Cloud,Kai Shah,kai.shah@hawthorncloud.example,+1 512 555 0144,United States,Technology,201-1000,Referral,Opportunity,Customer Success,2026-04-23,2026-08-08,None,No Action Needed,Ready,No,100.0
CRM-001271,Hollis Foods,Ines Abbott,ines.abbott@hollisfoods.example,+1 469 555 0140,United States,Retail,11-50,Event,Opportunity,Customer Success,2026-04-23,2026-09-19,None,No Action Needed,Ready,No,100.0
CRM-001272,Nimbus Partners,Felix Quinn,felix.quinn@nimbuspartners.example,+1 971 555 0148,United States,Professional Services,11-50,Website,SQL,Partnerships,2026-04-23,2026-06-26,None,No Action Needed,Ready,No,100.0
CRM-001273,Quarry Logistics,Leah Patel,leah.patel@quarrylogistics.example,+1 503 555 0118,United States,Logistics,51-200,Event,MQL,Sales Ops,2026-04-23,2026-08-14,None,No Action Needed,Ready,No,100.0
CRM-001274,Zephyr Logistics,Leah Patel,leah.patel@zephyrlogistics.example,+1 917 555 0153,United States,Logistics,51-200,Partner,Opportunity,Customer Success,2026-04-23,2026-05-09,None,No Action Needed,Ready,No,100.0
CRM-001275,Ashford Supply,Caleb Ortega,caleb.ortega@ashfordsupply.example,+1 303 555 0143,United States,Logistics,1-10,Website,Opportunity,Marketing Ops,2026-04-23,2026-08-17,None,No Action Needed,Ready,No,100.0
CRM-001276,Bridgewater Cloud,Ethan Tanaka,ethan.tanaka@bridgewatercloud.example,+1 312 555 0149,United States,Technology,1-10,Referral,SQL,Sales Ops,2026-04-23,2026-08-12,Missing Phone,Enriched,Ready,No,100.0
CRM-001277,Brookside Energy,Ella Hayes,ella.hayes@brooksideenergy.example,+1 305 555 0176,United States,Energy,11-50,Webinar,Lead,Marketing Ops,2026-04-23,2026-06-15,None,No Action Needed,Ready,No,100.0
CRM-001278,Dunmore Realty,Omar Kerr,omar.kerr@dunmorerealty.example,+1 305 555 0106,United States,Professional Services,11-50,Partner,Customer,Marketing Ops,2026-04-23,2026-07-06,None,No Action Needed,Ready,No,100.0
CRM-001279,Vista Analytics,Owen Young,owen.young@vistaanalytics.example,+1 646 555 0128,United States,Technology,1000+,Partner,Lead,Sales Ops,2026-04-23,2026-06-02,None,No Action Needed,Ready,No,100.0
CRM-001280,Millbrook Logistics,Clara Hartley,clara.hartley@millbrooklogistics.example,+1 512 555 0148,United States,Logistics,201-1000,Event,Lead,Growth Ops,2026-04-24,2026-09-23,Missing Email,Enriched,Ready,No,100.0
CRM-001281,Summit Staffing,Ella Brooks,ella.brooks@summitstaffing.example,+1 312 555 0157,United States,Professional Services,51-200,Event,MQL,Marketing Ops,2026-04-24,2026-06-05,None,No Action Needed,Ready,No,100.0
CRM-001282,Emberly Studios,Liam Novak,liam.novak@emberlystudios.example,+1 646 555 0193,United States,Media,51-200,Website,SQL,Sales Ops,2026-04-24,2026-05-15,None,No Action Needed,Ready,No,100.0
CRM-001283,Hawthorn Logistics,Leah Walsh,leah.walsh@hawthornlogistics.example,+1 212 555 0139,United States,Logistics,11-50,Referral,MQL,Growth Ops,2026-04-24,2026-09-26,None,No Action Needed,Ready,No,100.0
CRM-001284,Vista Systems,Omar Barnes,omar.barnes@vistasystems.example,+1 206 555 0110,United States,Technology,201-1000,Website,Opportunity,Sales Ops,2026-04-24,2026-09-24,Company Casing,Standardized,Ready,No,100.0
CRM-001285,Quarry Software,Omar Tanaka,omar.tanaka@quarrysoftware.example,+1 212 555 0185,United States,Technology,1000+,Website,MQL,Customer Success,2026-04-24,2026-09-16,None,No Action Needed,Ready,No,100.0
CRM-001286,Prairie Retail,Daniel Sutton,,+1 512 555 0136,United States,Retail,11-50,Event,Customer,Partnerships,2026-04-24,2026-08-26,Missing Email,Owner Follow-up,Needs Follow-up,Yes,87.5
CRM-001287,Kingfisher Group,Victor Keller,victor.keller@kingfishergroup.example,+1 212 555 0152,United States,Professional Services,1-10,Event,SQL,Sales Ops,2026-04-25,2026-07-04,Missing Email,Enriched,Ready,No,100.0
CRM-001288,Brookside Analytics,Jonah Lawson,jonah.lawson@brooksideanalytics.example,+44 20 7946 0355,United Kingdom,Technology,51-200,Outbound,MQL,Sales Ops,2026-04-25,2026-09-18,None,No Action Needed,Ready,No,100.0
CRM-001289,Inlet Logistics,Noah Foster,noah.foster@inletlogistics.example,+1 604 555 0183,Canada,Logistics,201-1000,Event,SQL,Partnerships,2026-04-25,2026-06-27,None,No Action Needed,Ready,No,100.0
CRM-001290,Nimbus Networks,Owen Lawson,owen.lawson@nimbusnetworks.example,+1 813 555 0109,United States,Technology,1-10,Outbound,Lead,Sales Ops,2026-04-25,2026-05-14,None,No Action Needed,Ready,No,100.0
CRM-001291,Vista Health,Tessa Jordan,tessa.jordan@vistahealth.example,+1 416 555 0143,Canada,Healthcare,11-50,Website,Lead,Customer Success,2026-04-25,2026-09-23,Company Casing,Standardized,Ready,No,100.0
CRM-001292,Copperfield Industries,Amara Jensen,amara.jensen@copperfieldindustries.example,+1 480 555 0171,United States,Manufacturing,11-50,Webinar,Customer,Customer Success,2026-04-25,2026-06-16,None,No Action Needed,Ready,No,100.0
CRM-001293,Unity Software,Hana Fischer,hana.fischer@unitysoftware.example,+1 514 555 0118,Canada,Technology,1-10,Event,Opportunity,Partnerships,2026-04-25,2026-07-22,None,No Action Needed,Ready,No,100.0
CRM-001294,Kenwood Staffing,Julia Jordan,julia.jordan@kenwoodstaffing.example,+1 516 555 0169,United States,Professional Services,11-50,Event,MQL,Marketing Ops,2026-04-25,2026-06-01,None,No Action Needed,Ready,No,100.0
CRM-001295,Kenwood Retail,Ethan Delgado,,+1 617 555 0185,United States,Retail,11-50,Event,Lead,Growth Ops,2026-04-25,2026-05-27,Missing Email,Owner Follow-up,Needs Follow-up,Yes,87.5
CRM-001296,Fernhill Analytics,Dylan Tanaka,dylan.tanaka@fernhillanalytics.example,+1 425 555 0150,United States,Technology,51-200,Event,SQL,Customer Success,2026-04-26,2026-05-22,None,No Action Needed,Ready,No,100.0
CRM-001297,Atlas Security,Caleb Patel,caleb.patel@atlassecurity.example,+1 901 555 0134,United States,Technology,1-10,Website,Lead,Customer Success,2026-04-26,2026-07-09,None,No Action Needed,Ready,No,100.0
CRM-001298,Driftwood Labs,Tessa Nolan,tessa.nolan@driftwoodlabs.example,+1 312 555 0173,United States,Technology,11-50,Website,SQL,Sales Ops,2026-04-26,2026-06-29,Missing Industry,Enriched,Ready,No,100.0
CRM-001299,Vista Capital,Noah Fischer,noah.fischer@vistacapital.example,+1 917 555 0119,United States,Finance,11-50,Outbound,MQL,Partnerships,2026-04-26,2026-07-22,Phone Format,Standardized,Ready,No,100.0
CRM-001300,Elmwood Labs,Clara Ortega,clara.ortega@elmwoodlabs.example,+1 813 555 0105,United States,Technology,201-1000,Website,MQL,Sales Ops,2026-04-26,2026-05-11,None,No Action Needed,Ready,No,100.0
CRM-001301,Silverline Insurance,Ella Jensen,ella.jensen@silverlineinsurance.example,+1 310 555 0179,United States,Finance,11-50,Webinar,Lead,Partnerships,2026-04-26,2026-06-16,Company Casing,Standardized,Ready,No,100.0
CRM-001302,Zephyr Labs,Nina Jensen,nina.jensen@zephyrlabs.example,+1 646 555 0162,United States,Technology,11-50,Referral,SQL,Growth Ops,2026-04-26,2026-08-21,Missing Phone,Enriched,Ready,No,100.0
CRM-001303,Cobalt Textiles,Isaac Hartley,isaac.hartley@cobalttextiles.example,+1 646 555 0141,United States,Manufacturing,11-50,Website,Customer,Partnerships,2026-04-26,2026-08-24,None,No Action Needed,Ready,No,100.0
CRM-001304,Ironbridge Works,Ines Novak,ines.novak@ironbridgeworks.example,+1 514 555 0141,Canada,Manufacturing,11-50,Referral,SQL,Marketing Ops,2026-04-26,2026-08-29,Phone Format,Standardized,Ready,No,100.0
CRM-001305,Wexford Analytics,Maya Walsh,,+1 813 555 0170,United States,Technology,11-50,Partner,MQL,Customer Success,2026-04-26,2026-07-15,Missing Email,Owner Follow-up,Needs Follow-up,Yes,87.5
CRM-001306,Landmark Analytics,Naomi Delgado,naomi.delgado@landmarkanalytics.example,+1 613 555 0131,Canada,Technology,11-50,Partner,Lead,Sales Ops,2026-04-26,2026-05-18,None,No Action Needed,Ready,No,100.0
CRM-001307,Hawthorn Partners,Ethan Lowe,ethan.lowe@hawthornpartners.example,+44 20 7946 0844,United Kingdom,Professional Services,11-50,Event,Customer,Growth Ops,2026-04-26,2026-05-27,None,No Action Needed,Ready,No,100.0
CRM-001308,Tidewater Packaging,Alicia Chandra,alicia.chandra@tidewaterpackaging.example,+1 901 555 0147,United States,Manufacturing,51-200,Partner,MQL,Partnerships,2026-04-26,2026-05-30,None,No Action Needed,Ready,No,100.0
CRM-001309,Zephyr Retail,Felix Turner,felix.turner@zephyrretail.example,+44 20 7946 0283,United Kingdom,Retail,51-200,Website,Customer,Growth Ops,2026-04-26,2026-08-28,None,No Action Needed,Ready,No,100.0
CRM-001310,Juniper Media,Owen Grant,owen.grant@junipermedia.example,+1 303 555 0129,United States,Media,51-200,Partner,Lead,Sales Ops,2026-04-26,2026-05-23,None,No Action Needed,Ready,No,100.0
CRM-001311,Greenline Travel,Lena Nolan,lena.nolan@greenlinetravel.example,+1 403 555 0114,Canada,Logistics,11-50,Referral,SQL,Growth Ops,2026-04-26,2026-05-24,None,No Action Needed,Ready,No,100.0
CRM-001312,Jasper Foods,Tessa Novak,tessa.novak@jasperfoods.example,+1 514 555 0194,Canada,Retail,11-50,Website,Customer,Partnerships,2026-04-27,2026-05-17,None,No Action Needed,Ready,No,100.0
CRM-001313,Pioneer Cloud,Maya Nolan,maya.nolan@pioneercloud.example,+1 212 555 0183,United States,Technology,11-50,Outbound,Customer,Marketing Ops,2026-04-27,2026-05-01,None,No Action Needed,Ready,No,100.0
CRM-001314,Quill Retail,Lucas Hartley,lucas.hartley@quillretail.example,+1 416 555 0101,Canada,Retail,11-50,Webinar,Customer,Marketing Ops,2026-04-27,2026-07-01,None,No Action Needed,Ready,No,100.0
CRM-001315,Horizon Marketing,Grace Foster,grace.foster@horizonmarketing.example,+1 858 555 0114,United States,Media,1-10,Referral,Opportunity,Customer Success,2026-04-27,2026-08-24,None,No Action Needed,Ready,No,100.0
CRM-001316,Birchwood Retail,Victor Ortega,victor.ortega@birchwoodretail.example,+1 646 555 0140,United States,,51-200,Referral,Lead,Marketing Ops,2026-04-28,2026-09-26,Missing Industry,Owner Follow-up,Needs Follow-up,Yes,87.5
CRM-001317,Hawthorn Foods,Ava Ortega,ava.ortega@hawthornfoods.example,+1 206 555 0118,United States,Retail,11-50,Partner,Customer,Partnerships,2026-04-28,2026-07-23,Company Casing,Standardized,Ready,No,100.0
CRM-001318,Evergreen Partners,Nina Young,nina.young@evergreenpartners.example,+1 514 555 0175,Canada,Professional Services,51-200,Referral,MQL,Partnerships,2026-04-28,2026-06-15,Duplicate Email,Merged,Ready,No,100.0
CRM-001319,Dovetail Partners,Owen Brooks,owen.brooks@dovetailpartners.example,+1 858 555 0130,United States,Professional Services,11-50,Event,Lead,Marketing Ops,2026-04-28,2026-06-07,None,No Action Needed,Ready,No,100.0
CRM-001320,Ironbridge Marketing,Felix Quinn,felix.quinn@ironbridgemarketing.example,+1 646 555 0199,United States,Media,51-200,Website,SQL,Sales Ops,2026-04-28,2026-06-10,None,No Action Needed,Ready,No,100.0
CRM-001321,Inlet Insurance,Lucas Foster,lucas.foster@inletinsurance.example,+44 20 7946 0701,United Kingdom,Finance,201-1000,Referral,Lead,Marketing Ops,2026-04-28,2026-08-12,None,No Action Needed,Ready,No,100.0
CRM-001322,Quarry Foods,Theo Rowe,theo.rowe@quarryfoods.example,+1 713 555 0148,United States,Retail,11-50,Outbound,MQL,Customer Success,2026-04-28,2026-05-12,None,No Action Needed,Ready,No,100.0
CRM-001323,Crestview Textiles,Kai Okafor,kai.okafor@crestviewtextiles.example,+1 702 555 0162,United States,Manufacturing,1-10,Webinar,Opportunity,Sales Ops,2026-04-28,2026-05-26,Company Casing,Standardized,Ready,No,100.0
CRM-001324,Granite Group,Marcus Brooks,marcus.brooks@granitegroup.example,+1 646 555 0194,United States,Professional Services,1-10,Referral,Customer,Sales Ops,2026-04-29,2026-08-15,Phone Format,Standardized,Ready,No,100.0
CRM-001325,Windmill Finance,Jonah Nolan,jonah.nolan@windmillfinance.example,+1 628 555 0155,United States,Finance,11-50,Website,Lead,Partnerships,2026-04-29,2026-08-06,None,No Action Needed,Ready,No,100.0
CRM-001326,Bayview Media,Maya Everett,maya.everett@bayviewmedia.example,+1 646 555 0150,United States,Media,11-50,Referral,SQL,Growth Ops,2026-04-29,2026-09-02,None,No Action Needed,Ready,No,100.0
CRM-001327,Nimbus Insurance,Ravi Reeves,ravi.reeves@nimbusinsurance.example,+1 949 555 0138,United States,Finance,51-200,Referral,Customer,Customer Success,2026-04-29,2026-08-18,Phone Format,Standardized,Ready,No,100.0
CRM-001328,Aspen Packaging,Marcus Hayes,marcus.hayes@aspenpackaging.example,+1 512 555 0158,United States,Manufacturing,201-1000,Website,Opportunity,Marketing Ops,2026-04-29,2026-09-15,None,No Action Needed,Ready,No,100.0
CRM-001329,BluePeak Labs,Leah Rowe,leah.rowe@bluepeaklabs.example,+1 403 555 0101,Canada,Technology,11-50,Partner,Lead,Growth Ops,2026-04-29,2026-07-15,Duplicate Company,Merged,Ready,No,100.0
CRM-001330,Valley Labs,Aaron Novak,aaron.novak@valleylabs.example,+1 480 555 0176,United States,Technology,51-200,Event,Lead,Sales Ops,2026-04-29,2026-07-03,None,No Action Needed,Ready,No,100.0
CRM-001331,Crestview Software,Ravi Chandra,ravi.chandra@crestviewsoftware.example,,United States,Technology,201-1000,Website,SQL,Growth Ops,2026-04-29,2026-06-21,Missing Phone,Owner Follow-up,Needs Follow-up,Yes,87.5
CRM-001332,Norwood Studios,Zara Delgado,zara.delgado@norwoodstudios.example,+1 503 555 0140,United States,Media,1-10,Partner,Opportunity,Sales Ops,2026-04-29,2026-06-09,None,No Action Needed,Ready,No,100.0
CRM-001333,Keystone Motors,Clara Sutton,clara.sutton@keystonemotors.example,+44 20 7946 0275,United Kingdom,Manufacturing,11-50,Event,SQL,Partnerships,2026-04-29,2026-09-18,Phone Format,Standardized,Ready,No,100.0
CRM-001334,Raven Networks,Julia Vaughn,julia.vaughn@ravennetworks.example,+1 480 555 0166,United States,Technology,1000+,Outbound,MQL,Marketing Ops,2026-04-29,2026-07-07,Company Casing,Standardized,Ready,No,100.0
CRM-001335,Amberly Systems,Felix Delgado,,+1 206 555 0142,United States,Technology,11-50,Referral,MQL,Partnerships,2026-04-29,2026-05-10,Invalid Email,Owner Follow-up,Needs Follow-up,Yes,87.5
CRM-001336,Valley Networks,Nina Rowe,nina.rowe@valleynetworks.example,+1 619 555 0117,United States,Technology,51-200,Website,Lead,Sales Ops,2026-04-29,2026-06-26,None,No Action Needed,Ready,No,100.0
CRM-001337,Sterling Motors,Lena Novak,lena.novak@sterlingmotors.example,+1 702 555 0129,United States,Manufacturing,11-50,Website,SQL,Sales Ops,2026-04-29,2026-08-04,None,No Action Needed,Ready,No,100.0
CRM-001338,Tidewater Partners,Ravi Hartley,ravi.hartley@tidewaterpartners.example,+1 469 555 0159,United States,Professional Services,11-50,Partner,MQL,Growth Ops,2026-04-29,2026-06-14,None,No Action Needed,Ready,No,100.0
CRM-001339,Northstar Security,Tessa Reeves,,+1 604 555 0135,Canada,Technology,1-10,Outbound,Lead,Customer Success,2026-04-29,2026-08-26,Missing Email,Owner Follow-up,Needs Follow-up,Yes,87.5
CRM-001340,Inlet Cloud,Lena Everett,lena.everett@inletcloud.example,+1 949 555 0106,United States,Technology,1-10,Website,SQL,Customer Success,2026-04-29,2026-06-08,Missing Phone,Enriched,Ready,No,100.0
CRM-001341,Zenith Consulting,Sofia Walsh,sofia.walsh@zenithconsulting.example,+1 425 555 0145,United States,Professional Services,1-10,Partner,Lead,Growth Ops,2026-04-29,2026-07-31,Company Casing,Standardized,Ready,No,100.0
CRM-001343,Ironwood Industries,Aaron Fischer,aaron.fischer@ironwoodindustries.example,+1 480 555 0131,United States,Manufacturing,11-50,Outbound,SQL,Partnerships,2026-04-30,2026-09-11,None,No Action Needed,Ready,No,100.0
CRM-001344,Eastgate Capital,Mira Dawson,mira.dawson@eastgatecapital.example,+1 602 555 0195,United States,Finance,11-50,Website,Customer,Sales Ops,2026-04-30,2026-06-13,Phone Format,Standardized,Ready,No,100.0
CRM-001345,Greenline Networks,Noah Abbott,noah.abbott@greenlinenetworks.example,+1 469 555 0100,United States,Technology,51-200,Referral,MQL,Customer Success,2026-04-30,2026-08-02,Invalid Email,Standardized,Ready,No,100.0
CRM-001346,Olive Robotics,Hugo Pruitt,,+1 925 555 0105,United States,Technology,201-1000,Partner,Customer,Customer Success,2026-04-30,2026-06-14,Missing Email,Owner Follow-up,Needs Follow-up,Yes,87.5
CRM-001347,Northgate Consulting,Amara Sutton,amara.sutton@northgateconsulting.example,+1 917 555 0167,United States,Professional Services,11-50,Website,Lead,Sales Ops,2026-04-30,2026-07-08,Missing Industry,Enriched,Ready,No,100.0
CRM-001348,Horizon Services,Clara Fischer,clara.fischer@horizonservices.example,+1 212 555 0197,United States,Professional Services,51-200,Partner,MQL,Sales Ops,2026-04-30,2026-09-21,None,No Action Needed,Ready,No,100.0
CRM-001349,Maple Labs,Naomi Abbott,naomi.abbott@maplelabs.example,+1 613 555 0100,Canada,Technology,11-50,Partner,MQL,Customer Success,2026-04-30,2026-08-18,None,No Action Needed,Ready,No,100.0
CRM-001350,Keystone Networks,Maya Ortega,maya.ortega@keystonenetworks.example,+1 949 555 0143,United States,Technology,1-10,Referral,Customer,Sales Ops,2026-04-30,2026-09-21,None,No Action Needed,Ready,No,100.0
CRM-001351,Raven Design,Naomi Kerr,naomi.kerr@ravendesign.example,+1 901 555 0185,United States,Media,201-1000,Event,Lead,Growth Ops,2026-04-30,2026-05-14,Phone Format,Standardized,Ready,No,100.0
CRM-001352,Quill Consulting,Felix Chandra,felix.chandra@quillconsulting.example,+1 512 555 0145,United States,Professional Services,1-10,Outbound,SQL,Sales Ops,2026-04-30,2026-05-06,None,No Action Needed,Ready,No,100.0
CRM-001353,Upland Robotics,Mira Vaughn,mira.vaughn@uplandrobotics.example,+1 619 555 0149,United States,Technology,201-1000,Referral,Lead,Partnerships,2026-05-01,2026-06-28,Phone Format,Standardized,Ready,No,100.0
CRM-001354,Cascade Works,Kai Keller,kai.keller@cascadeworks.example,,United States,Manufacturing,11-50,Webinar,Lead,Marketing Ops,2026-05-01,2026-05-27,Missing Phone,Owner Follow-up,Needs Follow-up,Yes,87.5
CRM-001355,Quarry Systems,Nina Hartley,nina.hartley@quarrysystems.example,+1 720 555 0182,United States,Technology,11-50,Website,MQL,Growth Ops,2026-05-01,2026-07-23,None,No Action Needed,Ready,No,100.0
CRM-001356,Windmill Capital,Jonah Dawson,jonah.dawson@windmillcapital.example,+44 20 7946 0545,United Kingdom,Finance,1-10,Website,MQL,Growth Ops,2026-05-01,2026-06-25,Invalid Email,Standardized,Ready,No,100.0
CRM-001357,Thornfield Consulting,Alicia Brooks,alicia.brooks@thornfieldconsulting.example,+1 646 555 0100,United States,Professional Services,51-200,Website,Customer,Marketing Ops,2026-05-01,2026-07-07,Invalid Email,Standardized,Ready,No,100.0
CRM-001358,Canyon Education,Marcus Lawson,marcus.lawson@canyoneducation.example,+1 415 555 0146,United States,Education,51-200,Referral,Lead,Partnerships,2026-05-01,2026-09-25,None,No Action Needed,Ready,No,100.0
CRM-001359,Wexford Cloud,Ravi Vaughn,,+44 20 7946 0936,United Kingdom,Technology,11-50,Website,Lead,Marketing Ops,2026-05-01,2026-07-04,Invalid Email,Owner Follow-up,Needs Follow-up,Yes,87.5
CRM-001360,Brightpath Health,Victor Turner,victor.turner@brightpathhealth.example,+1 917 555 0185,United States,Healthcare,1-10,Website,Opportunity,Partnerships,2026-05-01,2026-06-23,None,No Action Needed,Ready,No,100.0
CRM-001361,Riverside Energy,Liam Patel,liam.patel@riversideenergy.example,+1 503 555 0166,United States,Energy,11-50,Outbound,Opportunity,Customer Success,2026-05-01,2026-05-04,Company Casing,Standardized,Ready,No,100.0
CRM-001362,Pioneer Logistics,Daniel Chandra,daniel.chandra@pioneerlogistics.example,+1 212 555 0136,United States,Logistics,11-50,Outbound,Opportunity,Marketing Ops,2026-05-02,2026-09-22,None,No Action Needed,Ready,No,100.0
CRM-001363,Brookside Finance,Mira Barnes,mira.barnes@brooksidefinance.example,+1 415 555 0147,United States,Finance,1-10,Website,MQL,Sales Ops,2026-05-02,2026-08-23,None,No Action Needed,Ready,No,100.0
CRM-001364,Highland Energy,Dylan Pruitt,dylan.pruitt@highlandenergy.example,+1 602 555 0143,United States,Energy,11-50,Partner,MQL,Sales Ops,2026-05-02,2026-08-31,None,No Action Needed,Ready,No,100.0
CRM-001365,Kestrel Health,Maya Young,maya.young@kestrelhealth.example,+44 20 7946 0103,United Kingdom,Healthcare,1-10,Webinar,SQL,Growth Ops,2026-05-02,2026-07-27,None,No Action Needed,Ready,No,100.0
CRM-001366,Alder Foods,Ethan Keller,ethan.keller@alderfoods.example,+1 949 555 0183,United States,Retail,201-1000,Website,Lead,Customer Success,2026-05-02,2026-07-23,None,No Action Needed,Ready,No,100.0
CRM-001368,Indigo Health,Mateo Irving,mateo.irving@indigohealth.example,+1 206 555 0188,United States,Healthcare,51-200,Outbound,Customer,Customer Success,2026-05-03,2026-05-11,None,No Action Needed,Ready,No,100.0
CRM-001369,Hawthorn Staffing,Mateo Turner,mateo.turner@hawthornstaffing.example,+1 312 555 0121,United States,Professional Services,11-50,Partner,Opportunity,Partnerships,2026-05-03,2026-06-04,None,No Action Needed,Ready,No,100.0
CRM-001370,Lighthouse Networks,Ines Hayes,ines.hayes@lighthousenetworks.example,+1 312 555 0187,United States,,11-50,Partner,SQL,Customer Success,2026-05-03,2026-07-29,Missing Industry,Owner Follow-up,Needs Follow-up,Yes,87.5
CRM-001371,Zenith Solutions,Ella Walsh,ella.walsh@zenithsolutions.example,+1 613 555 0156,Canada,Technology,1-10,Outbound,Customer,Sales Ops,2026-05-03,2026-07-09,None,No Action Needed,Ready,No,100.0
CRM-001372,Skyline Pharma,Maya Walsh,maya.walsh@skylinepharma.example,+44 20 7946 0881,United Kingdom,Healthcare,51-200,Website,MQL,Partnerships,2026-05-03,2026-08-15,None,No Action Needed,Ready,No,100.0
CRM-001373,Silverline Textiles,Kai Lowe,kai.lowe@silverlinetextiles.example,+1 617 555 0126,United States,Manufacturing,51-200,Webinar,MQL,Marketing Ops,2026-05-03,2026-07-12,Missing Email,Enriched,Ready,No,100.0
CRM-001374,Summit Industries,Julia Hayes,julia.hayes@summitindustries.example,+1 617 555 0127,United States,Manufacturing,1-10,Outbound,Lead,Customer Success,2026-05-03,2026-09-26,None,No Action Needed,Ready,No,100.0
CRM-001375,Zephyr Health,Ines Sutton,ines.sutton@zephyrhealth.example,+1 310 555 0177,United States,Healthcare,51-200,Outbound,MQL,Sales Ops,2026-05-03,2026-08-30,None,No Action Needed,Ready,No,100.0
CRM-001376,Marlow Foods,Noah Jensen,noah.jensen@marlowfoods.example,+1 305 555 0147,United States,Retail,11-50,Website,Lead,Sales Ops,2026-05-03,2026-06-25,Missing Phone,Enriched,Ready,No,100.0
CRM-001377,Driftwood Retail,Theo Hartley,theo.hartley@driftwoodretail.example,+1 917 555 0141,United States,Retail,201-1000,Website,MQL,Customer Success,2026-05-03,2026-06-27,None,No Action Needed,Ready,No,100.0
CRM-001378,Millbrook Staffing,Rosa Okafor,rosa.okafor@millbrookstaffing.example,+1 206 555 0135,United States,Professional Services,11-50,Partner,Opportunity,Partnerships,2026-05-03,2026-09-08,None,No Action Needed,Ready,No,100.0
CRM-001380,Beacon Insurance,Nina Rowe,nina.rowe@beaconinsurance.example,+1 404 555 0119,United States,Finance,11-50,Event,SQL,Partnerships,2026-05-04,2026-09-26,None,No Action Needed,Ready,No,100.0
CRM-001381,Hollis Software,Sofia Brooks,sofia.brooks@hollissoftware.example,+1 617 555 0122,United States,Technology,1-10,Webinar,SQL,Partnerships,2026-05-04,2026-09-14,None,No Action Needed,Ready,No,100.0
CRM-001382,Prairie Security,Priya Carter,priya.carter@prairiesecurity.example,+1 425 555 0108,United States,Technology,11-50,Website,Lead,Growth Ops,2026-05-04,2026-05-06,None,No Action Needed,Ready,No,100.0
CRM-001383,Thornfield Group,Mateo Rowe,mateo.rowe@thornfieldgroup.example,+1 619 555 0182,United States,Professional Services,1000+,Website,MQL,Marketing Ops,2026-05-04,2026-09-17,Missing Phone,Enriched,Ready,No,100.0
CRM-001384,Driftwood Design,Amara Gallo,amara.gallo@driftwooddesign.example,+1 310 555 0162,United States,Media,11-50,Website,MQL,Marketing Ops,2026-05-04,2026-06-19,None,No Action Needed,Ready,No,100.0
CRM-001385,Aspen Realty,Hana Mercer,hana.mercer@aspenrealty.example,,United States,Professional Services,51-200,Partner,Opportunity,Partnerships,2026-05-04,2026-07-23,Missing Phone,Owner Follow-up,Needs Follow-up,Yes,87.5
CRM-001386,Canyon Studios,Ava Gallo,ava.gallo@canyonstudios.example,+1 813 555 0145,United States,Media,11-50,Referral,MQL,Growth Ops,2026-05-04,2026-05-17,None,No Action Needed,Ready,No,100.0
CRM-001387,Lighthouse Marketing,Mira Grant,mira.grant@lighthousemarketing.example,+1 415 555 0188,United States,Media,11-50,Webinar,Lead,Growth Ops,2026-05-04,2026-07-28,None,No Action Needed,Ready,No,100.0
CRM-001388,Aspen Analytics,Amara Hayes,amara.hayes@aspenanalytics.example,+1 480 555 0152,United States,Technology,51-200,Webinar,SQL,Partnerships,2026-05-04,2026-07-06,None,No Action Needed,Ready,No,100.0
CRM-001389,Atlas Partners,Naomi Kerr,naomi.kerr@atlaspartners.example,+1 512 555 0103,United States,Professional Services,1000+,Outbound,MQL,Growth Ops,2026-05-04,2026-09-15,None,No Action Needed,Ready,No,100.0
CRM-001390,Emberly Group,Ethan Reeves,ethan.reeves@emberlygroup.example,+1 613 555 0192,Canada,Professional Services,1-10,Outbound,Lead,Marketing Ops,2026-05-04,2026-07-31,Missing Email,Enriched,Ready,No,100.0
CRM-001391,Riverside Partners,Ravi Novak,ravi.novak@riversidepartners.example,+1 404 555 0108,United States,Professional Services,11-50,Webinar,MQL,Partnerships,2026-05-05,2026-05-11,None,No Action Needed,Ready,No,100.0
CRM-001392,Rosewood Systems,Ravi Keller,ravi.keller@rosewoodsystems.example,+1 212 555 0109,United States,Technology,1-10,Website,Lead,Sales Ops,2026-05-05,2026-07-20,None,No Action Needed,Ready,No,100.0
CRM-001393,Oakridge Supply,Julia Lawson,julia.lawson@oakridgesupply.example,+1 516 555 0178,United States,Logistics,201-1000,Referral,MQL,Marketing Ops,2026-05-05,2026-08-05,Invalid Email,Standardized,Ready,No,100.0
CRM-001394,Peakview Partners,Theo Shah,theo.shah@peakviewpartners.example,+1 628 555 0118,United States,Professional Services,11-50,Webinar,Lead,Sales Ops,2026-05-05,2026-07-30,Missing Phone,Enriched,Ready,No,100.0
CRM-001395,Northgate Finance,Isaac Keller,isaac.keller@northgatefinance.example,+1 480 555 0145,United States,Finance,11-50,Website,Lead,Growth Ops,2026-05-05,2026-06-28,None,No Action Needed,Ready,No,100.0
CRM-001396,Tidewater Textiles,Tessa Chandra,tessa.chandra@tidewatertextiles.example,+1 949 555 0166,United States,Manufacturing,201-1000,Website,MQL,Marketing Ops,2026-05-05,2026-07-01,None,No Action Needed,Ready,No,100.0
CRM-001397,Upland Energy,Maya Jensen,maya.jensen@uplandenergy.example,+1 737 555 0115,United States,Energy,11-50,Referral,Opportunity,Growth Ops,2026-05-05,2026-07-02,Missing Industry,Enriched,Ready,No,100.0
CRM-001398,Sable Solutions,Jonah Abbott,jonah.abbott@sablesolutions.example,+1 512 555 0160,United States,Technology,11-50,Outbound,Lead,Sales Ops,2026-05-05,2026-06-25,None,No Action Needed,Ready,No,100.0
CRM-001399,Yarrow Finance,Tessa Sutton,tessa.sutton@yarrowfinance.example,,United States,Finance,1-10,Outbound,SQL,Partnerships,2026-05-05,2026-07-20,Missing Phone,Owner Follow-up,Needs Follow-up,Yes,87.5
CRM-001400,Inlet Systems,Amara Irving,amara.irving@inletsystems.example,+1 702 555 0182,United States,Technology,51-200,Referral,Lead,Partnerships,2026-05-05,2026-05-27,None,No Action Needed,Ready,No,100.0
CRM-001401,Brightpath Foods,Ella Lawson,ella.lawson@brightpathfoods.example,,United States,Retail,51-200,Website,Lead,Sales Ops,2026-05-05,2026-07-17,Missing Phone,Owner Follow-up,Needs Follow-up,Yes,87.5
CRM-001402,Aspen Education,Nina Kerr,,+1 917 555 0144,United States,Education,11-50,Webinar,SQL,Partnerships,2026-05-06,2026-08-23,Missing Email,Owner Follow-up,Needs Follow-up,Yes,87.5
CRM-001403,Pembroke Solutions,Aaron Reeves,aaron.reeves@pembrokesolutions.example,+1 206 555 0194,United States,Technology,11-50,Outbound,Lead,Growth Ops,2026-05-06,2026-07-20,None,No Action Needed,Ready,No,100.0
CRM-001404,Upland Systems,Zara Vaughn,zara.vaughn@uplandsystems.example,+1 858 555 0162,United States,Technology,1-10,Website,Lead,Growth Ops,2026-05-06,2026-09-04,None,No Action Needed,Ready,No,100.0
CRM-001405,Goldcrest Marketing,Lena Turner,lena.turner@goldcrestmarketing.example,+1 617 555 0124,United States,Media,51-200,Outbound,MQL,Growth Ops,2026-05-06,2026-09-01,Missing Industry,Enriched,Ready,No,100.0
CRM-001406,Linden Media,Rosa Ivers,rosa.ivers@lindenmedia.example,+1 212 555 0100,United States,Media,201-1000,Website,SQL,Partnerships,2026-05-06,2026-06-08,None,No Action Needed,Ready,No,100.0
CRM-001407,Newport Solutions,Ethan Rowe,ethan.rowe@newportsolutions.example,+44 20 7946 0436,United Kingdom,Technology,201-1000,Partner,SQL,Marketing Ops,2026-05-06,2026-06-24,None,No Action Needed,Ready,No,100.0
CRM-001408,Willow Software,Aaron Shah,aaron.shah@willowsoftware.example,+1 949 555 0159,United States,,1-10,Event,MQL,Growth Ops,2026-05-06,2026-05-12,Missing Industry,Owner Follow-up,Needs Follow-up,Yes,87.5
CRM-001409,Oxbow Health,Theo Novak,theo.novak@oxbowhealth.example,+1 602 555 0155,United States,Healthcare,51-200,Website,Customer,Growth Ops,2026-05-06,2026-07-13,Company Casing,Standardized,Ready,No,100.0
CRM-001410,Larkspur Analytics,Victor Lowe,victor.lowe@larkspuranalytics.example,+1 469 555 0115,United States,Technology,11-50,Outbound,MQL,Growth Ops,2026-05-06,2026-09-06,Missing Industry,Enriched,Ready,No,100.0
CRM-001411,Bridgewater Textiles,Lucas Ortega,lucas.ortega@bridgewatertextiles.example,+1 737 555 0105,United States,Manufacturing,1000+,Website,Lead,Partnerships,2026-05-06,2026-07-24,None,No Action Needed,Ready,No,100.0
CRM-001412,Cascade Travel,Ethan Fischer,ethan.fischer@cascadetravel.example,+1 702 555 0111,United States,Logistics,11-50,Partner,Opportunity,Customer Success,2026-05-06,2026-07-01,Missing Email,Enriched,Ready,No,100.0
CRM-001413,Northstar Networks,Victor Walsh,victor.walsh@northstarnetworks.example,+1 628 555 0116,United States,Technology,11-50,Webinar,Opportunity,Customer Success,2026-05-07,2026-09-18,None,No Action Needed,Ready,No,100.0
CRM-001414,Granite Design,Victor Chandra,victor.chandra@granitedesign.example,+1 619 555 0155,United States,Media,1-10,Website,SQL,Customer Success,2026-05-07,2026-09-01,None,No Action Needed,Ready,No,100.0
CRM-001415,Kingfisher Finance,Julia Foster,julia.foster@kingfisherfinance.example,+1 813 555 0181,United States,Finance,51-200,Outbound,Opportunity,Sales Ops,2026-05-07,2026-08-25,Missing Industry,Enriched,Ready,No,100.0
CRM-001416,Horizon Capital,Owen Walsh,owen.walsh@horizoncapital.example,+1 305 555 0171,United States,Finance,11-50,Website,SQL,Customer Success,2026-05-07,2026-07-15,Invalid Email,Standardized,Ready,No,100.0
CRM-001417,Lakeshore Realty,Hugo Reeves,hugo.reeves@lakeshorerealty.example,+1 312 555 0126,United States,Professional Services,11-50,Outbound,Opportunity,Customer Success,2026-05-07,2026-08-07,None,No Action Needed,Ready,No,100.0
CRM-001418,Atlas Consulting,Noah Dawson,noah.dawson@atlasconsulting.example,+1 469 555 0109,United States,Professional Services,1-10,Website,Lead,Growth Ops,2026-05-07,2026-07-09,None,No Action Needed,Ready,No,100.0
CRM-001419,Sable Partners,Nina Dawson,nina.dawson@sablepartners.example,+1 604 555 0110,Canada,Professional Services,1-10,Referral,Opportunity,Growth Ops,2026-05-07,2026-06-30,Duplicate Company,Merged,Ready,No,100.0
CRM-001420,Silverline Energy,Marcus Brooks,marcus.brooks@silverlineenergy.example,+1 514 555 0109,Canada,Energy,51-200,Outbound,Lead,Marketing Ops,2026-05-07,2026-09-14,Phone Format,Standardized,Ready,No,100.0
CRM-001421,Eastgate Media,Amara Kerr,amara.kerr@eastgatemedia.example,+1 305 555 0183,United States,Media,11-50,Referral,SQL,Growth Ops,2026-05-08,2026-09-04,None,No Action Needed,Ready,No,100.0
CRM-001422,Clearwater Partners,Maya Jensen,maya.jensen@clearwaterpartners.example,+44 20 7946 0895,United Kingdom,Professional Services,11-50,Webinar,Lead,Customer Success,2026-05-08,2026-05-22,None,No Action Needed,Ready,No,100.0
CRM-001423,Pembroke Travel,Hana Ellis,hana.ellis@pembroketravel.example,+1 702 555 0141,United States,Logistics,11-50,Event,Opportunity,Growth Ops,2026-05-08,2026-09-27,Company Casing,Standardized,Ready,No,100.0
CRM-001424,Kestrel Finance,Sofia Dawson,sofia.dawson@kestrelfinance.example,+1 310 555 0120,United States,Finance,11-50,Outbound,Lead,Sales Ops,2026-05-08,2026-06-08,None,No Action Needed,Ready,No,100.0
CRM-001425,Hollis Systems,Aaron Pruitt,aaron.pruitt@hollissystems.example,+44 20 7946 0021,United Kingdom,Technology,11-50,Outbound,Customer,Sales Ops,2026-05-08,2026-09-10,Missing Email,Enriched,Ready,No,100.0
CRM-001426,Foxglove Supply,Isaac Okafor,isaac.okafor@foxglovesupply.example,+44 20 7946 0489,United Kingdom,Logistics,51-200,Website,Lead,Customer Success,2026-05-08,2026-07-14,None,No Action Needed,Ready,No,100.0
CRM-001427,Hawthorn Capital,Mateo Kerr,mateo.kerr@hawthorncapital.example,+1 415 555 0102,United States,Finance,201-1000,Partner,Customer,Growth Ops,2026-05-08,2026-06-24,None,No Action Needed,Ready,No,100.0
CRM-001428,Aspen Group,Sofia Abbott,sofia.abbott@aspengroup.example,+1 469 555 0188,United States,Professional Services,1000+,Partner,MQL,Growth Ops,2026-05-08,2026-07-25,None,No Action Needed,Ready,No,100.0
CRM-001429,Linden Software,Ella Vaughn,ella.vaughn@lindensoftware.example,+1 305 555 0113,United States,Technology,201-1000,Webinar,Opportunity,Marketing Ops,2026-05-08,2026-06-08,Missing Phone,Enriched,Ready,No,100.0
CRM-001430,Inlet Realty,Alicia Shah,alicia.shah@inletrealty.example,,United States,Professional Services,11-50,Outbound,MQL,Customer Success,2026-05-08,2026-09-02,Missing Phone,Owner Follow-up,Needs Follow-up,Yes,87.5
CRM-001431,Stonebridge Analytics,Omar Fischer,omar.fischer@stonebridgeanalytics.example,+1 415 555 0149,United States,Technology,11-50,Webinar,Lead,Growth Ops,2026-05-08,2026-06-15,None,No Action Needed,Ready,No,100.0
CRM-001432,Brightpath Consulting,Daniel Vaughn,daniel.vaughn@brightpathconsulting.example,+1 713 555 0191,United States,Professional Services,1-10,Website,SQL,Growth Ops,2026-05-09,2026-07-09,None,No Action Needed,Ready,No,100.0
CRM-001433,Bridgewater Systems,Julia Rowe,julia.rowe@bridgewatersystems.example,+1 305 555 0114,United States,Technology,51-200,Partner,Opportunity,Sales Ops,2026-05-09,2026-05-27,Phone Format,Standardized,Ready,No,100.0
CRM-001434,Keystone Logistics,Leah Ivers,leah.ivers@keystonelogistics.example,+1 425 555 0138,United States,Logistics,11-50,Partner,Lead,Sales Ops,2026-05-09,2026-08-22,None,No Action Needed,Ready,No,100.0
CRM-001435,BluePeak Analytics,Owen Nolan,,+1 404 555 0156,United States,Technology,1000+,Website,MQL,Partnerships,2026-05-09,2026-07-01,Missing Email,Owner Follow-up,Needs Follow-up,Yes,87.5
CRM-001436,Canyon Security,Ella Vaughn,ella.vaughn@canyonsecurity.example,+1 415 555 0122,United States,Technology,1-10,Website,Lead,Growth Ops,2026-05-09,2026-07-09,None,No Action Needed,Ready,No,100.0
CRM-001437,Olive Pharma,Ava Fischer,ava.fischer@olivepharma.example,+1 858 555 0191,United States,Healthcare,11-50,Referral,Customer,Growth Ops,2026-05-09,2026-08-16,None,No Action Needed,Ready,No,100.0
CRM-001438,Nimbus Cloud,Ravi Keller,ravi.keller@nimbuscloud.example,+1 602 555 0149,United States,Technology,51-200,Website,SQL,Customer Success,2026-05-09,2026-07-01,Phone Format,Standardized,Ready,No,100.0
CRM-001439,Vista Retail,Ines Reeves,ines.reeves@vistaretail.example,+1 404 555 0132,United States,Retail,11-50,Outbound,SQL,Partnerships,2026-05-09,2026-05-31,Invalid Email,Standardized,Ready,No,100.0
CRM-001440,Windmill Industries,Sofia Gallo,sofia.gallo@windmillindustries.example,+1 415 555 0132,United States,Manufacturing,11-50,Outbound,MQL,Sales Ops,2026-05-09,2026-08-15,None,No Action Needed,Ready,No,100.0
CRM-001441,Birchwood Group,Lena Ellis,lena.ellis@birchwoodgroup.example,+1 813 555 0194,United States,Professional Services,201-1000,Referral,Lead,Marketing Ops,2026-05-09,2026-08-17,None,No Action Needed,Ready,No,100.0
CRM-001442,Yarrow Staffing,Lena Jensen,lena.jensen@yarrowstaffing.example,+1 303 555 0173,United States,Professional Services,11-50,Website,Opportunity,Marketing Ops,2026-05-09,2026-06-12,None,No Action Needed,Ready,No,100.0
CRM-001443,Summit Travel,Hana Tanaka,,+1 619 555 0113,United States,Logistics,51-200,Partner,SQL,Partnerships,2026-05-09,2026-06-24,Missing Email,Owner Follow-up,Needs Follow-up,Yes,87.5
CRM-001444,Copperfield Motors,Marcus Ortega,marcus.ortega@copperfieldmotors.example,+1 613 555 0110,Canada,Manufacturing,11-50,Website,Lead,Sales Ops,2026-05-09,2026-06-21,None,No Action Needed,Ready,No,100.0
CRM-001445,Quill Labs,Mateo Ivers,mateo.ivers@quilllabs.example,+1 713 555 0197,United States,Technology,1-10,Referral,Lead,Sales Ops,2026-05-09,2026-05-11,Missing Industry,Enriched,Ready,No,100.0
CRM-001446,Peakview Cloud,Kai Sutton,kai.sutton@peakviewcloud.example,+1 514 555 0196,Canada,Technology,11-50,Website,Lead,Marketing Ops,2026-05-10,2026-09-17,None,No Action Needed,Ready,No,100.0
CRM-001447,Lighthouse Labs,Jonah Lowe,jonah.lowe@lighthouselabs.example,+1 949 555 0187,United States,Technology,11-50,Referral,Lead,Customer Success,2026-05-10,2026-07-29,None,No Action Needed,Ready,No,100.0
CRM-001448,Prairie Analytics,Ella Sutton,ella.sutton@prairieanalytics.example,+1 646 555 0119,United States,Technology,11-50,Outbound,Lead,Sales Ops,2026-05-10,2026-07-07,Missing Phone,Enriched,Ready,No,100.0
CRM-001449,Umber Design,Mira Irving,mira.irving@umberdesign.example,+1 617 555 0148,United States,Media,1-10,Outbound,SQL,Growth Ops,2026-05-10,2026-07-21,Duplicate Email,Merged,Ready,No,100.0
CRM-001450,Glenmore Design,Lucas Abbott,lucas.abbott@glenmoredesign.example,+1 404 555 0172,United States,Media,1-10,Referral,Opportunity,Partnerships,2026-05-10,2026-07-04,None,No Action Needed,Ready,No,100.0
CRM-001451,Umber Insurance,Priya Tanaka,priya.tanaka@umberinsurance.example,+1 628 555 0150,United States,Finance,51-200,Partner,Customer,Sales Ops,2026-05-10,2026-07-17,None,No Action Needed,Ready,No,100.0
CRM-001452,Landmark Robotics,Aaron Everett,aaron.everett@landmarkrobotics.example,+1 516 555 0102,United States,Technology,1-10,Partner,SQL,Sales Ops,2026-05-10,2026-06-04,None,No Action Needed,Ready,No,100.0
CRM-001453,Driftwood Supply,Aaron Sutton,aaron.sutton@driftwoodsupply.example,+1 702 555 0115,United States,Logistics,51-200,Outbound,Lead,Growth Ops,2026-05-10,2026-07-01,None,No Action Needed,Ready,No,100.0
CRM-001454,Fernhill Consulting,Mira Keller,mira.keller@fernhillconsulting.example,+1 305 555 0103,United States,Professional Services,11-50,Partner,Lead,Marketing Ops,2026-05-10,2026-09-25,None,No Action Needed,Ready,No,100.0
CRM-001455,Crestview Packaging,Ethan Lowe,ethan.lowe@crestviewpackaging.example,+1 416 555 0167,Canada,Manufacturing,51-200,Outbound,Customer,Marketing Ops,2026-05-10,2026-08-17,None,No Action Needed,Ready,No,100.0
CRM-001456,Summit Design,Maya Delgado,maya.delgado@summitdesign.example,+1 901 555 0168,United States,Media,51-200,Partner,MQL,Sales Ops,2026-05-10,2026-07-30,None,No Action Needed,Ready,No,100.0
CRM-001457,Raven Insurance,Amara Keller,amara.keller@raveninsurance.example,+1 469 555 0127,United States,Finance,11-50,Outbound,Opportunity,Marketing Ops,2026-05-10,2026-09-17,None,No Action Needed,Ready,No,100.0
CRM-001458,Greenline Media,Jonah Carter,jonah.carter@greenlinemedia.example,+1 813 555 0174,United States,Media,11-50,Website,MQL,Partnerships,2026-05-10,2026-09-03,None,No Action Needed,Ready,No,100.0
CRM-001459,Atlas Analytics,Hana Sutton,hana.sutton@atlasanalytics.example,+1 901 555 0159,United States,Technology,11-50,Webinar,Lead,Customer Success,2026-05-10,2026-08-19,Phone Format,Standardized,Ready,No,100.0
CRM-001462,Fernhill Textiles,Naomi Vaughn,naomi.vaughn@fernhilltextiles.example,+1 858 555 0150,United States,Manufacturing,1-10,Referral,MQL,Growth Ops,2026-05-11,2026-05-30,None,No Action Needed,Ready,No,100.0
CRM-001463,Northstar Insurance,Priya Tanaka,priya.tanaka@northstarinsurance.example,+1 901 555 0102,United States,Finance,11-50,Website,Lead,Customer Success,2026-05-11,2026-07-03,None,No Action Needed,Ready,No,100.0
CRM-001464,Linden Industries,Aaron Ellis,aaron.ellis@lindenindustries.example,+1 613 555 0120,Canada,Manufacturing,11-50,Outbound,MQL,Partnerships,2026-05-11,2026-08-01,Missing Email,Enriched,Ready,No,100.0
CRM-001465,Atlas Marketing,Daniel Jordan,daniel.jordan@atlasmarketing.example,+1 403 555 0123,Canada,Media,11-50,Referral,Lead,Sales Ops,2026-05-11,2026-07-20,None,No Action Needed,Ready,No,100.0
CRM-001466,Riverside Realty,Ines Brooks,ines.brooks@riversiderealty.example,+1 503 555 0123,United States,Professional Services,11-50,Referral,Opportunity,Customer Success,2026-05-11,2026-09-11,None,No Action Needed,Ready,No,100.0
CRM-001467,Tamarack Labs,Aaron Okafor,aaron.okafor@tamaracklabs.example,+1 503 555 0167,United States,Technology,51-200,Partner,Lead,Partnerships,2026-05-11,2026-09-19,Invalid Email,Standardized,Ready,No,100.0
CRM-001468,Hollis Health,Mateo Kerr,mateo.kerr@hollishealth.example,+1 503 555 0194,United States,Healthcare,11-50,Website,Customer,Partnerships,2026-05-11,2026-09-06,Missing Industry,Enriched,Ready,No,100.0
CRM-001469,Rosewood Industries,Leah Young,leah.young@rosewoodindustries.example,+1 646 555 0132,United States,Manufacturing,1-10,Website,Lead,Marketing Ops,2026-05-11,2026-09-11,None,No Action Needed,Ready,No,100.0
CRM-001470,Redwood Finance,Liam Pruitt,liam.pruitt@redwoodfinance.example,+1 415 555 0171,United States,Finance,201-1000,Partner,Customer,Customer Success,2026-05-11,2026-07-17,None,No Action Needed,Ready,No,100.0
CRM-001471,Cascade Design,Jonah Gallo,jonah.gallo@cascadedesign.example,+44 20 7946 0589,United Kingdom,Media,11-50,Partner,SQL,Customer Success,2026-05-11,2026-07-10,None,No Action Needed,Ready,No,100.0
CRM-001472,Alder Analytics,Naomi Jordan,naomi.jordan@alderanalytics.example,,United Kingdom,Technology,11-50,Referral,Opportunity,Marketing Ops,2026-05-12,2026-07-20,Missing Phone,Owner Follow-up,Needs Follow-up,Yes,87.5
CRM-001473,Redwood Staffing,Rosa Sutton,rosa.sutton@redwoodstaffing.example,+1 917 555 0112,United States,Professional Services,1-10,Webinar,Opportunity,Marketing Ops,2026-05-12,2026-08-08,Company Casing,Standardized,Ready,No,100.0
CRM-001474,Oxbow Capital,Hana Ellis,hana.ellis@oxbowcapital.example,+1 737 555 0158,United States,Finance,1000+,Referral,SQL,Marketing Ops,2026-05-12,2026-06-30,None,No Action Needed,Ready,No,100.0
CRM-001475,Skyline Consulting,Naomi Jordan,naomi.jordan@skylineconsulting.example,+1 404 555 0175,United States,Professional Services,11-50,Referral,Opportunity,Customer Success,2026-05-12,2026-07-20,None,No Action Needed,Ready,No,100.0
CRM-001476,Indigo Group,Felix Carter,felix.carter@indigogroup.example,+1 602 555 0112,United States,Professional Services,1000+,Outbound,SQL,Marketing Ops,2026-05-12,2026-06-20,None,No Action Needed,Ready,No,100.0
CRM-001477,Prairie Industries,Alicia Delgado,,+1 416 555 0103,Canada,Manufacturing,11-50,Website,Opportunity,Marketing Ops,2026-05-12,2026-08-10,Missing Email,Owner Follow-up,Needs Follow-up,Yes,87.5
CRM-001478,Nimbus Staffing,Mira Reeves,mira.reeves@nimbusstaffing.example,+1 858 555 0157,United States,Professional Services,11-50,Website,SQL,Sales Ops,2026-05-12,2026-08-30,None,No Action Needed,Ready,No,100.0
CRM-001479,Quartz Consulting,Isaac Pruitt,isaac.pruitt@quartzconsulting.example,+1 469 555 0185,United States,Professional Services,11-50,Outbound,Lead,Sales Ops,2026-05-13,2026-07-12,None,No Action Needed,Ready,No,100.0
CRM-001480,Raven Labs,Mateo Chandra,mateo.chandra@ravenlabs.example,+44 20 7946 0805,United Kingdom,Technology,1-10,Webinar,SQL,Growth Ops,2026-05-13,2026-06-21,None,No Action Needed,Ready,No,100.0
CRM-001481,Nimbus Supply,Daniel Hartley,daniel.hartley@nimbussupply.example,+1 305 555 0130,United States,Logistics,1-10,Website,Lead,Customer Success,2026-05-13,2026-08-29,None,No Action Needed,Ready,No,100.0
CRM-001482,Tamarack Textiles,Dylan Patel,dylan.patel@tamaracktextiles.example,+1 619 555 0161,United States,Manufacturing,1-10,Outbound,Lead,Growth Ops,2026-05-13,2026-06-04,None,No Action Needed,Ready,No,100.0
CRM-001483,Quartz Finance,Hana Nolan,hana.nolan@quartzfinance.example,+1 617 555 0192,United States,Finance,51-200,Outbound,SQL,Customer Success,2026-05-13,2026-07-03,None,No Action Needed,Ready,No,100.0
CRM-001484,Millbrook Systems,Hana Keller,hana.keller@millbrooksystems.example,+1 713 555 0145,United States,Technology,11-50,Webinar,Opportunity,Partnerships,2026-05-13,2026-08-08,None,No Action Needed,Ready,No,100.0
CRM-001485,Summit Retail,Amara Novak,amara.novak@summitretail.example,+1 303 555 0114,United States,Retail,51-200,Website,Customer,Partnerships,2026-05-13,2026-07-17,None,No Action Needed,Ready,No,100.0
CRM-001486,Hawthorn Education,Ava Brooks,ava.brooks@hawthorneducation.example,+1 901 555 0169,United States,Education,51-200,Outbound,Lead,Partnerships,2026-05-13,2026-09-20,None,No Action Needed,Ready,No,100.0
CRM-001487,Hollis Industries,Jonah Young,,+1 305 555 0112,United States,Manufacturing,1-10,Outbound,Opportunity,Sales Ops,2026-05-13,2026-06-09,Missing Email,Owner Follow-up,Needs Follow-up,Yes,87.5
CRM-001488,Inlet Health,Owen Abbott,owen.abbott@inlethealth.example,+1 469 555 0189,United States,Healthcare,51-200,Website,Lead,Customer Success,2026-05-13,2026-06-25,Phone Format,Standardized,Ready,No,100.0
CRM-001489,Falcon Packaging,Tessa Rowe,tessa.rowe@falconpackaging.example,+1 512 555 0122,United States,Manufacturing,11-50,Outbound,SQL,Growth Ops,2026-05-14,2026-06-24,Duplicate Email,Merged,Ready,No,100.0
CRM-001490,Goldcrest Studios,Hugo Carter,hugo.carter@goldcreststudios.example,+1 901 555 0162,United States,Media,1-10,Website,Lead,Marketing Ops,2026-05-14,2026-08-17,None,No Action Needed,Ready,No,100.0
CRM-001491,Greenline Studios,Aaron Everett,aaron.everett@greenlinestudios.example,+44 20 7946 0274,United Kingdom,Media,11-50,Website,Lead,Marketing Ops,2026-05-14,2026-09-06,None,No Action Needed,Ready,No,100.0
CRM-001492,Trailhead Energy,Leah Dawson,leah.dawson@trailheadenergy.example,+1 628 555 0171,United States,Energy,51-200,Website,SQL,Growth Ops,2026-05-14,2026-05-27,None,No Action Needed,Ready,No,100.0
CRM-001493,Dunmore Consulting,Dylan Novak,dylan.novak@dunmoreconsulting.example,+1 305 555 0119,United States,Professional Services,1-10,Website,Customer,Customer Success,2026-05-14,2026-08-04,None,No Action Needed,Ready,No,100.0
CRM-001494,Birchwood Cloud,Ines Ivers,ines.ivers@birchwoodcloud.example,+1 917 555 0115,United States,Technology,11-50,Event,Lead,Partnerships,2026-05-14,2026-06-30,None,No Action Needed,Ready,No,100.0
CRM-001495,Larkspur Robotics,Tessa Hartley,tessa.hartley@larkspurrobotics.example,+1 858 555 0185,United States,Technology,1-10,Event,Lead,Partnerships,2026-05-14,2026-09-19,None,No Action Needed,Ready,No,100.0
CRM-001496,Rosewood Travel,Sofia Barnes,sofia.barnes@rosewoodtravel.example,+1 917 555 0169,United States,Logistics,11-50,Website,SQL,Customer Success,2026-05-15,2026-09-08,None,No Action Needed,Ready,No,100.0
CRM-001497,Fernhill Security,Owen Morgan,owen.morgan@fernhillsecurity.example,+1 604 555 0117,Canada,Technology,51-200,Event,Lead,Customer Success,2026-05-15,2026-09-21,None,No Action Needed,Ready,No,100.0
CRM-001498,Windmill Textiles,Ella Lowe,ella.lowe@windmilltextiles.example,+1 737 555 0167,United States,Manufacturing,11-50,Referral,Lead,Partnerships,2026-05-15,2026-08-03,None,No Action Needed,Ready,No,100.0
CRM-001499,Inlet Staffing,Jonah Reeves,,+1 303 555 0155,United States,Professional Services,1-10,Referral,Customer,Marketing Ops,2026-05-15,2026-09-22,Missing Email,Owner Follow-up,Needs Follow-up,Yes,87.5
CRM-001500,Oxbow Solutions,Theo Patel,theo.patel@oxbowsolutions.example,+1 516 555 0171,United States,Technology,201-1000,Outbound,SQL,Sales Ops,2026-05-15,2026-07-24,None,No Action Needed,Ready,No,100.0
CRM-001501,Canyon Media,Julia Everett,julia.everett@canyonmedia.example,+1 403 555 0163,Canada,Media,11-50,Website,Customer,Marketing Ops,2026-05-15,2026-09-10,Duplicate Company,Merged,Ready,No,100.0
CRM-001502,Oxbow Analytics,Grace Lowe,grace.lowe@oxbowanalytics.example,+1 469 555 0194,United States,Technology,11-50,Webinar,Customer,Marketing Ops,2026-05-15,2026-07-13,Company Casing,Standardized,Ready,No,100.0
CRM-001503,Brightpath Software,Dylan Delgado,dylan.delgado@brightpathsoftware.example,+1 917 555 0196,United States,Technology,11-50,Referral,Customer,Growth Ops,2026-05-15,2026-07-10,None,No Action Needed,Ready,No,100.0
CRM-001504,Indigo Packaging,Owen Reeves,owen.reeves@indigopackaging.example,+1 628 555 0147,United States,Manufacturing,201-1000,Website,MQL,Sales Ops,2026-05-16,2026-08-08,None,No Action Needed,Ready,No,100.0
CRM-001505,Millbrook Packaging,Liam Fischer,liam.fischer@millbrookpackaging.example,+1 602 555 0162,United States,Manufacturing,51-200,Referral,Lead,Customer Success,2026-05-16,2026-08-08,None,No Action Needed,Ready,No,100.0
CRM-001506,Lighthouse Staffing,Naomi Keller,naomi.keller@lighthousestaffing.example,+1 469 555 0138,United States,Professional Services,51-200,Website,SQL,Partnerships,2026-05-16,2026-09-14,Invalid Email,Standardized,Ready,No,100.0
CRM-001507,Bayview Logistics,Owen Okafor,owen.okafor@bayviewlogistics.example,+1 303 555 0157,United States,Logistics,201-1000,Partner,Lead,Customer Success,2026-05-16,2026-09-23,None,No Action Needed,Ready,No,100.0
CRM-001508,Eastgate Design,Zara Brooks,zara.brooks@eastgatedesign.example,+1 949 555 0164,United States,Media,51-200,Outbound,Lead,Sales Ops,2026-05-16,2026-07-01,None,No Action Needed,Ready,No,100.0
CRM-001509,Sable Realty,Tessa Quinn,tessa.quinn@sablerealty.example,+1 206 555 0192,United States,Professional Services,1-10,Webinar,Opportunity,Partnerships,2026-05-16,2026-09-24,None,No Action Needed,Ready,No,100.0
CRM-001510,BluePeak Retail,Aaron Jensen,aaron.jensen@bluepeakretail.example,+1 469 555 0120,United States,Retail,11-50,Website,SQL,Growth Ops,2026-05-16,2026-09-05,None,No Action Needed,Ready,No,100.0
CRM-001511,Beacon Supply,Aaron Ivers,aaron.ivers@beaconsupply.example,+44 20 7946 0134,United Kingdom,Logistics,1-10,Website,Lead,Sales Ops,2026-05-16,2026-05-30,Missing Phone,Enriched,Ready,No,100.0
CRM-001512,Thornfield Foods,Zara Vaughn,zara.vaughn@thornfieldfoods.example,+1 720 555 0147,United States,Retail,11-50,Event,Lead,Marketing Ops,2026-05-17,2026-09-02,None,No Action Needed,Ready,No,100.0
CRM-001513,Windmill Travel,Omar Keller,omar.keller@windmilltravel.example,+1 702 555 0112,United States,Logistics,1-10,Event,Customer,Growth Ops,2026-05-17,2026-08-20,None,No Action Needed,Ready,No,100.0
CRM-001514,Landmark Logistics,Kai Foster,kai.foster@landmarklogistics.example,+1 602 555 0103,United States,Logistics,11-50,Website,Lead,Marketing Ops,2026-05-17,2026-06-26,None,No Action Needed,Ready,No,100.0
CRM-001515,Tidewater Cloud,Owen Sutton,owen.sutton@tidewatercloud.example,+1 604 555 0181,Canada,Technology,11-50,Referral,Opportunity,Marketing Ops,2026-05-17,2026-05-23,None,No Action Needed,Ready,No,100.0
CRM-001516,Lakeshore Energy,Rosa Okafor,rosa.okafor@lakeshoreenergy.example,+1 480 555 0155,United States,Energy,51-200,Referral,SQL,Sales Ops,2026-05-17,2026-09-26,None,No Action Needed,Ready,No,100.0
CRM-001517,Thornfield Services,Victor Morgan,victor.morgan@thornfieldservices.example,+1 925 555 0136,United States,Professional Services,201-1000,Event,Lead,Customer Success,2026-05-17,2026-08-20,None,No Action Needed,Ready,No,100.0
CRM-001518,Norwood Education,Victor Irving,victor.irving@norwoodeducation.example,+1 628 555 0195,United States,Education,1000+,Referral,Customer,Marketing Ops,2026-05-17,2026-07-12,None,No Action Needed,Ready,No,100.0
CRM-001519,Ironbridge Robotics,Omar Nolan,omar.nolan@ironbridgerobotics.example,+1 469 555 0126,United States,Technology,1000+,Referral,Customer,Marketing Ops,2026-05-17,2026-09-13,None,No Action Needed,Ready,No,100.0
CRM-001520,Quarry Design,Tessa Kerr,tessa.kerr@quarrydesign.example,+1 404 555 0133,United States,Media,11-50,Referral,SQL,Growth Ops,2026-05-17,2026-06-17,None,No Action Needed,Ready,No,100.0
CRM-001521,Quill Motors,Mira Ellis,mira.ellis@quillmotors.example,+1 310 555 0189,United States,Manufacturing,201-1000,Website,SQL,Sales Ops,2026-05-17,2026-06-02,None,No Action Needed,Ready,No,100.0
CRM-001522,Thornfield Marketing,Omar Jensen,omar.jensen@thornfieldmarketing.example,+1 305 555 0172,United States,Media,1-10,Event,Opportunity,Sales Ops,2026-05-18,2026-08-03,None,No Action Needed,Ready,No,100.0
CRM-001523,Kestrel Systems,Mira Quinn,mira.quinn@kestrelsystems.example,+1 416 555 0182,Canada,Technology,11-50,Referral,MQL,Sales Ops,2026-05-18,2026-08-17,Missing Email,Enriched,Ready,No,100.0
CRM-001524,Norwood Insurance,Julia Young,julia.young@norwoodinsurance.example,+1 415 555 0172,United States,Finance,11-50,Website,Customer,Growth Ops,2026-05-18,2026-08-20,Duplicate Email,Merged,Ready,No,100.0
CRM-001525,Crestview Partners,Ethan Walsh,,+1 212 555 0122,United States,Professional Services,51-200,Partner,SQL,Partnerships,2026-05-18,2026-09-12,Missing Email,Owner Follow-up,Needs Follow-up,Yes,87.5
CRM-001526,Prairie Group,Mira Dawson,mira.dawson@prairiegroup.example,+44 20 7946 0544,United Kingdom,Professional Services,1-10,Partner,Customer,Marketing Ops,2026-05-18,2026-09-13,Invalid Email,Standardized,Ready,No,100.0
CRM-001527,Granite Partners,Ella Quinn,ella.quinn@granitepartners.example,+1 925 555 0190,United States,Professional Services,1-10,Partner,Customer,Customer Success,2026-05-18,2026-07-31,Company Casing,Standardized,Ready,No,100.0
CRM-001528,Lakeshore Textiles,Julia Delgado,,+1 713 555 0149,United States,Manufacturing,51-200,Website,MQL,Customer Success,2026-05-18,2026-06-30,Missing Email,Owner Follow-up,Needs Follow-up,Yes,87.5
CRM-001529,Larkspur Networks,Felix Grant,felix.grant@larkspurnetworks.example,+1 604 555 0127,Canada,Technology,51-200,Partner,Opportunity,Marketing Ops,2026-05-18,2026-05-31,Company Casing,Standardized,Ready,No,100.0
CRM-001531,Vantage Retail,Maya Lowe,maya.lowe@vantageretail.example,+1 305 555 0193,United States,Retail,1-10,Webinar,SQL,Growth Ops,2026-05-19,2026-05-20,None,No Action Needed,Ready,No,100.0
CRM-001532,Fernhill Pharma,Sofia Dawson,sofia.dawson@fernhillpharma.example,+1 312 555 0180,United States,Healthcare,1-10,Referral,Lead,Marketing Ops,2026-05-19,2026-08-22,None,No Action Needed,Ready,No,100.0
CRM-001533,Oakridge Foods,Noah Chandra,noah.chandra@oakridgefoods.example,+1 613 555 0181,Canada,Retail,11-50,Outbound,SQL,Growth Ops,2026-05-19,2026-06-06,None,No Action Needed,Ready,No,100.0
CRM-001534,Newport Security,Ella Abbott,,+1 702 555 0187,United States,Technology,201-1000,Event,MQL,Customer Success,2026-05-19,2026-07-19,Missing Email,Owner Follow-up,Needs Follow-up,Yes,87.5
CRM-001535,Cascade Services,Ravi Turner,ravi.turner@cascadeservices.example,,United States,Professional Services,51-200,Website,Customer,Customer Success,2026-05-19,2026-08-25,Missing Phone,Owner Follow-up,Needs Follow-up,Yes,87.5
CRM-001536,Ridgeline Pharma,Tessa Fischer,tessa.fischer@ridgelinepharma.example,+44 20 7946 0310,United Kingdom,Healthcare,11-50,Referral,SQL,Customer Success,2026-05-19,2026-06-26,None,No Action Needed,Ready,No,100.0
CRM-001537,Redwood Works,Leah Turner,leah.turner@redwoodworks.example,+44 20 7946 0649,United Kingdom,Manufacturing,11-50,Referral,Customer,Customer Success,2026-05-19,2026-06-02,None,No Action Needed,Ready,No,100.0
CRM-001538,Amberly Education,Aaron Brooks,aaron.brooks@amberlyeducation.example,+1 713 555 0175,United States,Education,1-10,Outbound,SQL,Partnerships,2026-05-19,2026-09-23,None,No Action Needed,Ready,No,100.0
CRM-001539,Westbrook Capital,Noah Jensen,noah.jensen@westbrookcapital.example,+1 404 555 0168,United States,Finance,1000+,Referral,MQL,Customer Success,2026-05-20,2026-06-03,None,No Action Needed,Ready,No,100.0
CRM-001540,Riverside Services,Leah Rowe,leah.rowe@riversideservices.example,+1 604 555 0141,Canada,Professional Services,201-1000,Outbound,SQL,Customer Success,2026-05-20,2026-07-04,None,No Action Needed,Ready,No,100.0
CRM-001541,Nimbus Works,Maya Hartley,maya.hartley@nimbusworks.example,+1 713 555 0166,United States,Manufacturing,11-50,Outbound,Customer,Sales Ops,2026-05-20,2026-06-23,Company Casing,Standardized,Ready,No,100.0
CRM-001542,Glenmore Finance,Ravi Grant,ravi.grant@glenmorefinance.example,+44 20 7946 0750,United Kingdom,Finance,51-200,Outbound,SQL,Partnerships,2026-05-20,2026-08-11,None,No Action Needed,Ready,No,100.0
CRM-001543,Landmark Supply,Ines Dawson,ines.dawson@landmarksupply.example,+1 312 555 0136,United States,Logistics,1000+,Event,SQL,Sales Ops,2026-05-20,2026-09-03,None,No Action Needed,Ready,No,100.0
CRM-001544,Trailhead Design,Tessa Grant,tessa.grant@trailheaddesign.example,+1 469 555 0150,United States,Media,1-10,Website,Lead,Sales Ops,2026-05-20,2026-08-29,None,No Action Needed,Ready,No,100.0
CRM-001545,Copperfield Design,Naomi Kerr,naomi.kerr@copperfielddesign.example,+1 404 555 0103,United States,Media,1-10,Outbound,SQL,Customer Success,2026-05-20,2026-08-31,Phone Format,Standardized,Ready,No,100.0
CRM-001546,Raven Partners,Mateo Okafor,mateo.okafor@ravenpartners.example,+1 713 555 0129,United States,Professional Services,11-50,Event,Customer,Partnerships,2026-05-20,2026-07-03,None,No Action Needed,Ready,No,100.0
CRM-001547,Orchard Supply,Rosa Young,rosa.young@orchardsupply.example,+1 305 555 0132,United States,Logistics,51-200,Referral,Customer,Marketing Ops,2026-05-20,2026-05-30,None,No Action Needed,Ready,No,100.0
CRM-001548,Valley Realty,Caleb Ortega,caleb.ortega@valleyrealty.example,+1 617 555 0134,United States,Professional Services,1-10,Website,Customer,Customer Success,2026-05-20,2026-08-29,None,No Action Needed,Ready,No,100.0
CRM-001549,Eastgate Systems,Lucas Ortega,lucas.ortega@eastgatesystems.example,+1 949 555 0172,United States,Technology,201-1000,Website,SQL,Growth Ops,2026-05-20,2026-09-30,Invalid Email,Standardized,Ready,No,100.0
CRM-001550,Indigo Energy,Julia Grant,julia.grant@indigoenergy.example,+1 503 555 0137,United States,Energy,11-50,Event,SQL,Customer Success,2026-05-20,2026-07-16,None,No Action Needed,Ready,No,100.0
CRM-001551,Prairie Textiles,Maya Carter,maya.carter@prairietextiles.example,+1 925 555 0142,United States,Manufacturing,51-200,Webinar,MQL,Sales Ops,2026-05-20,2026-08-19,None,No Action Needed,Ready,No,100.0
CRM-001552,Zenith Travel,Nina Jensen,nina.jensen@zenithtravel.example,+1 949 555 0121,United States,Logistics,51-200,Referral,MQL,Marketing Ops,2026-05-20,2026-09-28,None,No Action Needed,Ready,No,100.0
CRM-001553,Ironwood Media,Noah Novak,noah.novak@ironwoodmedia.example,+1 416 555 0171,Canada,Media,51-200,Website,Opportunity,Growth Ops,2026-05-21,2026-06-07,None,No Action Needed,Ready,No,100.0
CRM-001554,Copperfield Labs,Ella Rowe,ella.rowe@copperfieldlabs.example,,United States,Technology,1-10,Webinar,Customer,Partnerships,2026-05-21,2026-09-13,Missing Phone,Owner Follow-up,Needs Follow-up,Yes,87.5
CRM-001555,Keystone Education,Mateo Ortega,mateo.ortega@keystoneeducation.example,+1 949 555 0141,United States,Education,1-10,Website,MQL,Growth Ops,2026-05-21,2026-07-29,Company Casing,Standardized,Ready,No,100.0
CRM-001556,Ironbridge Education,Aaron Sutton,aaron.sutton@ironbridgeeducation.example,+1 206 555 0140,United States,Education,51-200,Partner,Opportunity,Growth Ops,2026-05-21,2026-07-29,Duplicate Company,Merged,Ready,No,100.0
CRM-001557,Ridgeline Marketing,Aaron Lowe,aaron.lowe@ridgelinemarketing.example,+1 619 555 0103,United States,Media,201-1000,Website,SQL,Growth Ops,2026-05-21,2026-08-20,Phone Format,Standardized,Ready,No,100.0
CRM-001558,Pembroke Supply,Tessa Carter,tessa.carter@pembrokesupply.example,+1 646 555 0190,United States,Logistics,1-10,Website,SQL,Growth Ops,2026-05-21,2026-09-24,None,No Action Needed,Ready,No,100.0
CRM-001559,Canyon Motors,Hana Turner,,+1 512 555 0175,United States,Manufacturing,11-50,Website,Lead,Sales Ops,2026-05-21,2026-09-19,Missing Email,Owner Follow-up,Needs Follow-up,Yes,87.5
CRM-001560,Pembroke Partners,Liam Okafor,liam.okafor@pembrokepartners.example,+1 971 555 0115,United States,Professional Services,11-50,Website,MQL,Partnerships,2026-05-21,2026-09-11,None,No Action Needed,Ready,No,100.0
CRM-001561,Emberly Motors,Naomi Barnes,,+1 416 555 0156,Canada,Manufacturing,1-10,Webinar,Lead,Customer Success,2026-05-21,2026-07-05,Missing Email,Owner Follow-up,Needs Follow-up,Yes,87.5
CRM-001562,Bayview Education,Victor Shah,victor.shah@bayvieweducation.example,+1 602 555 0174,United States,Education,1-10,Webinar,MQL,Growth Ops,2026-05-21,2026-08-18,Company Casing,Standardized,Ready,No,100.0
CRM-001563,Wexford Foods,Hugo Quinn,hugo.quinn@wexfordfoods.example,+1 646 555 0174,United States,Retail,51-200,Webinar,Lead,Customer Success,2026-05-21,2026-06-04,None,No Action Needed,Ready,No,100.0
CRM-001564,Evergreen Textiles,Mateo Ivers,mateo.ivers@evergreentextiles.example,+1 702 555 0168,United States,,1-10,Referral,Lead,Marketing Ops,2026-05-22,2026-07-11,Missing Industry,Owner Follow-up,Needs Follow-up,Yes,87.5
CRM-001565,Marlow Packaging,Tessa Kerr,tessa.kerr@marlowpackaging.example,+1 469 555 0112,United States,Manufacturing,51-200,Outbound,Lead,Marketing Ops,2026-05-22,2026-08-28,Company Casing,Standardized,Ready,No,100.0
CRM-001566,Oakridge Capital,Amara Novak,amara.novak@oakridgecapital.example,+1 737 555 0147,United States,Finance,11-50,Partner,SQL,Customer Success,2026-05-22,2026-08-12,None,No Action Needed,Ready,No,100.0
CRM-001567,BluePeak Robotics,Naomi Brooks,naomi.brooks@bluepeakrobotics.example,+1 737 555 0102,United States,Technology,1-10,Outbound,Lead,Sales Ops,2026-05-22,2026-06-09,None,No Action Needed,Ready,No,100.0
CRM-001568,Highland Design,Dylan Dawson,dylan.dawson@highlanddesign.example,+1 858 555 0112,United States,Media,51-200,Referral,MQL,Growth Ops,2026-05-22,2026-06-29,None,No Action Needed,Ready,No,100.0
CRM-001569,Foxglove Foods,Mira Abbott,mira.abbott@foxglovefoods.example,,Canada,Retail,201-1000,Event,Lead,Partnerships,2026-05-22,2026-09-20,Missing Phone,Owner Follow-up,Needs Follow-up,Yes,87.5
CRM-001570,Ashford Services,Sofia Lawson,sofia.lawson@ashfordservices.example,+1 403 555 0146,Canada,Professional Services,11-50,Event,Lead,Partnerships,2026-05-22,2026-08-29,None,No Action Needed,Ready,No,100.0
CRM-001571,Meridian Realty,Rosa Carter,rosa.carter@meridianrealty.example,,United States,Professional Services,51-200,Event,Opportunity,Growth Ops,2026-05-22,2026-06-11,Missing Phone,Owner Follow-up,Needs Follow-up,Yes,87.5
CRM-001572,Kenwood Packaging,Tessa Mercer,tessa.mercer@kenwoodpackaging.example,+1 503 555 0165,United States,Manufacturing,1-10,Event,SQL,Sales Ops,2026-05-22,2026-07-13,Company Casing,Standardized,Ready,No,100.0
CRM-001573,Rosewood Solutions,Hana Tanaka,hana.tanaka@rosewoodsolutions.example,+1 416 555 0115,Canada,Technology,11-50,Partner,SQL,Growth Ops,2026-05-22,2026-08-06,None,No Action Needed,Ready,No,100.0
CRM-001574,Cascade Labs,Theo Turner,theo.turner@cascadelabs.example,+1 720 555 0165,United States,Technology,1-10,Website,MQL,Sales Ops,2026-05-22,2026-08-07,None,No Action Needed,Ready,No,100.0
CRM-001575,Nimbus Industries,Maya Reeves,maya.reeves@nimbusindustries.example,+1 858 555 0139,United States,Manufacturing,201-1000,Website,SQL,Partnerships,2026-05-22,2026-07-13,Phone Format,Standardized,Ready,No,100.0
CRM-001576,Goldcrest Insurance,Mira Everett,mira.everett@goldcrestinsurance.example,+1 619 555 0193,United States,Finance,51-200,Event,Opportunity,Partnerships,2026-05-22,2026-09-02,None,No Action Needed,Ready,No,100.0
CRM-001577,Redwood Services,Clara Walsh,clara.walsh@redwoodservices.example,+1 925 555 0103,United States,Professional Services,11-50,Website,SQL,Partnerships,2026-05-23,2026-08-27,None,No Action Needed,Ready,No,100.0
CRM-001578,Pioneer Consulting,Grace Okafor,grace.okafor@pioneerconsulting.example,+1 602 555 0166,United States,Professional Services,201-1000,Event,MQL,Customer Success,2026-05-23,2026-09-03,Missing Phone,Enriched,Ready,No,100.0
CRM-001579,Upland Industries,Nina Irving,nina.irving@uplandindustries.example,+1 403 555 0143,Canada,,1-10,Webinar,Lead,Marketing Ops,2026-05-23,2026-09-11,Missing Industry,Owner Follow-up,Needs Follow-up,Yes,87.5
CRM-001580,Hawthorn Security,Julia Ellis,julia.ellis@hawthornsecurity.example,+1 602 555 0125,United States,Technology,11-50,Outbound,MQL,Partnerships,2026-05-23,2026-06-29,Company Casing,Standardized,Ready,No,100.0
CRM-001581,Cobalt Retail,Jonah Okafor,jonah.okafor@cobaltretail.example,+1 628 555 0100,United States,Retail,11-50,Webinar,Opportunity,Sales Ops,2026-05-23,2026-07-22,None,No Action Needed,Ready,No,100.0
CRM-001582,Pembroke Staffing,Leah Turner,leah.turner@pembrokestaffing.example,+1 206 555 0150,United States,Professional Services,51-200,Partner,SQL,Growth Ops,2026-05-23,2026-08-25,None,No Action Needed,Ready,No,100.0
CRM-001583,Dunmore Logistics,Tessa Novak,tessa.novak@dunmorelogistics.example,+1 917 555 0177,United States,Logistics,51-200,Outbound,Lead,Growth Ops,2026-05-23,2026-09-16,None,No Action Needed,Ready,No,100.0
CRM-001584,Vantage Foods,Maya Rowe,maya.rowe@vantagefoods.example,+1 702 555 0173,United States,,1000+,Website,MQL,Marketing Ops,2026-05-23,2026-08-24,Missing Industry,Owner Follow-up,Needs Follow-up,Yes,87.5
CRM-001585,Larkspur Security,Liam Ortega,liam.ortega@larkspursecurity.example,+1 858 555 0126,United States,Technology,11-50,Event,MQL,Customer Success,2026-05-23,2026-07-21,None,No Action Needed,Ready,No,100.0
CRM-001586,Lakeshore Logistics,Grace Hayes,grace.hayes@lakeshorelogistics.example,+1 415 555 0199,United States,Logistics,51-200,Website,MQL,Partnerships,2026-05-23,2026-07-26,None,No Action Needed,Ready,No,100.0
CRM-001587,Stonebridge Security,Grace Tanaka,grace.tanaka@stonebridgesecurity.example,+1 469 555 0105,United States,Technology,1-10,Outbound,Customer,Marketing Ops,2026-05-23,2026-06-21,None,No Action Needed,Ready,No,100.0
CRM-001588,Vantage Software,Caleb Quinn,caleb.quinn@vantagesoftware.example,,United States,Technology,11-50,Partner,Lead,Growth Ops,2026-05-23,2026-09-23,Missing Phone,Owner Follow-up,Needs Follow-up,Yes,87.5
CRM-001589,Jasper Group,Mateo Nolan,,+1 514 555 0172,Canada,Professional Services,1-10,Referral,Opportunity,Marketing Ops,2026-05-23,2026-09-14,Invalid Email,Owner Follow-up,Needs Follow-up,Yes,87.5
CRM-001590,Ulster Retail,Marcus Turner,marcus.turner@ulsterretail.example,+1 720 555 0106,United States,Retail,11-50,Website,Lead,Marketing Ops,2026-05-23,2026-09-13,Phone Format,Standardized,Ready,No,100.0
CRM-001592,Inlet Education,Ravi Mercer,ravi.mercer@inleteducation.example,+1 619 555 0138,United States,Education,51-200,Partner,Customer,Partnerships,2026-05-24,2026-07-30,None,No Action Needed,Ready,No,100.0
CRM-001593,Zephyr Group,Caleb Quinn,caleb.quinn@zephyrgroup.example,+44 20 7946 0359,United Kingdom,Professional Services,51-200,Website,Customer,Marketing Ops,2026-05-24,2026-07-18,None,No Action Needed,Ready,No,100.0
CRM-001594,Glenmore Systems,Clara Reeves,clara.reeves@glenmoresystems.example,+1 613 555 0162,Canada,Technology,1000+,Referral,Lead,Sales Ops,2026-05-24,2026-09-25,None,No Action Needed,Ready,No,100.0
CRM-001595,Windmill Partners,Hugo Brooks,hugo.brooks@windmillpartners.example,+1 971 555 0198,United States,Professional Services,11-50,Event,Lead,Growth Ops,2026-05-24,2026-08-23,None,No Action Needed,Ready,No,100.0
CRM-001596,Lighthouse Travel,Maya Brooks,maya.brooks@lighthousetravel.example,+1 503 555 0173,United States,Logistics,51-200,Webinar,MQL,Partnerships,2026-05-24,2026-07-03,Phone Format,Standardized,Ready,No,100.0
CRM-001597,Zephyr Motors,Victor Brooks,victor.brooks@zephyrmotors.example,+1 702 555 0169,United States,Manufacturing,11-50,Webinar,Opportunity,Customer Success,2026-05-24,2026-06-03,None,No Action Needed,Ready,No,100.0
CRM-001598,Prairie Packaging,Rosa Barnes,rosa.barnes@prairiepackaging.example,+1 206 555 0169,United States,Manufacturing,201-1000,Webinar,Lead,Customer Success,2026-05-24,2026-05-26,None,No Action Needed,Ready,No,100.0
CRM-001599,Meridian Services,Dylan Jordan,dylan.jordan@meridianservices.example,+1 813 555 0184,United States,Professional Services,11-50,Event,SQL,Partnerships,2026-05-24,2026-09-05,None,No Action Needed,Ready,No,100.0
CRM-001600,Falcon Realty,Tessa Shah,tessa.shah@falconrealty.example,+1 925 555 0163,United States,Professional Services,51-200,Event,SQL,Customer Success,2026-05-24,2026-08-15,None,No Action Needed,Ready,No,100.0
CRM-001601,Nimbus Motors,Daniel Lowe,daniel.lowe@nimbusmotors.example,,United States,Manufacturing,11-50,Partner,Lead,Partnerships,2026-05-24,2026-07-27,Missing Phone,Owner Follow-up,Needs Follow-up,Yes,87.5
CRM-001602,Landmark Cloud,Caleb Okafor,caleb.okafor@landmarkcloud.example,+1 617 555 0180,United States,Technology,1000+,Referral,MQL,Growth Ops,2026-05-25,2026-08-14,Phone Format,Standardized,Ready,No,100.0
CRM-001603,Linden Insurance,Tessa Delgado,tessa.delgado@lindeninsurance.example,+1 917 555 0194,United States,Finance,11-50,Website,MQL,Growth Ops,2026-05-25,2026-07-10,Missing Phone,Enriched,Ready,No,100.0
CRM-001604,Quartz Foods,Rosa Pruitt,rosa.pruitt@quartzfoods.example,+44 20 7946 0706,United Kingdom,Retail,11-50,Referral,MQL,Growth Ops,2026-05-25,2026-06-11,None,No Action Needed,Ready,No,100.0
CRM-001605,Skyline Foods,Aaron Fischer,aaron.fischer@skylinefoods.example,+1 310 555 0151,United States,Retail,51-200,Outbound,Lead,Marketing Ops,2026-05-25,2026-06-03,Phone Format,Standardized,Ready,No,100.0
CRM-001606,Canyon Solutions,Ava Shah,ava.shah@canyonsolutions.example,+1 514 555 0163,Canada,Technology,11-50,Webinar,Opportunity,Growth Ops,2026-05-25,2026-07-24,None,No Action Needed,Ready,No,100.0
CRM-001607,Wexford Studios,Amara Fischer,amara.fischer@wexfordstudios.example,+1 917 555 0129,United States,Media,11-50,Outbound,Customer,Growth Ops,2026-05-25,2026-08-05,Company Casing,Standardized,Ready,No,100.0
CRM-001608,Maple Consulting,Marcus Young,marcus.young@mapleconsulting.example,+1 720 555 0192,United States,Professional Services,51-200,Event,Customer,Customer Success,2026-05-25,2026-08-19,None,No Action Needed,Ready,No,100.0
CRM-001609,Alder Capital,Ines Rowe,ines.rowe@aldercapital.example,+1 415 555 0144,United States,Finance,51-200,Website,Customer,Partnerships,2026-05-25,2026-07-20,None,No Action Needed,Ready,No,100.0
CRM-001610,Harbor Robotics,Nina Sutton,nina.sutton@harborrobotics.example,+1 858 555 0132,United States,Technology,51-200,Webinar,Opportunity,Marketing Ops,2026-05-25,2026-09-29,None,No Action Needed,Ready,No,100.0
CRM-001611,Willow Retail,Julia Delgado,julia.delgado@willowretail.example,+1 602 555 0154,United States,Retail,51-200,Website,Lead,Partnerships,2026-05-25,2026-05-30,None,No Action Needed,Ready,No,100.0
CRM-001612,Beacon Networks,Noah Lawson,noah.lawson@beaconnetworks.example,+1 415 555 0109,United States,Technology,1-10,Outbound,Customer,Customer Success,2026-05-25,2026-08-25,None,No Action Needed,Ready,No,100.0
CRM-001613,Lakeshore Education,Caleb Abbott,caleb.abbott@lakeshoreeducation.example,+44 20 7946 0484,United Kingdom,Education,11-50,Website,MQL,Partnerships,2026-05-25,2026-08-17,None,No Action Needed,Ready,No,100.0
CRM-001614,Aspen Solutions,Alicia Vaughn,,+1 602 555 0160,United States,Technology,51-200,Referral,Lead,Marketing Ops,2026-05-25,2026-09-21,Missing Email,Owner Follow-up,Needs Follow-up,Yes,87.5
CRM-001615,Kingfisher Staffing,Theo Novak,theo.novak@kingfisherstaffing.example,+1 516 555 0164,United States,Professional Services,11-50,Outbound,Opportunity,Partnerships,2026-05-25,2026-08-03,None,No Action Needed,Ready,No,100.0
CRM-001616,Oakridge Consulting,Felix Ortega,felix.ortega@oakridgeconsulting.example,+1 604 555 0180,Canada,Professional Services,11-50,Partner,MQL,Partnerships,2026-05-26,2026-07-12,Phone Format,Standardized,Ready,No,100.0
CRM-001617,Pinecrest Capital,Ines Lowe,ines.lowe@pinecrestcapital.example,+1 917 555 0136,United States,Finance,201-1000,Website,Customer,Growth Ops,2026-05-26,2026-08-17,None,No Action Needed,Ready,No,100.0
CRM-001618,Sterling Staffing,Ines Grant,ines.grant@sterlingstaffing.example,+1 206 555 0105,United States,Professional Services,201-1000,Partner,SQL,Sales Ops,2026-05-26,2026-06-24,Phone Format,Standardized,Ready,No,100.0
CRM-001619,Maple Travel,Alicia Brooks,alicia.brooks@mapletravel.example,+1 858 555 0154,United States,Logistics,51-200,Partner,Opportunity,Partnerships,2026-05-26,2026-07-18,None,No Action Needed,Ready,No,100.0
CRM-001620,Valley Energy,Felix Barnes,,+1 604 555 0126,Canada,Energy,51-200,Partner,Lead,Customer Success,2026-05-26,2026-08-27,Missing Email,Owner Follow-up,Needs Follow-up,Yes,87.5
CRM-001621,Maple Media,Zara Irving,zara.irving@maplemedia.example,+1 971 555 0197,United States,Media,1-10,Website,Lead,Customer Success,2026-05-26,2026-06-06,None,No Action Needed,Ready,No,100.0
CRM-001622,Willow Supply,Tessa Morgan,tessa.morgan@willowsupply.example,+1 303 555 0172,United States,Logistics,1-10,Webinar,Opportunity,Growth Ops,2026-05-27,2026-07-23,None,No Action Needed,Ready,No,100.0
CRM-001623,Unity Systems,Naomi Jensen,naomi.jensen@unitysystems.example,+1 949 555 0124,United States,Technology,51-200,Outbound,MQL,Sales Ops,2026-05-27,2026-08-20,Missing Industry,Enriched,Ready,No,100.0
CRM-001624,Birchwood Partners,Leah Carter,leah.carter@birchwoodpartners.example,+1 303 555 0175,United States,Professional Services,1-10,Website,Opportunity,Sales Ops,2026-05-27,2026-08-13,None,No Action Needed,Ready,No,100.0
CRM-001625,Horizon Energy,Kai Patel,kai.patel@horizonenergy.example,+1 303 555 0196,United States,Energy,1-10,Website,MQL,Customer Success,2026-05-27,2026-09-19,None,No Action Needed,Ready,No,100.0
CRM-001626,Verdant Textiles,Zara Keller,zara.keller@verdanttextiles.example,,United States,Manufacturing,51-200,Referral,Lead,Growth Ops,2026-05-27,2026-05-31,Missing Phone,Owner Follow-up,Needs Follow-up,Yes,87.5
CRM-001627,Cobalt Works,Mateo Irving,mateo.irving@cobaltworks.example,+1 619 555 0140,United States,Manufacturing,51-200,Event,Lead,Sales Ops,2026-05-27,2026-07-22,None,No Action Needed,Ready,No,100.0
CRM-001628,Landmark Studios,Liam Brooks,liam.brooks@landmarkstudios.example,+1 480 555 0182,United States,Media,1-10,Outbound,Customer,Growth Ops,2026-05-27,2026-08-18,None,No Action Needed,Ready,No,100.0
CRM-001629,Fernhill Group,Leah Mercer,leah.mercer@fernhillgroup.example,+1 949 555 0107,United States,Professional Services,11-50,Webinar,Lead,Marketing Ops,2026-05-27,2026-06-02,None,No Action Needed,Ready,No,100.0
CRM-001630,Windmill Marketing,Jonah Hayes,jonah.hayes@windmillmarketing.example,+1 516 555 0150,United States,Media,11-50,Referral,Customer,Marketing Ops,2026-05-27,2026-08-04,None,No Action Needed,Ready,No,100.0
CRM-001631,Meridian Insurance,Nina Chandra,nina.chandra@meridianinsurance.example,+1 403 555 0122,Canada,Finance,51-200,Partner,SQL,Growth Ops,2026-05-27,2026-08-02,Company Casing,Standardized,Ready,No,100.0
CRM-001632,Unity Travel,Felix Nolan,,+44 20 7946 0319,United Kingdom,Logistics,11-50,Webinar,MQL,Partnerships,2026-05-27,2026-09-03,Missing Email,Owner Follow-up,Needs Follow-up,Yes,87.5
CRM-001633,Northstar Staffing,Hana Turner,hana.turner@northstarstaffing.example,+1 737 555 0126,United States,Professional Services,1000+,Website,MQL,Growth Ops,2026-05-27,2026-07-17,Phone Format,Standardized,Ready,No,100.0
CRM-001634,Sterling Travel,Mateo Tanaka,mateo.tanaka@sterlingtravel.example,+1 713 555 0169,United States,Logistics,51-200,Partner,Lead,Partnerships,2026-05-27,2026-07-12,Company Casing,Standardized,Ready,No,100.0
CRM-001636,Upland Group,Caleb Nolan,caleb.nolan@uplandgroup.example,+1 425 555 0141,United States,Professional Services,1-10,Outbound,Lead,Sales Ops,2026-05-28,2026-05-28,None,No Action Needed,Ready,No,100.0
CRM-001637,Crestview Analytics,Leah Hartley,leah.hartley@crestviewanalytics.example,+1 516 555 0108,United States,Technology,11-50,Outbound,MQL,Sales Ops,2026-05-28,2026-09-29,None,No Action Needed,Ready,No,100.0
CRM-001638,Silverline Retail,Ella Patel,ella.patel@silverlineretail.example,+1 901 555 0197,United States,Retail,51-200,Partner,MQL,Marketing Ops,2026-05-28,2026-07-11,Missing Phone,Enriched,Ready,No,100.0
CRM-001639,Dovetail Software,Victor Ortega,victor.ortega@dovetailsoftware.example,+1 917 555 0156,United States,Technology,1-10,Referral,Lead,Marketing Ops,2026-05-28,2026-07-21,None,No Action Needed,Ready,No,100.0
CRM-001640,Upland Media,Clara Turner,clara.turner@uplandmedia.example,+1 702 555 0155,United States,Media,1-10,Referral,Lead,Partnerships,2026-05-28,2026-09-01,Missing Email,Enriched,Ready,No,100.0
CRM-001641,Driftwood Insurance,Priya Lowe,priya.lowe@driftwoodinsurance.example,+1 604 555 0106,Canada,Finance,51-200,Webinar,MQL,Sales Ops,2026-05-28,2026-07-01,Company Casing,Standardized,Ready,No,100.0
CRM-001642,Lighthouse Capital,Aaron Hayes,aaron.hayes@lighthousecapital.example,+1 646 555 0110,United States,Finance,1-10,Webinar,MQL,Partnerships,2026-05-28,2026-05-28,None,No Action Needed,Ready,No,100.0
CRM-001643,Gladstone Capital,Omar Young,omar.young@gladstonecapital.example,+1 514 555 0123,Canada,Finance,51-200,Website,Lead,Customer Success,2026-05-29,2026-08-22,None,No Action Needed,Ready,No,100.0
CRM-001644,Prairie Media,Lena Rowe,lena.rowe@prairiemedia.example,+1 613 555 0199,Canada,Media,51-200,Referral,Opportunity,Marketing Ops,2026-05-29,2026-07-07,None,No Action Needed,Ready,No,100.0
CRM-001645,Zenith Foods,Ella Mercer,ella.mercer@zenithfoods.example,+44 20 7946 0218,United Kingdom,Retail,11-50,Partner,Lead,Customer Success,2026-05-29,2026-07-21,None,No Action Needed,Ready,No,100.0
CRM-001646,Raven Cloud,Maya Gallo,maya.gallo@ravencloud.example,+1 512 555 0185,United States,Technology,11-50,Webinar,SQL,Growth Ops,2026-05-29,2026-06-26,None,No Action Needed,Ready,No,100.0
CRM-001647,Jasper Robotics,Ava Irving,ava.irving@jasperrobotics.example,+1 613 555 0139,Canada,Technology,51-200,Webinar,Opportunity,Growth Ops,2026-05-29,2026-08-05,None,No Action Needed,Ready,No,100.0
CRM-001648,Evergreen Software,Ines Abbott,ines.abbott@evergreensoftware.example,,United States,Technology,11-50,Webinar,MQL,Growth Ops,2026-05-29,2026-07-04,Missing Phone,Owner Follow-up,Needs Follow-up,Yes,87.5
CRM-001649,Newport Networks,Maya Novak,maya.novak@newportnetworks.example,+1 858 555 0151,United States,Technology,1000+,Outbound,SQL,Partnerships,2026-05-29,2026-09-28,Phone Format,Standardized,Ready,No,100.0
CRM-001650,Larkspur Consulting,Victor Jordan,victor.jordan@larkspurconsulting.example,+1 404 555 0150,United States,Professional Services,201-1000,Website,Lead,Sales Ops,2026-05-29,2026-06-06,None,No Action Needed,Ready,No,100.0
CRM-001651,Valley Analytics,Kai Barnes,kai.barnes@valleyanalytics.example,+1 415 555 0107,United States,Technology,11-50,Referral,MQL,Customer Success,2026-05-29,2026-06-30,Phone Format,Standardized,Ready,No,100.0
CRM-001652,Glenmore Energy,Owen Mercer,owen.mercer@glenmoreenergy.example,+44 20 7946 0164,United Kingdom,Energy,51-200,Referral,Lead,Sales Ops,2026-05-29,2026-09-06,None,No Action Needed,Ready,No,100.0
CRM-001653,Pinecrest Health,Caleb Vaughn,caleb.vaughn@pinecresthealth.example,+1 425 555 0169,United States,Healthcare,1-10,Partner,SQL,Partnerships,2026-05-29,2026-07-07,None,No Action Needed,Ready,No,100.0
CRM-001654,Quartz Logistics,Theo Jordan,theo.jordan@quartzlogistics.example,+1 628 555 0109,United States,Logistics,11-50,Outbound,SQL,Sales Ops,2026-05-29,2026-09-12,Company Casing,Standardized,Ready,No,100.0
CRM-001655,Dovetail Consulting,Owen Sutton,owen.sutton@dovetailconsulting.example,+1 720 555 0150,United States,Professional Services,11-50,Event,Customer,Partnerships,2026-05-30,2026-07-21,None,No Action Needed,Ready,No,100.0
CRM-001656,Marlow Consulting,Owen Sutton,owen.sutton@marlowconsulting.example,+1 512 555 0149,United States,Professional Services,1-10,Referral,Lead,Sales Ops,2026-05-30,2026-08-13,None,No Action Needed,Ready,No,100.0
CRM-001657,Indigo Consulting,Hana Okafor,hana.okafor@indigoconsulting.example,+1 901 555 0139,United States,Professional Services,11-50,Referral,Opportunity,Partnerships,2026-05-30,2026-08-07,Duplicate Email,Merged,Ready,No,100.0
CRM-001658,Quartz Realty,Naomi Ellis,naomi.ellis@quartzrealty.example,+1 516 555 0141,United States,Professional Services,11-50,Outbound,SQL,Partnerships,2026-05-30,2026-06-03,Phone Format,Standardized,Ready,No,100.0
CRM-001659,Pioneer Group,Mateo Hayes,mateo.hayes@pioneergroup.example,+1 971 555 0144,United States,Professional Services,11-50,Website,Lead,Sales Ops,2026-05-30,2026-09-07,None,No Action Needed,Ready,No,100.0
CRM-001660,Fernhill Capital,Sofia Okafor,sofia.okafor@fernhillcapital.example,+1 415 555 0108,United States,Finance,11-50,Website,MQL,Marketing Ops,2026-05-30,2026-06-14,None,No Action Needed,Ready,No,100.0
CRM-001661,Bridgewater Design,Ines Lowe,ines.lowe@bridgewaterdesign.example,+44 20 7946 0011,United Kingdom,Media,1-10,Website,Customer,Sales Ops,2026-05-30,2026-06-10,Missing Phone,Enriched,Ready,No,100.0
CRM-001662,Ashford Realty,Owen Sutton,owen.sutton@ashfordrealty.example,+1 971 555 0192,United States,Professional Services,11-50,Event,SQL,Marketing Ops,2026-05-30,2026-06-18,Invalid Email,Standardized,Ready,No,100.0
CRM-001663,Ulster Supply,Clara Sutton,clara.sutton@ulstersupply.example,+44 20 7946 0454,United Kingdom,Logistics,11-50,Website,MQL,Marketing Ops,2026-05-30,2026-07-02,Missing Phone,Enriched,Ready,No,100.0
CRM-001664,Maple Pharma,Zara Abbott,zara.abbott@maplepharma.example,+1 737 555 0149,United States,Healthcare,1-10,Event,SQL,Sales Ops,2026-05-30,2026-07-02,None,No Action Needed,Ready,No,100.0
CRM-001665,Kenwood Travel,Hugo Okafor,hugo.okafor@kenwoodtravel.example,+1 971 555 0199,United States,Logistics,51-200,Event,Customer,Sales Ops,2026-05-30,2026-07-20,None,No Action Needed,Ready,No,100.0
CRM-001666,Thornfield Travel,Liam Lawson,liam.lawson@thornfieldtravel.example,+1 415 555 0177,United States,Logistics,201-1000,Webinar,Opportunity,Sales Ops,2026-05-30,2026-06-14,None,No Action Needed,Ready,No,100.0
CRM-001667,Fairview Realty,Hugo Reeves,hugo.reeves@fairviewrealty.example,+1 720 555 0195,United States,Professional Services,51-200,Partner,Customer,Sales Ops,2026-05-30,2026-07-29,None,No Action Needed,Ready,No,100.0
CRM-001668,Bayview Services,Lucas Ellis,lucas.ellis@bayviewservices.example,+1 503 555 0192,United States,Professional Services,51-200,Event,SQL,Partnerships,2026-05-30,2026-07-22,Phone Format,Standardized,Ready,No,100.0
CRM-001669,Brookside Education,Ravi Turner,ravi.turner@brooksideeducation.example,+44 20 7946 0304,United Kingdom,Education,1-10,Partner,MQL,Sales Ops,2026-05-31,2026-07-18,None,No Action Needed,Ready,No,100.0
CRM-001670,Millbrook Design,Omar Ivers,omar.ivers@millbrookdesign.example,+1 480 555 0167,United States,Media,201-1000,Event,Lead,Sales Ops,2026-05-31,2026-09-21,None,No Action Needed,Ready,No,100.0
CRM-001671,Larkspur Media,Grace Ortega,grace.ortega@larkspurmedia.example,+1 512 555 0112,United States,Media,51-200,Website,MQL,Marketing Ops,2026-05-31,2026-06-16,None,No Action Needed,Ready,No,100.0
CRM-001672,Dunmore Partners,Hana Delgado,hana.delgado@dunmorepartners.example,+1 212 555 0182,United States,Professional Services,201-1000,Outbound,Lead,Customer Success,2026-05-31,2026-06-22,Duplicate Email,Merged,Ready,No,100.0
CRM-001673,Inlet Pharma,Jonah Lowe,jonah.lowe@inletpharma.example,+1 737 555 0187,United States,Healthcare,11-50,Event,Lead,Marketing Ops,2026-05-31,2026-06-12,None,No Action Needed,Ready,No,100.0
CRM-001674,Rosewood Logistics,Marcus Lawson,marcus.lawson@rosewoodlogistics.example,+1 917 555 0140,United States,Logistics,51-200,Referral,Lead,Customer Success,2026-05-31,2026-07-23,None,No Action Needed,Ready,No,100.0
CRM-001675,Ridgeline Media,Amara Keller,amara.keller@ridgelinemedia.example,+1 469 555 0190,United States,Media,1-10,Partner,Customer,Customer Success,2026-05-31,2026-07-29,None,No Action Needed,Ready,No,100.0
CRM-001676,Bayview Labs,Priya Irving,priya.irving@bayviewlabs.example,+1 901 555 0191,United States,Technology,11-50,Outbound,Customer,Marketing Ops,2026-05-31,2026-07-30,Phone Format,Standardized,Ready,No,100.0
CRM-001677,Beacon Labs,Daniel Irving,daniel.irving@beaconlabs.example,+1 901 555 0142,United States,Technology,201-1000,Website,MQL,Growth Ops,2026-05-31,2026-07-02,None,No Action Needed,Ready,No,100.0
CRM-001678,Prairie Insurance,Jonah Barnes,jonah.barnes@prairieinsurance.example,+1 404 555 0148,United States,Finance,201-1000,Partner,SQL,Sales Ops,2026-05-31,2026-08-09,Duplicate Email,Merged,Ready,No,100.0
CRM-001680,Cobalt Solutions,Mira Reeves,mira.reeves@cobaltsolutions.example,+1 312 555 0109,United States,Technology,1-10,Partner,Lead,Marketing Ops,2026-06-01,2026-06-28,Phone Format,Standardized,Ready,No,100.0
CRM-001681,Amberly Consulting,Nina Dawson,nina.dawson@amberlyconsulting.example,+1 415 555 0178,United States,Professional Services,201-1000,Outbound,SQL,Partnerships,2026-06-01,2026-06-29,None,No Action Needed,Ready,No,100.0
CRM-001682,Rosewood Motors,Caleb Keller,caleb.keller@rosewoodmotors.example,+1 619 555 0114,United States,Manufacturing,51-200,Webinar,Lead,Marketing Ops,2026-06-01,2026-07-03,None,No Action Needed,Ready,No,100.0
CRM-001683,Trailhead Works,Grace Okafor,grace.okafor@trailheadworks.example,+1 737 555 0157,United States,Manufacturing,11-50,Event,MQL,Partnerships,2026-06-01,2026-09-29,None,No Action Needed,Ready,No,100.0
CRM-001684,Highland Textiles,Grace Everett,grace.everett@highlandtextiles.example,+1 813 555 0144,United States,Manufacturing,1-10,Website,Customer,Growth Ops,2026-06-01,2026-09-15,None,No Action Needed,Ready,No,100.0
CRM-001685,BluePeak Realty,Hugo Turner,hugo.turner@bluepeakrealty.example,+44 20 7946 0444,United Kingdom,Professional Services,11-50,Website,MQL,Customer Success,2026-06-01,2026-06-09,None,No Action Needed,Ready,No,100.0
CRM-001686,Stonebridge Pharma,Hugo Tanaka,hugo.tanaka@stonebridgepharma.example,+1 469 555 0166,United States,Healthcare,1-10,Website,Lead,Customer Success,2026-06-01,2026-09-09,None,No Action Needed,Ready,No,100.0
CRM-001687,Yarrow Health,Hana Irving,hana.irving@yarrowhealth.example,+1 212 555 0106,United States,Healthcare,11-50,Event,Lead,Marketing Ops,2026-06-01,2026-07-01,None,No Action Needed,Ready,No,100.0
CRM-001688,Beacon Services,Noah Delgado,noah.delgado@beaconservices.example,+1 702 555 0103,United States,Professional Services,1-10,Outbound,MQL,Customer Success,2026-06-01,2026-07-25,None,No Action Needed,Ready,No,100.0
CRM-001689,Unity Realty,Victor Everett,victor.everett@unityrealty.example,+1 415 555 0110,United States,Professional Services,1-10,Partner,Opportunity,Marketing Ops,2026-06-01,2026-07-13,None,No Action Needed,Ready,No,100.0
CRM-001690,Marlow Design,Lucas Dawson,lucas.dawson@marlowdesign.example,+1 416 555 0198,Canada,Media,1-10,Referral,SQL,Sales Ops,2026-06-01,2026-09-11,Missing Industry,Enriched,Ready,No,100.0
CRM-001691,Hollis Capital,Marcus Delgado,marcus.delgado@holliscapital.example,+1 503 555 0113,United States,Finance,1000+,Partner,Lead,Sales Ops,2026-06-01,2026-07-12,None,No Action Needed,Ready,No,100.0
CRM-001692,Ulster Studios,Julia Nolan,julia.nolan@ulsterstudios.example,+1 469 555 0196,United States,Media,1-10,Website,Customer,Marketing Ops,2026-06-01,2026-08-21,Company Casing,Standardized,Ready,No,100.0
CRM-001693,Ironwood Partners,Ravi Mercer,ravi.mercer@ironwoodpartners.example,+1 925 555 0135,United States,Professional Services,51-200,Website,Lead,Partnerships,2026-06-01,2026-07-30,Phone Format,Standardized,Ready,No,100.0
CRM-001694,Linden Travel,Ava Rowe,ava.rowe@lindentravel.example,+1 303 555 0176,United States,Logistics,201-1000,Webinar,Customer,Growth Ops,2026-06-01,2026-07-16,Duplicate Company,Merged,Ready,No,100.0
CRM-001695,Emberly Supply,Ravi Pruitt,ravi.pruitt@emberlysupply.example,+1 503 555 0104,United States,Logistics,201-1000,Event,Customer,Growth Ops,2026-06-01,2026-07-28,None,No Action Needed,Ready,No,100.0
CRM-001696,Brightpath Logistics,Theo Pruitt,theo.pruitt@brightpathlogistics.example,+1 917 555 0150,United States,Logistics,1-10,Partner,SQL,Customer Success,2026-06-02,2026-06-20,None,No Action Needed,Ready,No,100.0
CRM-001697,Upland Cloud,Ravi Turner,ravi.turner@uplandcloud.example,+1 646 555 0171,United States,Technology,11-50,Website,Opportunity,Growth Ops,2026-06-02,2026-08-23,None,No Action Needed,Ready,No,100.0
CRM-001698,Tidewater Finance,Jonah Nolan,jonah.nolan@tidewaterfinance.example,+1 619 555 0157,United States,Finance,11-50,Referral,MQL,Partnerships,2026-06-02,2026-07-06,None,No Action Needed,Ready,No,100.0
CRM-001699,BluePeak Finance,Daniel Lawson,daniel.lawson@bluepeakfinance.example,+1 901 555 0155,United States,Finance,11-50,Referral,SQL,Partnerships,2026-06-02,2026-06-20,None,No Action Needed,Ready,No,100.0
CRM-001700,Zenith Media,Nina Chandra,nina.chandra@zenithmedia.example,,United Kingdom,Media,11-50,Referral,SQL,Sales Ops,2026-06-02,2026-08-13,Missing Phone,Owner Follow-up,Needs Follow-up,Yes,87.5
CRM-001701,Vista Industries,Tessa Morgan,tessa.morgan@vistaindustries.example,+1 305 555 0121,United States,Manufacturing,51-200,Website,Lead,Growth Ops,2026-06-02,2026-09-26,None,No Action Needed,Ready,No,100.0
CRM-001702,Canyon Capital,Ines Shah,ines.shah@canyoncapital.example,+1 425 555 0170,United States,Finance,51-200,Webinar,MQL,Growth Ops,2026-06-02,2026-08-01,None,No Action Needed,Ready,No,100.0
CRM-001703,Keystone Travel,Ella Tanaka,ella.tanaka@keystonetravel.example,+1 512 555 0132,United States,Logistics,1-10,Website,Lead,Partnerships,2026-06-02,2026-07-13,None,No Action Needed,Ready,No,100.0
CRM-001704,Dovetail Education,Rosa Keller,rosa.keller@dovetaileducation.example,+1 312 555 0138,United States,Education,1-10,Website,Customer,Customer Success,2026-06-02,2026-07-17,Missing Phone,Enriched,Ready,No,100.0
CRM-001705,Highland Travel,Caleb Reeves,caleb.reeves@highlandtravel.example,+1 925 555 0148,United States,Logistics,1-10,Referral,Lead,Partnerships,2026-06-02,2026-06-02,None,No Action Needed,Ready,No,100.0
CRM-001706,Pioneer Education,Ethan Barnes,ethan.barnes@pioneereducation.example,+1 925 555 0172,United States,Education,11-50,Partner,Opportunity,Growth Ops,2026-06-02,2026-06-18,None,No Action Needed,Ready,No,100.0
CRM-001707,Willow Security,Sofia Patel,sofia.patel@willowsecurity.example,+1 310 555 0181,United States,Technology,1-10,Outbound,SQL,Growth Ops,2026-06-02,2026-07-05,None,No Action Needed,Ready,No,100.0
CRM-001708,Fairview Industries,Owen Turner,owen.turner@fairviewindustries.example,+1 512 555 0170,United States,Manufacturing,1000+,Referral,SQL,Marketing Ops,2026-06-02,2026-07-12,None,No Action Needed,Ready,No,100.0
CRM-001709,Horizon Retail,Ethan Vaughn,ethan.vaughn@horizonretail.example,+1 310 555 0136,United States,Retail,1-10,Website,Lead,Partnerships,2026-06-02,2026-06-27,None,No Action Needed,Ready,No,100.0
CRM-001710,Evergreen Finance,Isaac Rowe,isaac.rowe@evergreenfinance.example,+1 925 555 0145,United States,Finance,11-50,Partner,Opportunity,Sales Ops,2026-06-02,2026-07-29,None,No Action Needed,Ready,No,100.0
CRM-001711,Skyline Staffing,Tessa Keller,tessa.keller@skylinestaffing.example,+1 303 555 0126,United States,,11-50,Referral,SQL,Customer Success,2026-06-02,2026-08-17,Missing Industry,Owner Follow-up,Needs Follow-up,Yes,87.5
CRM-001712,Westbrook Consulting,Julia Keller,julia.keller@westbrookconsulting.example,+1 901 555 0144,United States,Professional Services,51-200,Partner,MQL,Sales Ops,2026-06-02,2026-06-16,None,No Action Needed,Ready,No,100.0
CRM-001714,Driftwood Studios,Ines Brooks,ines.brooks@driftwoodstudios.example,,United States,Media,51-200,Webinar,Lead,Marketing Ops,2026-06-03,2026-08-01,Missing Phone,Owner Follow-up,Needs Follow-up,Yes,87.5
CRM-001715,Northgate Packaging,Ella Rowe,ella.rowe@northgatepackaging.example,+1 613 555 0163,Canada,Manufacturing,1000+,Website,Customer,Sales Ops,2026-06-03,2026-07-04,Missing Phone,Enriched,Ready,No,100.0
CRM-001716,Norwood Supply,Caleb Brooks,caleb.brooks@norwoodsupply.example,+1 713 555 0168,United States,Logistics,51-200,Website,Customer,Marketing Ops,2026-06-03,2026-08-15,None,No Action Needed,Ready,No,100.0
CRM-001717,Sterling Marketing,Marcus Ellis,marcus.ellis@sterlingmarketing.example,+1 971 555 0100,United States,Media,1-10,Referral,Opportunity,Marketing Ops,2026-06-03,2026-08-16,None,No Action Needed,Ready,No,100.0
CRM-001718,Vista Foods,Jonah Gallo,jonah.gallo@vistafoods.example,+1 312 555 0114,United States,Retail,1-10,Partner,MQL,Partnerships,2026-06-03,2026-09-27,Missing Industry,Enriched,Ready,No,100.0
CRM-001719,Brookside Studios,Ravi Brooks,ravi.brooks@brooksidestudios.example,+1 469 555 0133,United States,Media,201-1000,Website,Customer,Growth Ops,2026-06-03,2026-09-01,None,No Action Needed,Ready,No,100.0
CRM-001720,Sterling Capital,Sofia Kerr,sofia.kerr@sterlingcapital.example,+1 613 555 0189,Canada,Finance,1000+,Website,Customer,Partnerships,2026-06-03,2026-06-14,None,No Action Needed,Ready,No,100.0
CRM-001722,Marlow Security,Kai Brooks,kai.brooks@marlowsecurity.example,+1 480 555 0137,United States,Technology,201-1000,Website,Lead,Sales Ops,2026-06-04,2026-09-13,Missing Industry,Enriched,Ready,No,100.0
CRM-001723,Maple Industries,Marcus Tanaka,marcus.tanaka@mapleindustries.example,+1 425 555 0187,United States,Manufacturing,11-50,Website,Opportunity,Partnerships,2026-06-04,2026-09-19,Missing Industry,Enriched,Ready,No,100.0
CRM-001724,Valley Health,Isaac Sutton,isaac.sutton@valleyhealth.example,+1 602 555 0114,United States,Healthcare,201-1000,Event,Opportunity,Growth Ops,2026-06-04,2026-06-30,Company Casing,Standardized,Ready,No,100.0
CRM-001725,Prairie Solutions,Daniel Novak,daniel.novak@prairiesolutions.example,+1 514 555 0132,Canada,Technology,1000+,Outbound,Customer,Marketing Ops,2026-06-04,2026-09-28,None,No Action Needed,Ready,No,100.0
CRM-001726,Upland Consulting,Zara Delgado,zara.delgado@uplandconsulting.example,+1 516 555 0186,United States,Professional Services,11-50,Website,Customer,Sales Ops,2026-06-04,2026-09-01,None,No Action Needed,Ready,No,100.0
CRM-001727,Wexford Group,Theo Vaughn,theo.vaughn@wexfordgroup.example,+1 619 555 0109,United States,Professional Services,1-10,Outbound,Opportunity,Customer Success,2026-06-04,2026-09-12,None,No Action Needed,Ready,No,100.0
CRM-001728,Pinecrest Works,Isaac Carter,isaac.carter@pinecrestworks.example,+1 415 555 0141,United States,Manufacturing,11-50,Partner,Lead,Customer Success,2026-06-04,2026-07-10,None,No Action Needed,Ready,No,100.0
CRM-001729,Windmill Supply,Dylan Chandra,dylan.chandra@windmillsupply.example,+1 604 555 0145,Canada,Logistics,11-50,Website,Lead,Customer Success,2026-06-04,2026-09-04,None,No Action Needed,Ready,No,100.0
CRM-001731,Brightpath Pharma,Theo Mercer,theo.mercer@brightpathpharma.example,+1 858 555 0159,United States,Healthcare,51-200,Outbound,MQL,Marketing Ops,2026-06-05,2026-07-07,Missing Phone,Enriched,Ready,No,100.0
CRM-001732,Quill Packaging,Lena Barnes,lena.barnes@quillpackaging.example,+44 20 7946 0042,United Kingdom,Manufacturing,11-50,Webinar,Lead,Sales Ops,2026-06-05,2026-07-01,Phone Format,Standardized,Ready,No,100.0
CRM-001733,Brookside Works,Ella Reeves,ella.reeves@brooksideworks.example,+1 602 555 0101,United States,Manufacturing,1-10,Outbound,MQL,Partnerships,2026-06-05,2026-06-09,None,No Action Needed,Ready,No,100.0
CRM-001734,Raven Packaging,Jonah Lawson,jonah.lawson@ravenpackaging.example,+1 737 555 0151,United States,Manufacturing,1-10,Referral,Customer,Sales Ops,2026-06-05,2026-09-03,None,No Action Needed,Ready,No,100.0
CRM-001735,Clearwater Foods,Ines Pruitt,ines.pruitt@clearwaterfoods.example,+1 503 555 0164,United States,Retail,11-50,Event,Customer,Marketing Ops,2026-06-05,2026-07-31,None,No Action Needed,Ready,No,100.0
CRM-001736,Valley Systems,Ethan Everett,ethan.everett@valleysystems.example,+1 713 555 0196,United States,Technology,11-50,Referral,Customer,Sales Ops,2026-06-05,2026-07-16,Missing Email,Enriched,Ready,No,100.0
CRM-001738,Northstar Industries,Mira Okafor,mira.okafor@northstarindustries.example,+1 949 555 0185,United States,Manufacturing,11-50,Outbound,Customer,Customer Success,2026-06-06,2026-09-17,None,No Action Needed,Ready,No,100.0
CRM-001739,Orchard Works,Liam Reeves,liam.reeves@orchardworks.example,+1 512 555 0143,United States,Manufacturing,1-10,Website,Customer,Partnerships,2026-06-06,2026-07-27,None,No Action Needed,Ready,No,100.0
CRM-001740,Peakview Studios,Ravi Lawson,ravi.lawson@peakviewstudios.example,+1 503 555 0125,United States,Media,1-10,Outbound,SQL,Partnerships,2026-06-06,2026-09-20,None,No Action Needed,Ready,No,100.0
CRM-001741,Silverline Health,Isaac Rowe,isaac.rowe@silverlinehealth.example,+1 404 555 0130,United States,Healthcare,11-50,Webinar,SQL,Partnerships,2026-06-06,2026-07-16,Company Casing,Standardized,Ready,No,100.0
CRM-001742,Fernhill Services,Caleb Abbott,caleb.abbott@fernhillservices.example,+1 212 555 0153,United States,Professional Services,51-200,Referral,Lead,Partnerships,2026-06-06,2026-09-05,None,No Action Needed,Ready,No,100.0
CRM-001743,Jasper Travel,Theo Kerr,,+1 617 555 0125,United States,Logistics,201-1000,Event,Lead,Sales Ops,2026-06-06,2026-09-23,Invalid Email,Owner Follow-up,Needs Follow-up,Yes,87.5
CRM-001744,Lakeshore Cloud,Noah Lawson,noah.lawson@lakeshorecloud.example,+44 20 7946 0580,United Kingdom,Technology,11-50,Outbound,Customer,Partnerships,2026-06-06,2026-09-23,None,No Action Needed,Ready,No,100.0
CRM-001745,Bayview Foods,Mateo Kerr,mateo.kerr@bayviewfoods.example,+1 619 555 0159,United States,Retail,11-50,Outbound,MQL,Partnerships,2026-06-06,2026-09-22,None,No Action Needed,Ready,No,100.0
CRM-001746,Summit Pharma,Marcus Ellis,marcus.ellis@summitpharma.example,+1 737 555 0124,United States,Healthcare,11-50,Referral,Customer,Customer Success,2026-06-06,2026-08-18,None,No Action Needed,Ready,No,100.0
CRM-001747,Windmill Realty,Omar Tanaka,omar.tanaka@windmillrealty.example,+1 737 555 0175,United States,Professional Services,201-1000,Referral,SQL,Partnerships,2026-06-06,2026-09-07,None,No Action Needed,Ready,No,100.0
CRM-001748,Amberly Networks,Grace Rowe,grace.rowe@amberlynetworks.example,+1 480 555 0107,United States,Technology,11-50,Partner,SQL,Sales Ops,2026-06-07,2026-07-25,None,No Action Needed,Ready,No,100.0
CRM-001749,Beacon Logistics,Ella Keller,ella.keller@beaconlogistics.example,+1 628 555 0154,United States,Logistics,51-200,Event,Customer,Sales Ops,2026-06-07,2026-07-06,None,No Action Needed,Ready,No,100.0
CRM-001750,Unity Packaging,Ella Young,ella.young@unitypackaging.example,+1 720 555 0162,United States,Manufacturing,201-1000,Partner,MQL,Partnerships,2026-06-07,2026-09-15,None,No Action Needed,Ready,No,100.0
CRM-001751,Pembroke Energy,Mateo Quinn,mateo.quinn@pembrokeenergy.example,+1 619 555 0165,United States,Energy,51-200,Referral,Lead,Marketing Ops,2026-06-07,2026-07-04,None,No Action Needed,Ready,No,100.0
CRM-001752,BluePeak Marketing,Maya Shah,maya.shah@bluepeakmarketing.example,+1 617 555 0119,United States,Media,51-200,Website,MQL,Partnerships,2026-06-07,2026-07-22,None,No Action Needed,Ready,No,100.0
CRM-001753,Greenline Pharma,Ravi Gallo,ravi.gallo@greenlinepharma.example,+1 480 555 0139,United States,Healthcare,1-10,Partner,SQL,Partnerships,2026-06-07,2026-09-22,None,No Action Needed,Ready,No,100.0
CRM-001754,Riverside Motors,Lena Ortega,lena.ortega@riversidemotors.example,+1 858 555 0144,United States,Manufacturing,1-10,Outbound,MQL,Sales Ops,2026-06-07,2026-09-13,Missing Industry,Enriched,Ready,No,100.0
CRM-001755,Quill Travel,Ethan Jensen,ethan.jensen@quilltravel.example,+1 619 555 0160,United States,Logistics,11-50,Event,SQL,Customer Success,2026-06-07,2026-09-20,Company Casing,Standardized,Ready,No,100.0
CRM-001756,Vantage Education,Aaron Quinn,aaron.quinn@vantageeducation.example,+1 512 555 0125,United States,Education,1-10,Outbound,SQL,Marketing Ops,2026-06-07,2026-09-11,Phone Format,Standardized,Ready,No,100.0
CRM-001757,Oakridge Textiles,Victor Okafor,victor.okafor@oakridgetextiles.example,+1 813 555 0108,United States,Manufacturing,201-1000,Website,Lead,Partnerships,2026-06-07,2026-09-02,None,No Action Needed,Ready,No,100.0
CRM-001758,Clearwater Analytics,Hana Sutton,hana.sutton@clearwateranalytics.example,+1 646 555 0175,United States,Technology,1-10,Partner,Customer,Growth Ops,2026-06-07,2026-09-21,None,No Action Needed,Ready,No,100.0
CRM-001759,Vista Works,Rosa Young,rosa.young@vistaworks.example,+1 646 555 0185,United States,Manufacturing,51-200,Website,Lead,Growth Ops,2026-06-08,2026-08-08,None,No Action Needed,Ready,No,100.0
CRM-001760,Ironbridge Systems,Rosa Abbott,rosa.abbott@ironbridgesystems.example,+1 720 555 0107,United States,Technology,11-50,Event,Lead,Growth Ops,2026-06-08,2026-06-20,Missing Email,Enriched,Ready,No,100.0
CRM-001761,Quartz Education,Leah Foster,leah.foster@quartzeducation.example,+1 713 555 0193,United States,Education,11-50,Website,MQL,Growth Ops,2026-06-08,2026-08-30,None,No Action Needed,Ready,No,100.0
CRM-001762,Clearwater Systems,Jonah Carter,jonah.carter@clearwatersystems.example,+1 415 555 0117,United States,Technology,1-10,Webinar,MQL,Customer Success,2026-06-08,2026-08-31,Company Casing,Standardized,Ready,No,100.0
CRM-001763,Bridgewater Services,Grace Pruitt,grace.pruitt@bridgewaterservices.example,+1 404 555 0171,United States,Professional Services,51-200,Referral,Customer,Partnerships,2026-06-08,2026-09-09,None,No Action Needed,Ready,No,100.0
CRM-001764,Verdant Systems,Kai Fischer,kai.fischer@verdantsystems.example,+1 305 555 0195,United States,Technology,51-200,Event,Lead,Growth Ops,2026-06-08,2026-07-20,None,No Action Needed,Ready,No,100.0
CRM-001765,Unity Energy,Ravi Sutton,,+1 713 555 0140,United States,Energy,1-10,Outbound,SQL,Customer Success,2026-06-08,2026-08-03,Invalid Email,Owner Follow-up,Needs Follow-up,Yes,87.5
CRM-001766,Vista Staffing,Ava Jordan,ava.jordan@vistastaffing.example,+44 20 7946 0702,United Kingdom,Professional Services,201-1000,Event,SQL,Customer Success,2026-06-08,2026-07-05,None,No Action Needed,Ready,No,100.0
CRM-001767,Eastgate Analytics,Julia Irving,julia.irving@eastgateanalytics.example,+1 480 555 0118,United States,Technology,201-1000,Website,SQL,Sales Ops,2026-06-08,2026-09-18,Company Casing,Standardized,Ready,No,100.0
CRM-001768,Aspen Systems,Mira Ortega,mira.ortega@aspensystems.example,+1 720 555 0166,United States,Technology,11-50,Website,MQL,Sales Ops,2026-06-08,2026-09-19,Missing Email,Enriched,Ready,No,100.0
CRM-001769,Atlas Logistics,Daniel Hayes,daniel.hayes@atlaslogistics.example,+1 971 555 0123,United States,Logistics,11-50,Outbound,SQL,Customer Success,2026-06-08,2026-09-09,Missing Phone,Enriched,Ready,No,100.0
CRM-001770,Lakeshore Consulting,Ella Turner,ella.turner@lakeshoreconsulting.example,+1 415 555 0118,United States,Professional Services,11-50,Referral,Opportunity,Growth Ops,2026-06-08,2026-09-28,None,No Action Needed,Ready,No,100.0
CRM-001771,Quartz Cloud,Ravi Quinn,ravi.quinn@quartzcloud.example,+1 404 555 0149,United States,Technology,51-200,Webinar,SQL,Growth Ops,2026-06-08,2026-06-29,None,No Action Needed,Ready,No,100.0
CRM-001772,Ashford Motors,Hugo Lowe,hugo.lowe@ashfordmotors.example,+1 901 555 0181,United States,Manufacturing,11-50,Webinar,SQL,Customer Success,2026-06-08,2026-09-25,None,No Action Needed,Ready,No,100.0
CRM-001773,Keystone Capital,Maya Turner,maya.turner@keystonecapital.example,,United States,Finance,1-10,Website,MQL,Growth Ops,2026-06-08,2026-07-24,Missing Phone,Owner Follow-up,Needs Follow-up,Yes,87.5
CRM-001774,Indigo Finance,Lucas Pruitt,lucas.pruitt@indigofinance.example,+1 617 555 0115,United States,Finance,1-10,Event,Opportunity,Partnerships,2026-06-08,2026-08-14,None,No Action Needed,Ready,No,100.0
CRM-001775,Vista Networks,Owen Walsh,owen.walsh@vistanetworks.example,+1 503 555 0117,United States,Technology,51-200,Webinar,Customer,Marketing Ops,2026-06-08,2026-07-09,None,No Action Needed,Ready,No,100.0
CRM-001776,Eastgate Works,Lucas Pruitt,lucas.pruitt@eastgateworks.example,+1 713 555 0189,United States,Manufacturing,1-10,Event,Opportunity,Marketing Ops,2026-06-09,2026-07-07,None,No Action Needed,Ready,No,100.0
CRM-001777,Alder Education,Rosa Ellis,rosa.ellis@aldereducation.example,,United States,Education,1-10,Website,Lead,Growth Ops,2026-06-09,2026-09-25,Missing Phone,Owner Follow-up,Needs Follow-up,Yes,87.5
CRM-001778,Bridgewater Networks,Rosa Barnes,rosa.barnes@bridgewaternetworks.example,+1 628 555 0112,United States,Technology,1-10,Website,Lead,Partnerships,2026-06-09,2026-06-18,Duplicate Company,Merged,Ready,No,100.0
CRM-001779,Cascade Textiles,Julia Ortega,julia.ortega@cascadetextiles.example,+1 628 555 0110,United States,Manufacturing,1000+,Website,Lead,Growth Ops,2026-06-09,2026-08-12,None,No Action Needed,Ready,No,100.0
CRM-001780,Newport Travel,Victor Pruitt,victor.pruitt@newporttravel.example,+1 305 555 0165,United States,Logistics,201-1000,Webinar,Opportunity,Growth Ops,2026-06-09,2026-09-23,Phone Format,Standardized,Ready,No,100.0
CRM-001781,Riverside Insurance,Owen Shah,owen.shah@riversideinsurance.example,+1 425 555 0178,United States,Finance,1-10,Webinar,Lead,Customer Success,2026-06-09,2026-09-25,None,No Action Needed,Ready,No,100.0
CRM-001782,Juniper Health,Mira Jordan,,+1 480 555 0198,United States,Healthcare,11-50,Partner,MQL,Marketing Ops,2026-06-09,2026-09-11,Missing Email,Owner Follow-up,Needs Follow-up,Yes,87.5
CRM-001783,Dovetail Packaging,Nina Mercer,nina.mercer@dovetailpackaging.example,+1 469 555 0199,United States,Manufacturing,51-200,Partner,Lead,Marketing Ops,2026-06-09,2026-07-11,None,No Action Needed,Ready,No,100.0
CRM-001784,Stonebridge Marketing,Lena Everett,lena.everett@stonebridgemarketing.example,+1 512 555 0128,United States,Media,11-50,Referral,Customer,Growth Ops,2026-06-10,2026-09-19,Phone Format,Standardized,Ready,No,100.0
CRM-001785,Atlas Motors,Noah Patel,noah.patel@atlasmotors.example,+1 628 555 0192,United States,Manufacturing,11-50,Website,Lead,Customer Success,2026-06-10,2026-06-14,Missing Industry,Enriched,Ready,No,100.0
CRM-001786,Driftwood Motors,Clara Dawson,clara.dawson@driftwoodmotors.example,+1 901 555 0167,United States,Manufacturing,11-50,Outbound,Customer,Growth Ops,2026-06-10,2026-08-23,Duplicate Email,Merged,Ready,No,100.0
CRM-001787,Gladstone Foods,Ella Delgado,ella.delgado@gladstonefoods.example,+1 613 555 0193,Canada,Retail,11-50,Website,MQL,Sales Ops,2026-06-10,2026-07-03,None,No Action Needed,Ready,No,100.0
CRM-001788,Foxglove Services,Kai Grant,kai.grant@foxgloveservices.example,+1 604 555 0160,Canada,Professional Services,1-10,Referral,Lead,Partnerships,2026-06-10,2026-06-26,None,No Action Needed,Ready,No,100.0
CRM-001789,Peakview Realty,Hana Patel,hana.patel@peakviewrealty.example,+1 813 555 0137,United States,Professional Services,51-200,Outbound,Lead,Partnerships,2026-06-10,2026-08-13,None,No Action Needed,Ready,No,100.0
CRM-001790,Northgate Partners,Lucas Ivers,,+1 901 555 0131,United States,Professional Services,11-50,Outbound,Opportunity,Partnerships,2026-06-10,2026-07-22,Missing Email,Owner Follow-up,Needs Follow-up,Yes,87.5
CRM-001791,Larkspur Pharma,Hana Quinn,hana.quinn@larkspurpharma.example,+1 206 555 0191,United States,Healthcare,11-50,Partner,Opportunity,Marketing Ops,2026-06-10,2026-07-17,Missing Phone,Enriched,Ready,No,100.0
CRM-001792,Trailhead Insurance,Dylan Mercer,dylan.mercer@trailheadinsurance.example,+1 312 555 0160,United States,Finance,11-50,Event,SQL,Partnerships,2026-06-10,2026-07-06,None,No Action Needed,Ready,No,100.0
CRM-001793,Birchwood Travel,Daniel Rowe,daniel.rowe@birchwoodtravel.example,+1 469 555 0118,United States,Logistics,51-200,Website,Lead,Sales Ops,2026-06-10,2026-09-14,None,No Action Needed,Ready,No,100.0
CRM-001794,BluePeak Design,Hugo Quinn,hugo.quinn@bluepeakdesign.example,+1 512 555 0151,United States,Media,51-200,Referral,Lead,Partnerships,2026-06-10,2026-09-19,None,No Action Needed,Ready,No,100.0
CRM-001795,Tamarack Education,Zara Dawson,zara.dawson@tamarackeducation.example,+1 415 555 0154,United States,Education,1-10,Website,SQL,Customer Success,2026-06-11,2026-08-05,None,No Action Needed,Ready,No,100.0
CRM-001796,Brightpath Design,Sofia Abbott,sofia.abbott@brightpathdesign.example,+1 206 555 0104,United States,Media,11-50,Referral,Opportunity,Marketing Ops,2026-06-11,2026-08-08,None,No Action Needed,Ready,No,100.0
CRM-001797,Jasper Textiles,Leah Quinn,leah.quinn@jaspertextiles.example,+1 516 555 0117,United States,Manufacturing,51-200,Website,MQL,Partnerships,2026-06-11,2026-07-24,Missing Industry,Enriched,Ready,No,100.0
CRM-001798,Tidewater Studios,Julia Ivers,julia.ivers@tidewaterstudios.example,+1 469 555 0161,United States,Media,201-1000,Outbound,Opportunity,Sales Ops,2026-06-11,2026-09-24,None,No Action Needed,Ready,No,100.0
CRM-001799,Oakridge Solutions,Kai Tanaka,,+1 737 555 0110,United States,Technology,1-10,Website,SQL,Growth Ops,2026-06-11,2026-08-14,Invalid Email,Owner Follow-up,Needs Follow-up,Yes,87.5
CRM-001800,Gladstone Supply,Aaron Mercer,aaron.mercer@gladstonesupply.example,+1 617 555 0157,United States,Logistics,11-50,Event,Opportunity,Growth Ops,2026-06-11,2026-07-02,None,No Action Needed,Ready,No,100.0
CRM-001801,Brightpath Partners,Tessa Ellis,tessa.ellis@brightpathpartners.example,+1 480 555 0133,United States,Professional Services,51-200,Referral,Customer,Growth Ops,2026-06-11,2026-07-03,None,No Action Needed,Ready,No,100.0
CRM-001802,Orchard Retail,Mira Lawson,mira.lawson@orchardretail.example,+1 415 555 0160,United States,Retail,1-10,Website,MQL,Marketing Ops,2026-06-11,2026-07-16,None,No Action Needed,Ready,No,100.0
CRM-001803,Ironwood Design,Dylan Rowe,dylan.rowe@ironwooddesign.example,+44 20 7946 0991,United Kingdom,Media,1-10,Event,Customer,Marketing Ops,2026-06-11,2026-07-26,None,No Action Needed,Ready,No,100.0
CRM-001804,Vantage Packaging,Naomi Hartley,naomi.hartley@vantagepackaging.example,+44 20 7946 0212,United Kingdom,Manufacturing,11-50,Website,Opportunity,Customer Success,2026-06-11,2026-06-22,None,No Action Needed,Ready,No,100.0
CRM-001805,Pioneer Analytics,Liam Grant,liam.grant@pioneeranalytics.example,+1 737 555 0177,United States,Technology,11-50,Website,Lead,Sales Ops,2026-06-11,2026-06-22,None,No Action Needed,Ready,No,100.0
CRM-001806,Eastgate Networks,Omar Rowe,omar.rowe@eastgatenetworks.example,+1 925 555 0138,United States,Technology,201-1000,Website,Lead,Growth Ops,2026-06-11,2026-09-24,None,No Action Needed,Ready,No,100.0
CRM-001807,Ironwood Solutions,Daniel Rowe,daniel.rowe@ironwoodsolutions.example,+1 949 555 0148,United States,Technology,1-10,Outbound,Lead,Partnerships,2026-06-11,2026-09-01,None,No Action Needed,Ready,No,100.0
CRM-001808,Umber Travel,Nina Morgan,nina.morgan@umbertravel.example,+1 312 555 0194,United States,Logistics,11-50,Partner,SQL,Marketing Ops,2026-06-11,2026-06-27,Phone Format,Standardized,Ready,No,100.0
CRM-001809,Thornfield Supply,Kai Pruitt,kai.pruitt@thornfieldsupply.example,+1 702 555 0186,United States,Logistics,1000+,Event,MQL,Sales Ops,2026-06-11,2026-06-27,None,No Action Needed,Ready,No,100.0
CRM-001810,Northstar Realty,Theo Shah,theo.shah@northstarrealty.example,+44 20 7946 0714,United Kingdom,Professional Services,1000+,Outbound,SQL,Partnerships,2026-06-11,2026-07-20,None,No Action Needed,Ready,No,100.0
CRM-001811,Elmwood Capital,Nina Sutton,nina.sutton@elmwoodcapital.example,+1 516 555 0129,United States,Finance,11-50,Outbound,Lead,Sales Ops,2026-06-11,2026-06-11,None,No Action Needed,Ready,No,100.0
CRM-001812,Cobalt Software,Aaron Ellis,aaron.ellis@cobaltsoftware.example,+1 469 555 0101,United States,Technology,51-200,Website,Lead,Growth Ops,2026-06-11,2026-08-06,None,No Action Needed,Ready,No,100.0
CRM-001813,Clearwater Security,Victor Gallo,,+1 206 555 0164,United States,Technology,11-50,Event,Lead,Marketing Ops,2026-06-12,2026-08-20,Missing Email,Owner Follow-up,Needs Follow-up,Yes,87.5
CRM-001814,Millbrook Industries,Ethan Gallo,ethan.gallo@millbrookindustries.example,+1 416 555 0124,Canada,Manufacturing,201-1000,Partner,Lead,Partnerships,2026-06-12,2026-08-21,None,No Action Needed,Ready,No,100.0
CRM-001815,Willow Solutions,Caleb Jordan,caleb.jordan@willowsolutions.example,+1 480 555 0129,United States,Technology,11-50,Referral,Lead,Marketing Ops,2026-06-12,2026-07-29,None,No Action Needed,Ready,No,100.0
CRM-001816,Quartz Group,Ella Brooks,ella.brooks@quartzgroup.example,+1 469 555 0135,United States,Professional Services,1-10,Referral,MQL,Customer Success,2026-06-12,2026-08-16,None,No Action Needed,Ready,No,100.0
CRM-001817,Millbrook Energy,Ravi Ivers,ravi.ivers@millbrookenergy.example,+1 312 555 0142,United States,Energy,11-50,Outbound,MQL,Growth Ops,2026-06-12,2026-09-16,None,No Action Needed,Ready,No,100.0
CRM-001818,Brookside Foods,Theo Lawson,theo.lawson@brooksidefoods.example,+1 425 555 0123,United States,Retail,51-200,Website,Customer,Marketing Ops,2026-06-12,2026-08-10,Phone Format,Standardized,Ready,No,100.0
CRM-001819,Ulster Textiles,Zara Pruitt,zara.pruitt@ulstertextiles.example,+44 20 7946 0747,United Kingdom,Manufacturing,51-200,Website,Customer,Sales Ops,2026-06-12,2026-09-08,None,No Action Needed,Ready,No,100.0
CRM-001820,Crestview Design,Aaron Patel,aaron.patel@crestviewdesign.example,+1 310 555 0161,United States,Media,11-50,Website,Opportunity,Customer Success,2026-06-12,2026-06-21,None,No Action Needed,Ready,No,100.0
CRM-001821,Cascade Solutions,Hugo Ivers,hugo.ivers@cascadesolutions.example,+1 628 555 0179,United States,Technology,11-50,Webinar,Opportunity,Sales Ops,2026-06-12,2026-09-24,None,No Action Needed,Ready,No,100.0
CRM-001822,Bayview Group,Owen Nolan,owen.nolan@bayviewgroup.example,+1 702 555 0150,United States,Professional Services,1000+,Website,Opportunity,Growth Ops,2026-06-12,2026-07-27,None,No Action Needed,Ready,No,100.0
CRM-001823,Sable Education,Omar Vaughn,omar.vaughn@sableeducation.example,+1 303 555 0167,United States,Education,51-200,Website,Opportunity,Customer Success,2026-06-13,2026-09-09,None,No Action Needed,Ready,No,100.0
CRM-001824,Vantage Finance,Theo Morgan,theo.morgan@vantagefinance.example,+1 702 555 0146,United States,Finance,11-50,Website,SQL,Partnerships,2026-06-13,2026-08-08,None,No Action Needed,Ready,No,100.0
CRM-001825,Greenline Packaging,Owen Vaughn,owen.vaughn@greenlinepackaging.example,+1 425 555 0142,United States,Manufacturing,11-50,Event,Customer,Marketing Ops,2026-06-13,2026-09-07,Phone Format,Standardized,Ready,No,100.0
CRM-001826,Vantage Staffing,Mira Turner,mira.turner@vantagestaffing.example,+1 619 555 0178,United States,Professional Services,1-10,Website,Customer,Marketing Ops,2026-06-13,2026-08-19,None,No Action Needed,Ready,No,100.0
CRM-001827,Skyline Marketing,Nina Gallo,nina.gallo@skylinemarketing.example,+1 720 555 0101,United States,Media,11-50,Outbound,Customer,Partnerships,2026-06-13,2026-09-09,Duplicate Email,Merged,Ready,No,100.0
CRM-001828,Orchard Logistics,Owen Foster,owen.foster@orchardlogistics.example,+1 617 555 0142,United States,Logistics,11-50,Referral,MQL,Growth Ops,2026-06-13,2026-07-16,None,No Action Needed,Ready,No,100.0
CRM-001829,Bridgewater Health,Ethan Hayes,ethan.hayes@bridgewaterhealth.example,+44 20 7946 0669,United Kingdom,Healthcare,11-50,Website,Opportunity,Partnerships,2026-06-13,2026-07-18,None,No Action Needed,Ready,No,100.0
CRM-001830,Lakeshore Labs,Ethan Abbott,ethan.abbott@lakeshorelabs.example,+1 514 555 0103,Canada,Technology,51-200,Referral,Opportunity,Partnerships,2026-06-13,2026-09-13,None,No Action Needed,Ready,No,100.0
CRM-001831,Kestrel Industries,Victor Keller,victor.keller@kestrelindustries.example,+1 917 555 0197,United States,Manufacturing,11-50,Referral,MQL,Customer Success,2026-06-13,2026-09-22,None,No Action Needed,Ready,No,100.0
CRM-001832,Norwood Foods,Jonah Everett,jonah.everett@norwoodfoods.example,+1 303 555 0140,United States,Retail,51-200,Referral,Opportunity,Growth Ops,2026-06-13,2026-07-05,None,No Action Needed,Ready,No,100.0
CRM-001833,Silverline Capital,Amara Morgan,amara.morgan@silverlinecapital.example,+1 416 555 0111,Canada,Finance,1-10,Referral,SQL,Growth Ops,2026-06-13,2026-08-11,None,No Action Needed,Ready,No,100.0
CRM-001834,Tidewater Consulting,Ravi Mercer,ravi.mercer@tidewaterconsulting.example,+1 713 555 0198,United States,Professional Services,1-10,Referral,MQL,Partnerships,2026-06-14,2026-08-08,Missing Industry,Enriched,Ready,No,100.0
CRM-001835,Birchwood Solutions,Ava Ellis,,+1 303 555 0161,United States,Technology,201-1000,Website,MQL,Partnerships,2026-06-14,2026-09-18,Missing Email,Owner Follow-up,Needs Follow-up,Yes,87.5
CRM-001836,Kestrel Foods,Julia Abbott,julia.abbott@kestrelfoods.example,+1 312 555 0129,United States,Retail,201-1000,Outbound,Lead,Growth Ops,2026-06-14,2026-09-17,None,No Action Needed,Ready,No,100.0
CRM-001837,Ulster Industries,Mira Ellis,mira.ellis@ulsterindustries.example,,United States,Manufacturing,1-10,Website,Lead,Customer Success,2026-06-14,2026-09-20,Missing Phone,Owner Follow-up,Needs Follow-up,Yes,87.5
CRM-001838,Linden Retail,Omar Lawson,omar.lawson@lindenretail.example,+1 646 555 0126,United States,Retail,11-50,Partner,Customer,Partnerships,2026-06-14,2026-08-04,None,No Action Needed,Ready,No,100.0
CRM-001839,Pioneer Robotics,Lena Pruitt,lena.pruitt@pioneerrobotics.example,+1 312 555 0164,United States,Technology,11-50,Partner,Lead,Partnerships,2026-06-14,2026-06-19,Missing Phone,Enriched,Ready,No,100.0
CRM-001840,Atlas Works,Ava Hayes,ava.hayes@atlasworks.example,+1 305 555 0129,United States,Manufacturing,1000+,Outbound,Opportunity,Marketing Ops,2026-06-14,2026-08-07,None,No Action Needed,Ready,No,100.0
CRM-001841,Granite Education,Lena Patel,lena.patel@graniteeducation.example,+1 858 555 0175,United States,Education,11-50,Website,MQL,Sales Ops,2026-06-14,2026-07-12,Company Casing,Standardized,Ready,No,100.0
CRM-001842,Highland Capital,Felix Gallo,felix.gallo@highlandcapital.example,,United States,Finance,1-10,Webinar,Customer,Marketing Ops,2026-06-14,2026-08-23,Missing Phone,Owner Follow-up,Needs Follow-up,Yes,87.5
CRM-001843,Pioneer Retail,Daniel Gallo,daniel.gallo@pioneerretail.example,+1 901 555 0122,United States,Retail,11-50,Outbound,MQL,Growth Ops,2026-06-14,2026-08-19,None,No Action Needed,Ready,No,100.0
CRM-001844,Fernhill Finance,Isaac Walsh,isaac.walsh@fernhillfinance.example,+1 858 555 0125,United States,Finance,1-10,Partner,Customer,Marketing Ops,2026-06-14,2026-09-03,None,No Action Needed,Ready,No,100.0
CRM-001845,Gladstone Group,Nina Abbott,nina.abbott@gladstonegroup.example,+1 425 555 0139,United States,Professional Services,1-10,Website,Lead,Growth Ops,2026-06-14,2026-06-23,None,No Action Needed,Ready,No,100.0
CRM-001846,BluePeak Media,Amara Reeves,amara.reeves@bluepeakmedia.example,+1 514 555 0137,Canada,Media,1-10,Outbound,Customer,Marketing Ops,2026-06-15,2026-09-25,None,No Action Needed,Ready,No,100.0
CRM-001847,Tamarack Energy,Owen Delgado,owen.delgado@tamarackenergy.example,,United States,Energy,1000+,Outbound,Customer,Partnerships,2026-06-15,2026-07-12,Missing Phone,Owner Follow-up,Needs Follow-up,Yes,87.5
CRM-001848,Vantage Partners,Felix Morgan,felix.morgan@vantagepartners.example,+1 415 555 0151,United States,Professional Services,11-50,Website,MQL,Partnerships,2026-06-15,2026-06-19,None,No Action Needed,Ready,No,100.0
CRM-001849,BluePeak Foods,Lena Abbott,lena.abbott@bluepeakfoods.example,+1 212 555 0131,United States,Retail,51-200,Event,Lead,Customer Success,2026-06-15,2026-08-23,Company Casing,Standardized,Ready,No,100.0
CRM-001850,Meridian Finance,Jonah Jordan,jonah.jordan@meridianfinance.example,,United States,Finance,11-50,Outbound,SQL,Growth Ops,2026-06-15,2026-08-11,Missing Phone,Owner Follow-up,Needs Follow-up,Yes,87.5
CRM-001851,Brightpath Media,Daniel Abbott,daniel.abbott@brightpathmedia.example,+1 469 555 0179,United States,Media,51-200,Partner,Lead,Customer Success,2026-06-15,2026-08-22,None,No Action Needed,Ready,No,100.0
CRM-001852,Foxglove Group,Priya Ellis,priya.ellis@foxglovegroup.example,+44 20 7946 0631,United Kingdom,Professional Services,201-1000,Referral,Lead,Partnerships,2026-06-15,2026-08-24,None,No Action Needed,Ready,No,100.0
CRM-001853,Zephyr Packaging,Clara Patel,clara.patel@zephyrpackaging.example,+1 514 555 0182,Canada,Manufacturing,1-10,Website,MQL,Sales Ops,2026-06-15,2026-08-07,None,No Action Needed,Ready,No,100.0
CRM-001854,Redwood Analytics,Amara Hartley,amara.hartley@redwoodanalytics.example,+1 602 555 0175,United States,Technology,11-50,Website,MQL,Sales Ops,2026-06-15,2026-07-06,Missing Phone,Enriched,Ready,No,100.0
CRM-001855,Ironwood Supply,Ines Novak,ines.novak@ironwoodsupply.example,+1 310 555 0116,United States,Logistics,1-10,Event,Customer,Customer Success,2026-06-15,2026-07-29,None,No Action Needed,Ready,No,100.0
CRM-001856,Millbrook Group,Lena Ivers,lena.ivers@millbrookgroup.example,+1 613 555 0117,Canada,Professional Services,1-10,Outbound,MQL,Sales Ops,2026-06-15,2026-06-28,None,No Action Needed,Ready,No,100.0
CRM-001857,Juniper Networks,Mira Quinn,mira.quinn@junipernetworks.example,+1 925 555 0102,United States,Technology,1-10,Outbound,Opportunity,Partnerships,2026-06-16,2026-09-06,None,No Action Needed,Ready,No,100.0
CRM-001858,Fairview Group,Ella Abbott,ella.abbott@fairviewgroup.example,+1 303 555 0188,United States,Professional Services,1-10,Referral,Customer,Sales Ops,2026-06-16,2026-08-06,None,No Action Needed,Ready,No,100.0
CRM-001859,Yarrow Energy,Noah Shah,noah.shah@yarrowenergy.example,+1 512 555 0138,United States,Energy,11-50,Event,MQL,Growth Ops,2026-06-16,2026-07-21,None,No Action Needed,Ready,No,100.0
CRM-001860,Ironbridge Capital,Naomi Hartley,naomi.hartley@ironbridgecapital.example,+1 480 555 0183,United States,Finance,11-50,Partner,SQL,Customer Success,2026-06-16,2026-06-29,Phone Format,Standardized,Ready,No,100.0
CRM-001861,Marlow Retail,Marcus Patel,marcus.patel@marlowretail.example,+1 310 555 0125,United States,Retail,11-50,Webinar,MQL,Marketing Ops,2026-06-16,2026-08-16,Phone Format,Standardized,Ready,No,100.0
CRM-001862,Tidewater Analytics,Omar Ivers,omar.ivers@tidewateranalytics.example,+1 702 555 0101,United States,Technology,1-10,Event,Lead,Customer Success,2026-06-16,2026-09-09,Phone Format,Standardized,Ready,No,100.0
CRM-001863,Hollis Networks,Ella Hayes,ella.hayes@hollisnetworks.example,+1 617 555 0132,United States,Technology,201-1000,Referral,Lead,Sales Ops,2026-06-16,2026-08-26,None,No Action Needed,Ready,No,100.0
CRM-001864,Newport Insurance,Alicia Hartley,alicia.hartley@newportinsurance.example,+1 480 555 0126,United States,Finance,51-200,Outbound,MQL,Sales Ops,2026-06-16,2026-07-06,None,No Action Needed,Ready,No,100.0
CRM-001865,Horizon Partners,Daniel Hayes,daniel.hayes@horizonpartners.example,+1 628 555 0164,United States,Professional Services,11-50,Event,Customer,Marketing Ops,2026-06-16,2026-07-06,None,No Action Needed,Ready,No,100.0
CRM-001866,Sable Studios,Caleb Keller,caleb.keller@sablestudios.example,+1 206 555 0173,United States,Media,11-50,Referral,Lead,Marketing Ops,2026-06-16,2026-07-20,None,No Action Needed,Ready,No,100.0
CRM-001867,Goldcrest Education,Isaac Jensen,isaac.jensen@goldcresteducation.example,+1 415 555 0164,United States,Education,1-10,Webinar,MQL,Marketing Ops,2026-06-16,2026-07-25,Company Casing,Standardized,Ready,No,100.0
CRM-001868,Pinecrest Motors,Jonah Reeves,jonah.reeves@pinecrestmotors.example,+1 310 555 0142,United States,Manufacturing,51-200,Referral,Opportunity,Marketing Ops,2026-06-16,2026-09-10,None,No Action Needed,Ready,No,100.0
CRM-001869,Willow Industries,Owen Foster,owen.foster@willowindustries.example,+1 925 555 0117,United States,Manufacturing,11-50,Webinar,Customer,Partnerships,2026-06-17,2026-09-19,Phone Format,Standardized,Ready,No,100.0
CRM-001870,Aspen Works,Owen Walsh,owen.walsh@aspenworks.example,+1 713 555 0188,United States,Manufacturing,1000+,Website,Lead,Customer Success,2026-06-17,2026-08-05,Phone Format,Standardized,Ready,No,100.0
CRM-001871,Olive Partners,Ines Grant,ines.grant@olivepartners.example,+1 604 555 0155,Canada,Professional Services,1-10,Webinar,Lead,Customer Success,2026-06-17,2026-08-25,None,No Action Needed,Ready,No,100.0
CRM-001872,Millbrook Networks,Clara Vaughn,clara.vaughn@millbrooknetworks.example,+1 305 555 0157,United States,Technology,11-50,Outbound,Opportunity,Growth Ops,2026-06-17,2026-08-21,None,No Action Needed,Ready,No,100.0
CRM-001873,Granite Cloud,Rosa Fischer,rosa.fischer@granitecloud.example,+1 416 555 0123,Canada,Technology,1-10,Partner,Customer,Partnerships,2026-06-17,2026-09-13,None,No Action Needed,Ready,No,100.0
CRM-001874,Ashford Networks,Hana Vaughn,hana.vaughn@ashfordnetworks.example,,United States,Technology,201-1000,Referral,Lead,Customer Success,2026-06-17,2026-07-23,Missing Phone,Owner Follow-up,Needs Follow-up,Yes,87.5
CRM-001875,Granite Networks,Julia Walsh,julia.walsh@granitenetworks.example,+1 737 555 0101,United States,Technology,51-200,Referral,MQL,Marketing Ops,2026-06-18,2026-09-27,Duplicate Company,Merged,Ready,No,100.0
CRM-001876,Dovetail Security,Mateo Delgado,mateo.delgado@dovetailsecurity.example,+1 713 555 0194,United States,Technology,11-50,Website,Lead,Partnerships,2026-06-18,2026-08-15,Missing Phone,Enriched,Ready,No,100.0
CRM-001877,Zenith Capital,Maya Patel,maya.patel@zenithcapital.example,+1 813 555 0162,United States,Finance,51-200,Website,Customer,Growth Ops,2026-06-18,2026-09-28,None,No Action Needed,Ready,No,100.0
CRM-001878,Sterling Works,Felix Everett,felix.everett@sterlingworks.example,+1 206 555 0127,United States,Manufacturing,201-1000,Outbound,SQL,Customer Success,2026-06-18,2026-07-24,Phone Format,Standardized,Ready,No,100.0
CRM-001879,Oakridge Partners,Kai Morgan,kai.morgan@oakridgepartners.example,+1 613 555 0172,Canada,Professional Services,1-10,Website,Customer,Sales Ops,2026-06-18,2026-09-09,None,No Action Needed,Ready,No,100.0
CRM-001880,Norwood Consulting,Nina Delgado,nina.delgado@norwoodconsulting.example,+1 628 555 0176,United States,Professional Services,1000+,Partner,SQL,Marketing Ops,2026-06-18,2026-07-28,None,No Action Needed,Ready,No,100.0
CRM-001881,Pinecrest Industries,Ethan Vaughn,ethan.vaughn@pinecrestindustries.example,,United States,Manufacturing,11-50,Event,MQL,Marketing Ops,2026-06-18,2026-08-02,Missing Phone,Owner Follow-up,Needs Follow-up,Yes,87.5
CRM-001882,BluePeak Partners,Ella Keller,ella.keller@bluepeakpartners.example,+1 206 555 0133,United States,Professional Services,11-50,Website,Lead,Growth Ops,2026-06-18,2026-09-28,Phone Format,Standardized,Ready,No,100.0
CRM-001883,Foxglove Capital,Daniel Patel,,+44 20 7946 0717,United Kingdom,Finance,11-50,Outbound,Lead,Customer Success,2026-06-18,2026-06-25,Invalid Email,Owner Follow-up,Needs Follow-up,Yes,87.5
CRM-001884,Kingfisher Robotics,Ethan Everett,ethan.everett@kingfisherrobotics.example,+1 512 555 0181,United States,Technology,1-10,Webinar,Customer,Growth Ops,2026-06-18,2026-09-24,None,No Action Needed,Ready,No,100.0
CRM-001885,Ashford Travel,Isaac Irving,,+1 813 555 0178,United States,Logistics,11-50,Website,SQL,Marketing Ops,2026-06-18,2026-08-15,Missing Email,Owner Follow-up,Needs Follow-up,Yes,87.5
CRM-001886,Highland Pharma,Aaron Carter,aaron.carter@highlandpharma.example,+1 425 555 0163,United States,Healthcare,1-10,Website,Lead,Partnerships,2026-06-18,2026-08-27,None,No Action Needed,Ready,No,100.0
CRM-001887,Birchwood Labs,Tessa Keller,tessa.keller@birchwoodlabs.example,+1 813 555 0111,United States,Technology,1-10,Website,SQL,Partnerships,2026-06-18,2026-09-09,None,No Action Needed,Ready,No,100.0
CRM-001889,Oxbow Energy,Maya Nolan,maya.nolan@oxbowenergy.example,+1 628 555 0134,United States,Energy,1000+,Event,Lead,Growth Ops,2026-06-19,2026-07-04,None,No Action Needed,Ready,No,100.0
CRM-001890,Yarrow Marketing,Ines Hayes,ines.hayes@yarrowmarketing.example,+1 415 555 0113,United States,Media,1-10,Referral,SQL,Customer Success,2026-06-19,2026-09-12,None,No Action Needed,Ready,No,100.0
CRM-001891,Beacon Works,Mira Jensen,mira.jensen@beaconworks.example,+1 503 555 0134,United States,Manufacturing,1-10,Website,MQL,Sales Ops,2026-06-19,2026-07-16,None,No Action Needed,Ready,No,100.0
CRM-001892,Indigo Pharma,Lucas Pruitt,lucas.pruitt@indigopharma.example,+1 469 555 0146,United States,Healthcare,51-200,Referral,MQL,Customer Success,2026-06-19,2026-06-20,None,No Action Needed,Ready,No,100.0
CRM-001893,Hollis Staffing,Zara Chandra,zara.chandra@hollisstaffing.example,+1 404 555 0162,United States,Professional Services,1-10,Website,Customer,Sales Ops,2026-06-19,2026-07-28,Phone Format,Standardized,Ready,No,100.0
CRM-001894,Newport Capital,Amara Turner,amara.turner@newportcapital.example,+1 646 555 0109,United States,Finance,1-10,Website,Lead,Marketing Ops,2026-06-19,2026-09-15,None,No Action Needed,Ready,No,100.0
CRM-001895,Vantage Capital,Dylan Tanaka,dylan.tanaka@vantagecapital.example,+44 20 7946 0943,United Kingdom,Finance,51-200,Outbound,Lead,Partnerships,2026-06-19,2026-09-14,Phone Format,Standardized,Ready,No,100.0
CRM-001896,Northstar Software,Jonah Shah,jonah.shah@northstarsoftware.example,+1 613 555 0112,Canada,Technology,51-200,Event,MQL,Partnerships,2026-06-19,2026-08-19,None,No Action Needed,Ready,No,100.0
CRM-001897,Aspen Consulting,Jonah Carter,jonah.carter@aspenconsulting.example,+1 305 555 0149,United States,Professional Services,51-200,Event,Lead,Sales Ops,2026-06-20,2026-07-11,None,No Action Needed,Ready,No,100.0
CRM-001898,Rosewood Software,Lucas Fischer,lucas.fischer@rosewoodsoftware.example,+1 312 555 0174,United States,Technology,11-50,Outbound,Lead,Sales Ops,2026-06-20,2026-09-24,None,No Action Needed,Ready,No,100.0
CRM-001899,Norwood Logistics,Mira Gallo,mira.gallo@norwoodlogistics.example,+1 469 555 0169,United States,Logistics,11-50,Outbound,MQL,Customer Success,2026-06-20,2026-07-01,None,No Action Needed,Ready,No,100.0
CRM-001900,Fairview Systems,Alicia Brooks,alicia.brooks@fairviewsystems.example,+1 312 555 0172,United States,Technology,11-50,Referral,Customer,Sales Ops,2026-06-20,2026-08-21,Phone Format,Standardized,Ready,No,100.0
CRM-001901,Stonebridge Foods,Hugo Grant,hugo.grant@stonebridgefoods.example,+1 813 555 0161,United States,Retail,1-10,Website,Lead,Sales Ops,2026-06-20,2026-09-21,None,No Action Needed,Ready,No,100.0
CRM-001902,Amberly Pharma,Felix Hayes,felix.hayes@amberlypharma.example,+1 303 555 0116,United States,Healthcare,51-200,Event,MQL,Customer Success,2026-06-20,2026-06-22,None,No Action Needed,Ready,No,100.0
CRM-001903,Northstar Packaging,Ravi Nolan,ravi.nolan@northstarpackaging.example,+1 312 555 0175,United States,Manufacturing,1-10,Webinar,MQL,Sales Ops,2026-06-20,2026-08-17,None,No Action Needed,Ready,No,100.0
CRM-001904,Oxbow Industries,Kai Walsh,kai.walsh@oxbowindustries.example,+1 212 555 0175,United States,Manufacturing,201-1000,Referral,SQL,Marketing Ops,2026-06-20,2026-08-06,None,No Action Needed,Ready,No,100.0
CRM-001905,Olive Labs,Theo Lowe,theo.lowe@olivelabs.example,+1 480 555 0161,United States,Technology,1-10,Outbound,Opportunity,Growth Ops,2026-06-20,2026-07-24,Missing Industry,Enriched,Ready,No,100.0
CRM-001906,Zenith Industries,Sofia Foster,sofia.foster@zenithindustries.example,+1 516 555 0142,United States,Manufacturing,11-50,Website,SQL,Marketing Ops,2026-06-20,2026-07-22,None,No Action Needed,Ready,No,100.0
CRM-001907,Skyline Media,Dylan Ortega,dylan.ortega@skylinemedia.example,+1 901 555 0146,United States,Media,1-10,Webinar,MQL,Growth Ops,2026-06-20,2026-09-09,None,No Action Needed,Ready,No,100.0
CRM-001909,Crestview Travel,Ines Ortega,ines.ortega@crestviewtravel.example,+1 303 555 0159,United States,Logistics,1-10,Website,SQL,Growth Ops,2026-06-21,2026-09-13,None,No Action Needed,Ready,No,100.0
CRM-001910,Harbor Services,Ava Fischer,ava.fischer@harborservices.example,+44 20 7946 0447,United Kingdom,Professional Services,1-10,Referral,Customer,Marketing Ops,2026-06-21,2026-07-10,None,No Action Needed,Ready,No,100.0
CRM-001911,Falcon Retail,Naomi Ivers,naomi.ivers@falconretail.example,+1 469 555 0114,United States,Retail,51-200,Outbound,Lead,Marketing Ops,2026-06-21,2026-08-10,Missing Phone,Enriched,Ready,No,100.0
CRM-001912,Fairview Media,Naomi Irving,naomi.irving@fairviewmedia.example,+1 813 555 0166,United States,Media,11-50,Website,SQL,Growth Ops,2026-06-21,2026-06-23,None,No Action Needed,Ready,No,100.0
CRM-001913,Summit Security,Marcus Ellis,marcus.ellis@summitsecurity.example,+1 469 555 0154,United States,Technology,11-50,Website,Lead,Sales Ops,2026-06-21,2026-09-20,None,No Action Needed,Ready,No,100.0
CRM-001914,Summit Capital,Sofia Quinn,,+1 917 555 0158,United States,Finance,1000+,Outbound,Lead,Sales Ops,2026-06-21,2026-09-09,Missing Email,Owner Follow-up,Needs Follow-up,Yes,87.5
CRM-001915,Raven Energy,Priya Foster,priya.foster@ravenenergy.example,+1 901 555 0106,United States,Energy,11-50,Event,Lead,Partnerships,2026-06-21,2026-09-15,None,No Action Needed,Ready,No,100.0
CRM-001916,Northgate Motors,Tessa Lowe,tessa.lowe@northgatemotors.example,+1 971 555 0163,United States,Manufacturing,51-200,Outbound,SQL,Partnerships,2026-06-21,2026-09-14,None,No Action Needed,Ready,No,100.0
CRM-001917,Stonebridge Cloud,Felix Gallo,felix.gallo@stonebridgecloud.example,+1 310 555 0191,United States,,11-50,Website,Opportunity,Marketing Ops,2026-06-21,2026-06-30,Missing Industry,Owner Follow-up,Needs Follow-up,Yes,87.5
CRM-001918,Yarrow Packaging,Lena Hartley,lena.hartley@yarrowpackaging.example,+1 469 555 0177,United States,Manufacturing,1000+,Event,SQL,Growth Ops,2026-06-21,2026-09-07,Phone Format,Standardized,Ready,No,100.0
CRM-001921,Thornfield Retail,Felix Shah,felix.shah@thornfieldretail.example,+1 416 555 0151,Canada,Retail,11-50,Referral,Opportunity,Partnerships,2026-06-22,2026-09-22,None,No Action Needed,Ready,No,100.0
CRM-001922,Aspen Finance,Maya Fischer,maya.fischer@aspenfinance.example,+44 20 7946 0616,United Kingdom,Finance,11-50,Webinar,Lead,Customer Success,2026-06-22,2026-08-05,None,No Action Needed,Ready,No,100.0
CRM-001923,Nimbus Solutions,Ravi Ivers,ravi.ivers@nimbussolutions.example,+44 20 7946 0469,United Kingdom,Technology,51-200,Website,Lead,Partnerships,2026-06-22,2026-07-16,Phone Format,Standardized,Ready,No,100.0
CRM-001924,Horizon Robotics,Liam Pruitt,liam.pruitt@horizonrobotics.example,+1 702 555 0136,United States,Technology,11-50,Referral,SQL,Partnerships,2026-06-22,2026-06-25,None,No Action Needed,Ready,No,100.0
CRM-001925,Harbor Travel,Dylan Gallo,dylan.gallo@harbortravel.example,+1 617 555 0179,United States,Logistics,1000+,Partner,Lead,Growth Ops,2026-06-22,2026-09-19,None,No Action Needed,Ready,No,100.0
CRM-001926,Bayview Pharma,Lucas Shah,lucas.shah@bayviewpharma.example,+1 925 555 0104,United States,Healthcare,1-10,Referral,Lead,Sales Ops,2026-06-22,2026-08-24,None,No Action Needed,Ready,No,100.0
CRM-001927,BluePeak Capital,Ethan Kerr,ethan.kerr@bluepeakcapital.example,+1 949 555 0191,United States,Finance,1-10,Outbound,Customer,Sales Ops,2026-06-22,2026-09-21,None,No Action Needed,Ready,No,100.0
CRM-001928,Bridgewater Travel,Sofia Grant,sofia.grant@bridgewatertravel.example,+1 415 555 0119,United States,Logistics,51-200,Outbound,Lead,Growth Ops,2026-06-22,2026-08-06,None,No Action Needed,Ready,No,100.0
CRM-001929,Foxglove Security,Kai Abbott,kai.abbott@foxglovesecurity.example,+1 415 555 0190,United States,Technology,1-10,Event,Customer,Customer Success,2026-06-22,2026-09-10,None,No Action Needed,Ready,No,100.0
CRM-001930,Fernhill Energy,Omar Barnes,omar.barnes@fernhillenergy.example,+1 971 555 0164,United States,Energy,1000+,Outbound,SQL,Marketing Ops,2026-06-22,2026-07-21,Duplicate Email,Merged,Ready,No,100.0
CRM-001931,Sterling Health,Hana Everett,hana.everett@sterlinghealth.example,+1 303 555 0132,United States,Healthcare,11-50,Website,Lead,Marketing Ops,2026-06-22,2026-07-12,None,No Action Needed,Ready,No,100.0
CRM-001932,Rosewood Works,Mateo Everett,mateo.everett@rosewoodworks.example,+1 720 555 0159,United States,Manufacturing,11-50,Outbound,Lead,Customer Success,2026-06-22,2026-09-15,Missing Email,Enriched,Ready,No,100.0
CRM-001933,Atlas Textiles,Amara Keller,amara.keller@atlastextiles.example,+1 503 555 0144,United States,Manufacturing,51-200,Referral,Lead,Marketing Ops,2026-06-23,2026-09-05,Invalid Email,Standardized,Ready,No,100.0
CRM-001934,Falcon Labs,Hugo Lowe,hugo.lowe@falconlabs.example,+1 737 555 0123,United States,Technology,11-50,Event,Lead,Growth Ops,2026-06-23,2026-08-11,None,No Action Needed,Ready,No,100.0
CRM-001935,Ashford Packaging,Zara Keller,zara.keller@ashfordpackaging.example,+1 480 555 0157,United States,Manufacturing,1-10,Partner,SQL,Customer Success,2026-06-23,2026-07-15,Missing Email,Enriched,Ready,No,100.0
CRM-001936,Dovetail Foods,Mira Grant,mira.grant@dovetailfoods.example,+1 416 555 0117,Canada,Retail,11-50,Outbound,MQL,Marketing Ops,2026-06-23,2026-08-18,None,No Action Needed,Ready,No,100.0
CRM-001937,Atlas Capital,Clara Ivers,clara.ivers@atlascapital.example,+1 628 555 0114,United States,Finance,11-50,Outbound,Lead,Partnerships,2026-06-23,2026-09-23,None,No Action Needed,Ready,No,100.0
CRM-001938,Oxbow Studios,Daniel Mercer,daniel.mercer@oxbowstudios.example,+1 425 555 0130,United States,Media,51-200,Event,Customer,Sales Ops,2026-06-23,2026-08-31,None,No Action Needed,Ready,No,100.0
CRM-001939,Millbrook Motors,Alicia Quinn,alicia.quinn@millbrookmotors.example,+1 514 555 0192,Canada,Manufacturing,51-200,Outbound,Lead,Marketing Ops,2026-06-23,2026-08-02,None,No Action Needed,Ready,No,100.0
CRM-001940,Nimbus Realty,Priya Keller,,+1 305 555 0166,United States,Professional Services,1-10,Referral,Lead,Marketing Ops,2026-06-23,2026-09-01,Missing Email,Owner Follow-up,Needs Follow-up,Yes,87.5
CRM-001941,Cobalt Group,Mira Jensen,mira.jensen@cobaltgroup.example,+1 403 555 0169,Canada,Professional Services,11-50,Partner,MQL,Growth Ops,2026-06-23,2026-07-20,None,No Action Needed,Ready,No,100.0
CRM-001942,Oxbow Finance,Priya Tanaka,,+1 206 555 0157,United States,Finance,201-1000,Website,SQL,Customer Success,2026-06-23,2026-07-26,Missing Email,Owner Follow-up,Needs Follow-up,Yes,87.5
CRM-001943,Falcon Staffing,Sofia Carter,sofia.carter@falconstaffing.example,+1 469 555 0173,United States,Professional Services,51-200,Website,SQL,Partnerships,2026-06-23,2026-07-26,None,No Action Needed,Ready,No,100.0
CRM-001944,Ridgeline Industries,Hana Ivers,,+1 917 555 0187,United States,Manufacturing,201-1000,Website,Lead,Sales Ops,2026-06-24,2026-08-19,Invalid Email,Owner Follow-up,Needs Follow-up,Yes,87.5
CRM-001945,Quartz Retail,Kai Vaughn,kai.vaughn@quartzretail.example,+1 480 555 0189,United States,Retail,1-10,Website,Lead,Marketing Ops,2026-06-24,2026-08-24,Company Casing,Standardized,Ready,No,100.0
CRM-001946,Summit Insurance,Zara Shah,zara.shah@summitinsurance.example,+1 737 555 0182,United States,Finance,1-10,Webinar,Opportunity,Marketing Ops,2026-06-24,2026-09-05,None,No Action Needed,Ready,No,100.0
CRM-001947,Valley Insurance,Aaron Young,aaron.young@valleyinsurance.example,+1 619 555 0170,United States,Finance,11-50,Website,Opportunity,Sales Ops,2026-06-24,2026-07-02,None,No Action Needed,Ready,No,100.0
CRM-001948,Yarrow Partners,Grace Everett,grace.everett@yarrowpartners.example,+1 613 555 0194,Canada,Professional Services,1-10,Webinar,MQL,Growth Ops,2026-06-24,2026-07-08,None,No Action Needed,Ready,No,100.0
CRM-001949,Vista Consulting,Julia Fischer,julia.fischer@vistaconsulting.example,+1 305 555 0162,United States,Professional Services,11-50,Webinar,Customer,Growth Ops,2026-06-24,2026-09-11,None,No Action Needed,Ready,No,100.0
CRM-001950,Quill Textiles,Victor Irving,victor.irving@quilltextiles.example,+1 925 555 0154,United States,Manufacturing,51-200,Outbound,Customer,Customer Success,2026-06-24,2026-08-31,None,No Action Needed,Ready,No,100.0
CRM-001951,Umber Solutions,Mira Chandra,mira.chandra@umbersolutions.example,+1 206 555 0141,United States,Technology,1-10,Website,Opportunity,Growth Ops,2026-06-24,2026-07-30,Missing Phone,Enriched,Ready,No,100.0
CRM-001952,Thornfield Analytics,Lena Jensen,,+1 516 555 0107,United States,Technology,1-10,Outbound,MQL,Growth Ops,2026-06-25,2026-07-31,Missing Email,Owner Follow-up,Needs Follow-up,Yes,87.5
CRM-001953,Millbrook Solutions,Felix Keller,felix.keller@millbrooksolutions.example,+1 425 555 0135,United States,Technology,201-1000,Webinar,Opportunity,Marketing Ops,2026-06-25,2026-09-26,Missing Email,Enriched,Ready,No,100.0
CRM-001954,Evergreen Energy,Rosa Turner,rosa.turner@evergreenenergy.example,+1 403 555 0138,Canada,Energy,1-10,Referral,MQL,Partnerships,2026-06-25,2026-07-14,None,No Action Needed,Ready,No,100.0
CRM-001955,Highland Labs,Noah Carter,noah.carter@highlandlabs.example,+1 713 555 0171,United States,Technology,201-1000,Webinar,MQL,Customer Success,2026-06-25,2026-07-09,None,No Action Needed,Ready,No,100.0
CRM-001956,Kingfisher Works,Tessa Shah,,+1 613 555 0154,Canada,Manufacturing,1-10,Referral,SQL,Sales Ops,2026-06-25,2026-09-09,Missing Email,Owner Follow-up,Needs Follow-up,Yes,87.5
CRM-001957,Amberly Partners,Marcus Abbott,marcus.abbott@amberlypartners.example,,United States,Professional Services,11-50,Outbound,Opportunity,Customer Success,2026-06-25,2026-08-13,Missing Phone,Owner Follow-up,Needs Follow-up,Yes,87.5
CRM-001958,Crestview Retail,Ella Morgan,ella.morgan@crestviewretail.example,+1 925 555 0146,United States,Retail,201-1000,Outbound,MQL,Partnerships,2026-06-25,2026-08-03,Phone Format,Standardized,Ready,No,100.0
CRM-001959,Fernhill Retail,Grace Keller,grace.keller@fernhillretail.example,+1 604 555 0102,Canada,Retail,11-50,Referral,SQL,Customer Success,2026-06-25,2026-09-07,None,No Action Needed,Ready,No,100.0
CRM-001960,Greenline Capital,Julia Everett,julia.everett@greenlinecapital.example,+1 425 555 0105,United States,Finance,1-10,Website,SQL,Marketing Ops,2026-06-25,2026-07-23,Missing Email,Enriched,Ready,No,100.0
CRM-001961,Oxbow Education,Mateo Dawson,mateo.dawson@oxboweducation.example,+1 971 555 0140,United States,Education,1-10,Referral,Customer,Growth Ops,2026-06-26,2026-07-25,Phone Format,Standardized,Ready,No,100.0
CRM-001962,Willow Marketing,Felix Turner,felix.turner@willowmarketing.example,+1 617 555 0106,United States,Media,201-1000,Event,Customer,Marketing Ops,2026-06-26,2026-08-28,Phone Format,Standardized,Ready,No,100.0
CRM-001963,Foxglove Textiles,Tessa Ortega,tessa.ortega@foxglovetextiles.example,+1 925 555 0182,United States,Manufacturing,11-50,Website,Customer,Sales Ops,2026-06-26,2026-08-07,None,No Action Needed,Ready,No,100.0
CRM-001964,Dovetail Travel,Theo Grant,theo.grant@dovetailtravel.example,+1 516 555 0158,United States,Logistics,1-10,Website,SQL,Growth Ops,2026-06-26,2026-09-17,None,No Action Needed,Ready,No,100.0
CRM-001965,Pembroke Realty,Jonah Reeves,jonah.reeves@pembrokerealty.example,+1 404 555 0104,United States,Professional Services,201-1000,Website,SQL,Marketing Ops,2026-06-26,2026-07-18,Phone Format,Standardized,Ready,No,100.0
CRM-001966,Windmill Works,Rosa Carter,rosa.carter@windmillworks.example,+1 310 555 0184,United States,Manufacturing,51-200,Website,SQL,Customer Success,2026-06-26,2026-07-04,None,No Action Needed,Ready,No,100.0
CRM-001967,Millbrook Foods,Tessa Walsh,tessa.walsh@millbrookfoods.example,+1 312 555 0191,United States,Retail,201-1000,Outbound,MQL,Partnerships,2026-06-26,2026-07-14,None,No Action Needed,Ready,No,100.0
CRM-001968,Brookside Supply,Owen Tanaka,owen.tanaka@brooksidesupply.example,+1 514 555 0108,Canada,Logistics,11-50,Referral,Opportunity,Customer Success,2026-06-27,2026-09-20,None,No Action Needed,Ready,No,100.0
CRM-001969,Emberly Capital,Mira Reeves,mira.reeves@emberlycapital.example,+1 305 555 0140,United States,Finance,11-50,Webinar,Lead,Sales Ops,2026-06-27,2026-08-27,Company Casing,Standardized,Ready,No,100.0
CRM-001970,Stonebridge Solutions,Ella Grant,ella.grant@stonebridgesolutions.example,+1 303 555 0113,United States,Technology,51-200,Website,SQL,Partnerships,2026-06-27,2026-09-05,Missing Phone,Enriched,Ready,No,100.0
CRM-001971,Fernhill Design,Omar Dawson,omar.dawson@fernhilldesign.example,+1 312 555 0123,United States,Media,11-50,Outbound,Opportunity,Marketing Ops,2026-06-27,2026-08-25,None,No Action Needed,Ready,No,100.0
CRM-001972,Verdant Industries,Sofia Chandra,sofia.chandra@verdantindustries.example,+1 514 555 0178,Canada,Manufacturing,1-10,Event,SQL,Customer Success,2026-06-27,2026-07-22,None,No Action Needed,Ready,No,100.0
CRM-001973,Ulster Works,Mateo Walsh,mateo.walsh@ulsterworks.example,+1 503 555 0147,United States,Manufacturing,1-10,Outbound,Lead,Growth Ops,2026-06-27,2026-07-01,None,No Action Needed,Ready,No,100.0
CRM-001974,Vantage Group,Theo Lowe,theo.lowe@vantagegroup.example,+44 20 7946 0993,United Kingdom,Professional Services,51-200,Event,SQL,Sales Ops,2026-06-27,2026-09-07,Company Casing,Standardized,Ready,No,100.0
CRM-001975,Vantage Labs,Sofia Shah,sofia.shah@vantagelabs.example,+1 303 555 0102,United States,Technology,1000+,Webinar,SQL,Growth Ops,2026-06-27,2026-07-24,None,No Action Needed,Ready,No,100.0
CRM-001976,Meridian Marketing,Hana Walsh,hana.walsh@meridianmarketing.example,+1 310 555 0150,United States,Media,11-50,Website,Customer,Growth Ops,2026-06-27,2026-06-28,None,No Action Needed,Ready,No,100.0
CRM-001977,Emberly Consulting,Ines Patel,ines.patel@emberlyconsulting.example,+44 20 7946 0067,United Kingdom,,51-200,Referral,Lead,Growth Ops,2026-06-27,2026-09-23,Missing Industry,Owner Follow-up,Needs Follow-up,Yes,87.5
CRM-001978,Atlas Pharma,Theo Ortega,theo.ortega@atlaspharma.example,+1 512 555 0182,United States,Healthcare,51-200,Webinar,Lead,Customer Success,2026-06-27,2026-09-23,None,No Action Needed,Ready,No,100.0
CRM-001979,Gladstone Motors,Priya Everett,priya.everett@gladstonemotors.example,+1 813 555 0115,United States,Manufacturing,11-50,Website,Lead,Partnerships,2026-06-27,2026-08-15,Missing Industry,Enriched,Ready,No,100.0
CRM-001980,Sable Software,Ines Chandra,,+1 206 555 0155,United States,Technology,11-50,Website,Lead,Partnerships,2026-06-28,2026-08-04,Missing Email,Owner Follow-up,Needs Follow-up,Yes,87.5
CRM-001981,Oakridge Labs,Aaron Gallo,aaron.gallo@oakridgelabs.example,+1 858 555 0192,United States,Technology,201-1000,Website,Lead,Growth Ops,2026-06-28,2026-09-28,None,No Action Needed,Ready,No,100.0
CRM-001982,Redwood Networks,Kai Hartley,kai.hartley@redwoodnetworks.example,+44 20 7946 0002,United Kingdom,Technology,11-50,Webinar,Lead,Marketing Ops,2026-06-28,2026-08-15,Company Casing,Standardized,Ready,No,100.0
CRM-001983,Brightpath Security,Hugo Keller,hugo.keller@brightpathsecurity.example,+1 720 555 0175,United States,Technology,51-200,Partner,MQL,Customer Success,2026-06-28,2026-08-27,None,No Action Needed,Ready,No,100.0
CRM-001984,Upland Education,Dylan Jordan,dylan.jordan@uplandeducation.example,+1 310 555 0197,United States,Education,1-10,Website,Opportunity,Sales Ops,2026-06-28,2026-07-12,None,No Action Needed,Ready,No,100.0
CRM-001985,Trailhead Robotics,Sofia Barnes,sofia.barnes@trailheadrobotics.example,+1 404 555 0144,United States,Technology,51-200,Partner,MQL,Customer Success,2026-06-28,2026-08-17,None,No Action Needed,Ready,No,100.0
CRM-001986,Copperfield Partners,Felix Nolan,,+1 917 555 0145,United States,Professional Services,11-50,Website,Lead,Partnerships,2026-06-28,2026-07-09,Invalid Email,Owner Follow-up,Needs Follow-up,Yes,87.5
CRM-001987,Elmwood Group,Omar Okafor,omar.okafor@elmwoodgroup.example,+1 469 555 0151,United States,Professional Services,11-50,Referral,MQL,Growth Ops,2026-06-28,2026-09-02,Company Casing,Standardized,Ready,No,100.0
CRM-001988,Umber Supply,Owen Dawson,owen.dawson@umbersupply.example,+1 514 555 0158,Canada,Logistics,51-200,Outbound,Lead,Customer Success,2026-06-28,2026-07-14,None,No Action Needed,Ready,No,100.0
CRM-001989,Umber Foods,Ava Foster,ava.foster@umberfoods.example,+1 925 555 0164,United States,Retail,201-1000,Referral,Lead,Marketing Ops,2026-06-28,2026-07-13,Phone Format,Standardized,Ready,No,100.0
CRM-001990,Crestview Foods,Tessa Kerr,tessa.kerr@crestviewfoods.example,+1 604 555 0142,Canada,Retail,1-10,Website,Customer,Sales Ops,2026-06-28,2026-09-08,None,No Action Needed,Ready,No,100.0
CRM-001991,Unity Group,Ethan Abbott,ethan.abbott@unitygroup.example,+1 702 555 0183,United States,Professional Services,11-50,Partner,Customer,Partnerships,2026-06-28,2026-07-18,None,No Action Needed,Ready,No,100.0
CRM-001992,Verdant Insurance,Mira Lawson,mira.lawson@verdantinsurance.example,+1 619 555 0133,United States,Finance,51-200,Outbound,SQL,Customer Success,2026-06-28,2026-07-06,None,No Action Needed,Ready,No,100.0
CRM-001993,Hawthorn Travel,Nina Kerr,nina.kerr@hawthorntravel.example,+1 619 555 0110,United States,Logistics,11-50,Referral,Lead,Marketing Ops,2026-06-29,2026-09-08,Missing Phone,Enriched,Ready,No,100.0
CRM-001994,Tamarack Systems,Amara Everett,,+44 20 7946 0246,United Kingdom,Technology,201-1000,Referral,Customer,Sales Ops,2026-06-29,2026-09-26,Invalid Email,Owner Follow-up,Needs Follow-up,Yes,87.5
CRM-001995,Linden Health,Isaac Jordan,isaac.jordan@lindenhealth.example,+1 425 555 0119,United States,Healthcare,51-200,Referral,SQL,Partnerships,2026-06-29,2026-08-04,None,No Action Needed,Ready,No,100.0
CRM-001996,Nimbus Health,Omar Ellis,omar.ellis@nimbushealth.example,+1 628 555 0190,United States,Healthcare,201-1000,Website,Customer,Sales Ops,2026-06-29,2026-08-08,None,No Action Needed,Ready,No,100.0
CRM-001997,Alder Packaging,Aaron Patel,aaron.patel@alderpackaging.example,+44 20 7946 0452,United Kingdom,Manufacturing,1000+,Referral,Opportunity,Marketing Ops,2026-06-29,2026-08-15,Duplicate Email,Merged,Ready,No,100.0
CRM-001998,Aspen Labs,Ava Sutton,ava.sutton@aspenlabs.example,+1 925 555 0132,United States,Technology,11-50,Website,SQL,Marketing Ops,2026-06-29,2026-08-05,None,No Action Needed,Ready,No,100.0
CRM-001999,Summit Logistics,Mira Hartley,mira.hartley@summitlogistics.example,+1 305 555 0167,United States,Logistics,51-200,Referral,Lead,Customer Success,2026-06-29,2026-09-13,None,No Action Needed,Ready,No,100.0
CRM-002000,Hawthorn Studios,Rosa Okafor,rosa.okafor@hawthornstudios.example,+1 415 555 0179,United States,Media,51-200,Website,Customer,Customer Success,2026-06-29,2026-07-14,None,No Action Needed,Ready,No,100.0
CRM-002001,Goldcrest Retail,Theo Morgan,theo.morgan@goldcrestretail.example,+1 416 555 0161,Canada,Retail,1-10,Partner,MQL,Marketing Ops,2026-06-29,2026-07-19,Company Casing,Standardized,Ready,No,100.0
CRM-002002,Granite Solutions,Isaac Grant,isaac.grant@granitesolutions.example,+1 613 555 0177,Canada,Technology,1-10,Website,Customer,Marketing Ops,2026-06-29,2026-08-02,None,No Action Needed,Ready,No,100.0
CRM-002003,Oakridge Logistics,Mateo Rowe,mateo.rowe@oakridgelogistics.example,+1 206 555 0136,United States,Logistics,1000+,Outbound,Opportunity,Customer Success,2026-06-29,2026-09-16,Company Casing,Standardized,Ready,No,100.0
CRM-002004,Yarrow Consulting,Grace Patel,grace.patel@yarrowconsulting.example,+1 901 555 0196,United States,Professional Services,1-10,Website,Lead,Partnerships,2026-06-29,2026-07-21,None,No Action Needed,Ready,No,100.0
CRM-002005,Norwood Services,Hugo Abbott,hugo.abbott@norwoodservices.example,+1 480 555 0140,United States,Professional Services,11-50,Referral,Lead,Customer Success,2026-06-29,2026-08-14,None,No Action Needed,Ready,No,100.0
CRM-002006,Redwood Foods,Isaac Ortega,isaac.ortega@redwoodfoods.example,+1 917 555 0125,United States,Retail,1-10,Event,Customer,Marketing Ops,2026-06-29,2026-08-05,Missing Phone,Enriched,Ready,No,100.0
CRM-002007,Yarrow Software,Owen Sutton,owen.sutton@yarrowsoftware.example,+1 613 555 0183,Canada,Technology,51-200,Website,Lead,Customer Success,2026-06-29,2026-08-15,Company Casing,Standardized,Ready,No,100.0
CRM-002008,Orchard Studios,Maya Mercer,maya.mercer@orchardstudios.example,+1 858 555 0133,United States,Media,51-200,Referral,MQL,Marketing Ops,2026-06-29,2026-07-25,Missing Industry,Enriched,Ready,No,100.0
CRM-002009,Ridgeline Systems,Lena Dawson,lena.dawson@ridgelinesystems.example,+1 971 555 0128,United States,Technology,11-50,Partner,Lead,Sales Ops,2026-06-29,2026-07-23,None,No Action Needed,Ready,No,100.0
CRM-002010,Evergreen Solutions,Priya Mercer,priya.mercer@evergreensolutions.example,+1 404 555 0107,United States,Technology,51-200,Website,MQL,Customer Success,2026-06-29,2026-07-30,None,No Action Needed,Ready,No,100.0
CRM-002011,Granite Motors,Kai Everett,kai.everett@granitemotors.example,+1 720 555 0148,United States,Manufacturing,1-10,Webinar,Lead,Marketing Ops,2026-06-29,2026-09-20,Invalid Email,Standardized,Ready,No,100.0
CRM-002012,Ridgeline Logistics,Ella Hartley,ella.hartley@ridgelinelogistics.example,,United States,Logistics,51-200,Website,SQL,Growth Ops,2026-06-30,2026-09-27,Missing Phone,Owner Follow-up,Needs Follow-up,Yes,87.5
CRM-002013,Willow Realty,Tessa Novak,tessa.novak@willowrealty.example,+1 404 555 0143,United States,Professional Services,51-200,Outbound,Customer,Sales Ops,2026-06-30,2026-09-14,None,No Action Needed,Ready,No,100.0
CRM-002014,Linden Cloud,Hugo Chandra,hugo.chandra@lindencloud.example,+1 469 555 0125,United States,Technology,51-200,Referral,Customer,Marketing Ops,2026-06-30,2026-08-23,Missing Industry,Enriched,Ready,No,100.0
CRM-002015,Quarry Works,Jonah Chandra,jonah.chandra@quarryworks.example,+44 20 7946 0759,United Kingdom,Manufacturing,11-50,Website,SQL,Partnerships,2026-06-30,2026-09-27,None,No Action Needed,Ready,No,100.0
CRM-002016,Eastgate Cloud,Daniel Jensen,daniel.jensen@eastgatecloud.example,+1 305 555 0102,United States,Technology,1-10,Website,SQL,Marketing Ops,2026-06-30,2026-07-20,Duplicate Email,Merged,Ready,No,100.0
CRM-002017,Kestrel Consulting,Sofia Lowe,sofia.lowe@kestrelconsulting.example,,United States,Professional Services,51-200,Event,MQL,Growth Ops,2026-06-30,2026-07-14,Missing Phone,Owner Follow-up,Needs Follow-up,Yes,87.5
CRM-002018,Orchard Staffing,Daniel Okafor,daniel.okafor@orchardstaffing.example,+1 925 555 0195,United States,Professional Services,201-1000,Partner,MQL,Partnerships,2026-06-30,2026-07-25,None,No Action Needed,Ready,No,100.0
CRM-002019,Driftwood Networks,Ethan Grant,ethan.grant@driftwoodnetworks.example,+1 619 555 0196,United States,Technology,201-1000,Event,Opportunity,Customer Success,2026-06-30,2026-09-14,Missing Email,Enriched,Ready,No,100.0
CRM-002020,Northgate Networks,Jonah Ivers,jonah.ivers@northgatenetworks.example,+1 480 555 0194,United States,Technology,51-200,Partner,MQL,Sales Ops,2026-06-30,2026-07-15,None,No Action Needed,Ready,No,100.0
CRM-002021,Skyline Design,Clara Mercer,clara.mercer@skylinedesign.example,+44 20 7946 0045,United Kingdom,Media,1-10,Outbound,SQL,Marketing Ops,2026-06-30,2026-07-03,None,No Action Needed,Ready,No,100.0
CRM-002022,Crestview Studios,Priya Novak,priya.novak@crestviewstudios.example,+1 949 555 0123,United States,Media,1-10,Outbound,MQL,Partnerships,2026-06-30,2026-09-25,None,No Action Needed,Ready,No,100.0
CRM-002023,Falcon Energy,Grace Carter,grace.carter@falconenergy.example,+1 305 555 0118,United States,Energy,11-50,Referral,Lead,Customer Success,2026-06-30,2026-08-03,None,No Action Needed,Ready,No,100.0
CRM-002024,Dunmore Industries,Aaron Hayes,aaron.hayes@dunmoreindustries.example,+1 416 555 0148,Canada,Manufacturing,201-1000,Website,SQL,Marketing Ops,2026-06-30,2026-07-15,Missing Email,Enriched,Ready,No,100.0
CRM-002025,Amberly Foods,Kai Hayes,kai.hayes@amberlyfoods.example,+1 917 555 0165,United States,Retail,1-10,Website,MQL,Marketing Ops,2026-06-30,2026-08-23,None,No Action Needed,Ready,No,100.0
CRM-002026,Valley Logistics,Hugo Okafor,hugo.okafor@valleylogistics.example,+1 303 555 0133,United States,Logistics,51-200,Event,Customer,Partnerships,2026-06-30,2026-09-03,None,No Action Needed,Ready,No,100.0
CRM-002028,Highland Consulting,Felix Abbott,felix.abbott@highlandconsulting.example,+1 425 555 0198,United States,Professional Services,11-50,Website,SQL,Growth Ops,2026-07-01,2026-08-10,None,No Action Needed,Ready,No,100.0
CRM-002029,Falcon Motors,Ava Tanaka,ava.tanaka@falconmotors.example,+1 310 555 0100,United States,Manufacturing,11-50,Website,Lead,Marketing Ops,2026-07-01,2026-08-01,None,No Action Needed,Ready,No,100.0
CRM-002030,Olive Staffing,Lena Rowe,lena.rowe@olivestaffing.example,+1 949 555 0103,United States,Professional Services,1-10,Referral,Lead,Customer Success,2026-07-01,2026-07-22,Duplicate Email,Merged,Ready,No,100.0
CRM-002031,Falcon Analytics,Isaac Grant,isaac.grant@falconanalytics.example,+1 303 555 0146,United States,Technology,201-1000,Webinar,Customer,Marketing Ops,2026-07-01,2026-08-23,None,No Action Needed,Ready,No,100.0
CRM-002032,Aspen Marketing,Sofia Nolan,sofia.nolan@aspenmarketing.example,+1 514 555 0120,Canada,Media,1-10,Partner,MQL,Sales Ops,2026-07-01,2026-09-29,Phone Format,Standardized,Ready,No,100.0
CRM-002033,Prairie Travel,Victor Irving,victor.irving@prairietravel.example,+1 613 555 0152,Canada,Logistics,11-50,Outbound,Opportunity,Marketing Ops,2026-07-01,2026-07-21,None,No Action Needed,Ready,No,100.0
CRM-002034,Linden Robotics,Grace Dawson,grace.dawson@lindenrobotics.example,+1 713 555 0146,United States,Technology,11-50,Website,Lead,Marketing Ops,2026-07-01,2026-08-30,Company Casing,Standardized,Ready,No,100.0
CRM-002035,Brookside Capital,Clara Patel,clara.patel@brooksidecapital.example,+1 858 555 0123,United States,Finance,1-10,Outbound,Customer,Sales Ops,2026-07-02,2026-09-28,None,No Action Needed,Ready,No,100.0
CRM-002036,Kenwood Textiles,Sofia Sutton,sofia.sutton@kenwoodtextiles.example,+1 737 555 0130,United States,Manufacturing,11-50,Partner,Lead,Marketing Ops,2026-07-02,2026-08-14,Phone Format,Standardized,Ready,No,100.0
CRM-002037,Gladstone Studios,Alicia Okafor,alicia.okafor@gladstonestudios.example,+1 512 555 0188,United States,Media,51-200,Outbound,MQL,Customer Success,2026-07-02,2026-08-12,None,No Action Needed,Ready,No,100.0
CRM-002038,Wexford Supply,Victor Lawson,,+1 628 555 0173,United States,Logistics,51-200,Webinar,Lead,Partnerships,2026-07-02,2026-08-26,Missing Email,Owner Follow-up,Needs Follow-up,Yes,87.5
CRM-002039,Upland Travel,Leah Ivers,,+1 403 555 0103,Canada,Logistics,51-200,Website,MQL,Growth Ops,2026-07-02,2026-09-14,Missing Email,Owner Follow-up,Needs Follow-up,Yes,87.5
CRM-002040,Tamarack Packaging,Ava Jordan,ava.jordan@tamarackpackaging.example,+1 415 555 0158,United States,Manufacturing,51-200,Website,Lead,Growth Ops,2026-07-02,2026-08-23,None,No Action Needed,Ready,No,100.0
CRM-002041,Pinecrest Retail,Felix Rowe,felix.rowe@pinecrestretail.example,+1 404 555 0184,United States,Retail,201-1000,Partner,Customer,Sales Ops,2026-07-02,2026-07-30,None,No Action Needed,Ready,No,100.0
CRM-002042,Willow Analytics,Ethan Lowe,ethan.lowe@willowanalytics.example,+1 425 555 0173,United States,Technology,11-50,Referral,Customer,Sales Ops,2026-07-03,2026-08-10,None,No Action Needed,Ready,No,100.0
CRM-002043,Brightpath Staffing,Alicia Hartley,alicia.hartley@brightpathstaffing.example,+1 303 555 0128,United States,Professional Services,11-50,Referral,SQL,Growth Ops,2026-07-03,2026-07-14,None,No Action Needed,Ready,No,100.0
CRM-002044,Eastgate Education,Rosa Chandra,rosa.chandra@eastgateeducation.example,+1 303 555 0180,United States,Education,51-200,Website,Opportunity,Partnerships,2026-07-03,2026-09-10,Company Casing,Standardized,Ready,No,100.0
CRM-002045,Skyline Industries,Theo Rowe,theo.rowe@skylineindustries.example,+1 646 555 0173,United States,Manufacturing,201-1000,Outbound,SQL,Partnerships,2026-07-03,2026-07-11,None,No Action Needed,Ready,No,100.0
CRM-002046,Greenline Works,Omar Chandra,omar.chandra@greenlineworks.example,+44 20 7946 0756,United Kingdom,Manufacturing,11-50,Event,SQL,Customer Success,2026-07-03,2026-08-10,None,No Action Needed,Ready,No,100.0
CRM-002047,Brookside Marketing,Ava Keller,ava.keller@brooksidemarketing.example,+1 512 555 0130,United States,Media,11-50,Website,SQL,Partnerships,2026-07-03,2026-09-26,None,No Action Needed,Ready,No,100.0
CRM-002048,Maple Design,Jonah Ellis,jonah.ellis@mapledesign.example,+1 480 555 0154,United States,Media,11-50,Website,Opportunity,Growth Ops,2026-07-03,2026-08-19,Missing Email,Enriched,Ready,No,100.0
CRM-002049,Nimbus Services,Nina Ortega,nina.ortega@nimbusservices.example,+44 20 7946 0343,United Kingdom,Professional Services,1-10,Website,MQL,Marketing Ops,2026-07-03,2026-08-26,None,No Action Needed,Ready,No,100.0
CRM-002050,Ironwood Labs,Isaac Ivers,isaac.ivers@ironwoodlabs.example,+1 212 555 0132,United States,Technology,1-10,Website,SQL,Sales Ops,2026-07-03,2026-07-12,None,No Action Needed,Ready,No,100.0
CRM-002051,Fairview Capital,Aaron Turner,aaron.turner@fairviewcapital.example,+1 813 555 0135,United States,Finance,11-50,Webinar,Customer,Customer Success,2026-07-03,2026-08-09,Duplicate Email,Merged,Ready,No,100.0
CRM-002052,Ridgeline Insurance,Felix Dawson,felix.dawson@ridgelineinsurance.example,+1 480 555 0168,United States,Finance,11-50,Outbound,MQL,Sales Ops,2026-07-03,2026-07-11,Phone Format,Standardized,Ready,No,100.0
CRM-002053,Beacon Travel,Rosa Everett,rosa.everett@beacontravel.example,+1 720 555 0111,United States,Logistics,1-10,Event,Lead,Customer Success,2026-07-03,2026-09-05,None,No Action Needed,Ready,No,100.0
CRM-002054,Verdant Design,Clara Gallo,clara.gallo@verdantdesign.example,,United States,Media,1000+,Referral,MQL,Customer Success,2026-07-03,2026-09-22,Missing Phone,Owner Follow-up,Needs Follow-up,Yes,87.5
CRM-002055,Windmill Services,Ethan Nolan,,+1 602 555 0119,United States,Professional Services,11-50,Partner,Customer,Partnerships,2026-07-03,2026-09-18,Invalid Email,Owner Follow-up,Needs Follow-up,Yes,87.5
CRM-002056,Meridian Labs,Jonah Ivers,jonah.ivers@meridianlabs.example,+1 619 555 0188,United States,Technology,11-50,Event,Lead,Marketing Ops,2026-07-04,2026-08-07,None,No Action Needed,Ready,No,100.0
CRM-002057,Unity Media,Lena Lawson,lena.lawson@unitymedia.example,+1 514 555 0119,Canada,,51-200,Website,Lead,Partnerships,2026-07-04,2026-07-24,Missing Industry,Owner Follow-up,Needs Follow-up,Yes,87.5
CRM-002058,Falcon Logistics,Omar Everett,omar.everett@falconlogistics.example,+1 713 555 0159,United States,Logistics,1-10,Webinar,Opportunity,Sales Ops,2026-07-04,2026-08-10,Duplicate Email,Merged,Ready,No,100.0
CRM-002059,Pembroke Finance,Jonah Vaughn,,+1 628 555 0153,United States,Finance,1-10,Website,SQL,Customer Success,2026-07-04,2026-08-25,Missing Email,Owner Follow-up,Needs Follow-up,Yes,87.5
CRM-002060,Westbrook Packaging,Ella Tanaka,ella.tanaka@westbrookpackaging.example,+1 702 555 0180,United States,Manufacturing,51-200,Webinar,Lead,Customer Success,2026-07-04,2026-07-23,None,No Action Needed,Ready,No,100.0
CRM-002061,Verdant Motors,Daniel Lawson,daniel.lawson@verdantmotors.example,+1 310 555 0118,United States,Manufacturing,1-10,Website,Lead,Sales Ops,2026-07-04,2026-08-31,None,No Action Needed,Ready,No,100.0
CRM-002062,Redwood Textiles,Maya Rowe,maya.rowe@redwoodtextiles.example,+44 20 7946 0541,United Kingdom,Manufacturing,11-50,Event,Customer,Growth Ops,2026-07-04,2026-09-06,Duplicate Email,Merged,Ready,No,100.0
CRM-002063,Newport Health,Aaron Irving,aaron.irving@newporthealth.example,+1 646 555 0134,United States,Healthcare,11-50,Referral,SQL,Growth Ops,2026-07-04,2026-09-17,None,No Action Needed,Ready,No,100.0
CRM-002065,Kestrel Supply,Priya Jordan,priya.jordan@kestrelsupply.example,+44 20 7946 0111,United Kingdom,Logistics,1-10,Website,MQL,Partnerships,2026-07-05,2026-07-29,None,No Action Needed,Ready,No,100.0
CRM-002066,Kingfisher Analytics,Leah Foster,leah.foster@kingfisheranalytics.example,+1 713 555 0132,United States,Technology,11-50,Referral,SQL,Marketing Ops,2026-07-05,2026-08-12,None,No Action Needed,Ready,No,100.0
CRM-002067,Northstar Labs,Zara Lawson,zara.lawson@northstarlabs.example,+1 813 555 0188,United States,Technology,51-200,Website,MQL,Growth Ops,2026-07-05,2026-07-20,None,No Action Needed,Ready,No,100.0
CRM-002068,Granite Packaging,Sofia Everett,sofia.everett@granitepackaging.example,+44 20 7946 0499,United Kingdom,Manufacturing,1000+,Partner,Lead,Marketing Ops,2026-07-05,2026-07-26,None,No Action Needed,Ready,No,100.0
CRM-002069,BluePeak Consulting,Clara Shah,clara.shah@bluepeakconsulting.example,+1 516 555 0105,United States,Professional Services,51-200,Event,MQL,Partnerships,2026-07-05,2026-08-07,Phone Format,Standardized,Ready,No,100.0
CRM-002070,Sterling Foods,Priya Ivers,,+44 20 7946 0365,United Kingdom,Retail,201-1000,Partner,MQL,Sales Ops,2026-07-05,2026-09-14,Missing Email,Owner Follow-up,Needs Follow-up,Yes,87.5
CRM-002071,Alder Travel,Alicia Ellis,alicia.ellis@aldertravel.example,+1 917 555 0110,United States,Logistics,1-10,Referral,Opportunity,Partnerships,2026-07-05,2026-09-18,None,No Action Needed,Ready,No,100.0
CRM-002072,Bridgewater Retail,Hugo Lowe,hugo.lowe@bridgewaterretail.example,+1 425 555 0121,United States,Retail,201-1000,Referral,Lead,Customer Success,2026-07-05,2026-07-07,Phone Format,Standardized,Ready,No,100.0
CRM-002073,Sterling Security,Jonah Kerr,jonah.kerr@sterlingsecurity.example,+1 925 555 0185,United States,Technology,11-50,Webinar,SQL,Customer Success,2026-07-06,2026-09-27,None,No Action Needed,Ready,No,100.0
CRM-002074,Kenwood Services,Maya Fischer,maya.fischer@kenwoodservices.example,+1 720 555 0113,United States,Professional Services,51-200,Partner,Customer,Customer Success,2026-07-06,2026-08-04,None,No Action Needed,Ready,No,100.0
CRM-002075,Indigo Industries,Ravi Quinn,,+1 858 555 0172,United States,Manufacturing,201-1000,Website,Lead,Marketing Ops,2026-07-06,2026-07-08,Missing Email,Owner Follow-up,Needs Follow-up,Yes,87.5
CRM-002076,Oxbow Security,Ava Morgan,ava.morgan@oxbowsecurity.example,+1 425 555 0151,United States,Technology,11-50,Event,Lead,Sales Ops,2026-07-06,2026-09-12,None,No Action Needed,Ready,No,100.0
CRM-002077,Horizon Studios,Nina Reeves,nina.reeves@horizonstudios.example,+1 646 555 0178,United States,Media,201-1000,Webinar,SQL,Customer Success,2026-07-06,2026-09-24,None,No Action Needed,Ready,No,100.0
CRM-002078,Dovetail Studios,Marcus Everett,marcus.everett@dovetailstudios.example,+1 813 555 0160,United States,Media,51-200,Webinar,MQL,Partnerships,2026-07-06,2026-07-16,Company Casing,Standardized,Ready,No,100.0
CRM-002079,Cascade Logistics,Ravi Rowe,ravi.rowe@cascadelogistics.example,,United States,Logistics,11-50,Website,Customer,Growth Ops,2026-07-06,2026-08-09,Missing Phone,Owner Follow-up,Needs Follow-up,Yes,87.5
CRM-002080,Umber Energy,Maya Okafor,maya.okafor@umberenergy.example,+1 949 555 0171,United States,Energy,1000+,Website,SQL,Partnerships,2026-07-06,2026-07-13,None,No Action Needed,Ready,No,100.0
CRM-002081,Foxglove Design,Ravi Tanaka,ravi.tanaka@foxglovedesign.example,+1 516 555 0161,United States,Media,11-50,Partner,SQL,Marketing Ops,2026-07-06,2026-08-06,None,No Action Needed,Ready,No,100.0
CRM-002082,Ashford Staffing,Felix Novak,felix.novak@ashfordstaffing.example,+1 514 555 0164,Canada,Professional Services,11-50,Referral,Opportunity,Customer Success,2026-07-06,2026-07-09,Phone Format,Standardized,Ready,No,100.0
CRM-002083,Ashford Retail,Ravi Walsh,ravi.walsh@ashfordretail.example,+1 646 555 0163,United States,Retail,11-50,Website,SQL,Marketing Ops,2026-07-06,2026-07-29,Phone Format,Standardized,Ready,No,100.0
CRM-002085,Norwood Media,Lucas Morgan,lucas.morgan@norwoodmedia.example,+1 305 555 0174,United States,Media,1-10,Outbound,MQL,Customer Success,2026-07-07,2026-09-24,None,No Action Needed,Ready,No,100.0
CRM-002086,Amberly Marketing,Priya Novak,priya.novak@amberlymarketing.example,+1 425 555 0184,United States,Media,11-50,Website,MQL,Partnerships,2026-07-07,2026-07-08,None,No Action Needed,Ready,No,100.0
CRM-002087,Inlet Foods,Felix Carter,felix.carter@inletfoods.example,+1 713 555 0183,United States,Retail,11-50,Event,SQL,Marketing Ops,2026-07-07,2026-09-25,None,No Action Needed,Ready,No,100.0
CRM-002088,Cobalt Energy,Kai Tanaka,kai.tanaka@cobaltenergy.example,+1 917 555 0157,United States,Energy,51-200,Referral,MQL,Marketing Ops,2026-07-07,2026-09-14,None,No Action Needed,Ready,No,100.0
CRM-002089,Bayview Design,Ethan Abbott,ethan.abbott@bayviewdesign.example,+1 516 555 0193,United States,Media,51-200,Website,Customer,Partnerships,2026-07-07,2026-07-13,None,No Action Needed,Ready,No,100.0
CRM-002090,Ridgeline Health,Julia Sutton,julia.sutton@ridgelinehealth.example,+44 20 7946 0791,United Kingdom,Healthcare,11-50,Outbound,Lead,Sales Ops,2026-07-07,2026-07-22,Phone Format,Standardized,Ready,No,100.0
CRM-002091,Amberly Health,Amara Quinn,amara.quinn@amberlyhealth.example,+1 713 555 0122,United States,Healthcare,1-10,Outbound,Opportunity,Growth Ops,2026-07-07,2026-07-07,Missing Phone,Enriched,Ready,No,100.0
CRM-002092,Marlow Travel,Caleb Fischer,caleb.fischer@marlowtravel.example,+1 469 555 0144,United States,Logistics,1-10,Outbound,Lead,Partnerships,2026-07-07,2026-07-25,None,No Action Needed,Ready,No,100.0
CRM-002093,Millbrook Health,Caleb Hartley,caleb.hartley@millbrookhealth.example,+1 404 555 0121,United States,Healthcare,51-200,Website,SQL,Sales Ops,2026-07-07,2026-08-11,None,No Action Needed,Ready,No,100.0
CRM-002094,Aspen Security,Ava Kerr,,+1 480 555 0170,United States,Technology,51-200,Website,Lead,Customer Success,2026-07-07,2026-08-01,Missing Email,Owner Follow-up,Needs Follow-up,Yes,87.5
CRM-002095,Northgate Retail,Julia Jensen,julia.jensen@northgateretail.example,+1 480 555 0190,United States,Retail,1-10,Website,SQL,Customer Success,2026-07-08,2026-09-28,Company Casing,Standardized,Ready,No,100.0
CRM-002096,Stonebridge Robotics,Victor Vaughn,victor.vaughn@stonebridgerobotics.example,+1 617 555 0196,United States,Technology,201-1000,Webinar,Lead,Customer Success,2026-07-08,2026-09-29,Invalid Email,Standardized,Ready,No,100.0
CRM-002097,Alder Labs,Hana Ortega,,+1 737 555 0194,United States,Technology,1-10,Website,MQL,Sales Ops,2026-07-08,2026-07-14,Missing Email,Owner Follow-up,Needs Follow-up,Yes,87.5
CRM-002098,Aspen Retail,Liam Ivers,,+1 619 555 0185,United States,Retail,11-50,Outbound,Customer,Sales Ops,2026-07-08,2026-09-13,Missing Email,Owner Follow-up,Needs Follow-up,Yes,87.5
CRM-002099,Evergreen Capital,Ines Ortega,ines.ortega@evergreencapital.example,+1 646 555 0145,United States,Finance,11-50,Outbound,Customer,Marketing Ops,2026-07-08,2026-09-20,Missing Email,Enriched,Ready,No,100.0
CRM-002100,Brookside Labs,Amara Turner,amara.turner@brooksidelabs.example,+1 480 555 0108,United States,Technology,51-200,Outbound,SQL,Customer Success,2026-07-08,2026-07-10,None,No Action Needed,Ready,No,100.0
CRM-002101,Keystone Consulting,Hugo Delgado,hugo.delgado@keystoneconsulting.example,+1 305 555 0152,United States,,1-10,Website,Customer,Sales Ops,2026-07-08,2026-08-28,Missing Industry,Owner Follow-up,Needs Follow-up,Yes,87.5
CRM-002102,Northgate Security,Felix Jensen,felix.jensen@northgatesecurity.example,+1 303 555 0117,United States,Technology,201-1000,Referral,SQL,Marketing Ops,2026-07-08,2026-09-09,None,No Action Needed,Ready,No,100.0
CRM-002103,Keystone Pharma,Caleb Ellis,caleb.ellis@keystonepharma.example,,United Kingdom,Healthcare,11-50,Website,Customer,Marketing Ops,2026-07-08,2026-09-20,Missing Phone,Owner Follow-up,Needs Follow-up,Yes,87.5
CRM-002104,Keystone Services,Lena Turner,lena.turner@keystoneservices.example,+1 305 555 0109,United States,Professional Services,1-10,Website,MQL,Partnerships,2026-07-08,2026-08-03,Missing Phone,Enriched,Ready,No,100.0
CRM-002105,Kestrel Works,Hana Lawson,hana.lawson@kestrelworks.example,+1 312 555 0167,United States,Manufacturing,1-10,Partner,Lead,Partnerships,2026-07-08,2026-09-11,None,No Action Needed,Ready,No,100.0
CRM-002106,Zephyr Systems,Noah Tanaka,,+1 602 555 0179,United States,Technology,1-10,Website,SQL,Sales Ops,2026-07-08,2026-09-22,Missing Email,Owner Follow-up,Needs Follow-up,Yes,87.5
CRM-002107,Windmill Foods,Lucas Novak,lucas.novak@windmillfoods.example,+1 720 555 0112,United States,Retail,11-50,Referral,Lead,Sales Ops,2026-07-08,2026-07-16,Phone Format,Standardized,Ready,No,100.0
CRM-002108,Ulster Health,Clara Abbott,clara.abbott@ulsterhealth.example,+1 415 555 0105,United States,Healthcare,51-200,Website,Opportunity,Partnerships,2026-07-08,2026-09-22,None,No Action Needed,Ready,No,100.0
CRM-002109,Verdant Pharma,Theo Fischer,theo.fischer@verdantpharma.example,+44 20 7946 0885,United Kingdom,Healthcare,1-10,Website,MQL,Sales Ops,2026-07-09,2026-09-30,None,No Action Needed,Ready,No,100.0
CRM-002110,Pembroke Analytics,Owen Delgado,owen.delgado@pembrokeanalytics.example,+44 20 7946 0158,United Kingdom,Technology,1-10,Website,Lead,Customer Success,2026-07-09,2026-09-25,None,No Action Needed,Ready,No,100.0
CRM-002111,Zenith Partners,Hugo Walsh,hugo.walsh@zenithpartners.example,+1 971 555 0119,United States,,51-200,Partner,Lead,Marketing Ops,2026-07-09,2026-07-28,Missing Industry,Owner Follow-up,Needs Follow-up,Yes,87.5
CRM-002112,Rosewood Capital,Omar Brooks,omar.brooks@rosewoodcapital.example,+1 310 555 0121,United States,Finance,201-1000,Website,MQL,Partnerships,2026-07-09,2026-09-05,Company Casing,Standardized,Ready,No,100.0
CRM-002113,Inlet Networks,Owen Dawson,owen.dawson@inletnetworks.example,+1 416 555 0139,Canada,,1-10,Outbound,Opportunity,Sales Ops,2026-07-09,2026-09-26,Missing Industry,Owner Follow-up,Needs Follow-up,Yes,87.5
CRM-002114,Marlow Logistics,Mateo Kerr,mateo.kerr@marlowlogistics.example,+1 312 555 0147,United States,Logistics,51-200,Webinar,Lead,Sales Ops,2026-07-09,2026-07-30,Missing Phone,Enriched,Ready,No,100.0
CRM-002115,BluePeak Cloud,Mateo Sutton,mateo.sutton@bluepeakcloud.example,+1 604 555 0161,Canada,Technology,201-1000,Event,SQL,Customer Success,2026-07-09,2026-09-29,Missing Email,Enriched,Ready,No,100.0
CRM-002116,Raven Works,Ella Chandra,ella.chandra@ravenworks.example,+1 212 555 0147,United States,Manufacturing,51-200,Website,Customer,Marketing Ops,2026-07-09,2026-08-25,None,No Action Needed,Ready,No,100.0
CRM-002117,Bridgewater Labs,Hana Reeves,hana.reeves@bridgewaterlabs.example,+1 404 555 0136,United States,Technology,11-50,Outbound,MQL,Customer Success,2026-07-09,2026-08-17,Phone Format,Standardized,Ready,No,100.0
CRM-002118,Fernhill Marketing,Amara Fischer,amara.fischer@fernhillmarketing.example,+1 312 555 0156,United States,Media,11-50,Outbound,MQL,Growth Ops,2026-07-09,2026-07-26,None,No Action Needed,Ready,No,100.0
CRM-002119,Skyline Textiles,Owen Lawson,owen.lawson@skylinetextiles.example,+1 949 555 0130,United States,Manufacturing,1-10,Outbound,Customer,Partnerships,2026-07-09,2026-08-08,Invalid Email,Standardized,Ready,No,100.0
CRM-002120,Bayview Retail,Noah Everett,noah.everett@bayviewretail.example,+1 503 555 0115,United States,Retail,51-200,Webinar,Customer,Sales Ops,2026-07-09,2026-07-30,None,No Action Needed,Ready,No,100.0
CRM-002122,Vista Group,Jonah Carter,jonah.carter@vistagroup.example,+1 480 555 0192,United States,Professional Services,201-1000,Referral,Lead,Growth Ops,2026-07-10,2026-09-18,None,No Action Needed,Ready,No,100.0
CRM-002123,Zephyr Insurance,Jonah Irving,jonah.irving@zephyrinsurance.example,+1 480 555 0124,United States,Finance,11-50,Outbound,SQL,Partnerships,2026-07-10,2026-07-10,None,No Action Needed,Ready,No,100.0
CRM-002124,Meridian Energy,Nina Lawson,,+1 617 555 0193,United States,Energy,1-10,Referral,Lead,Growth Ops,2026-07-10,2026-09-08,Missing Email,Owner Follow-up,Needs Follow-up,Yes,87.5
CRM-002125,Prairie Marketing,Mira Delgado,mira.delgado@prairiemarketing.example,+1 305 555 0190,United States,Media,201-1000,Event,SQL,Sales Ops,2026-07-10,2026-07-15,None,No Action Needed,Ready,No,100.0
CRM-002126,Kenwood Analytics,Ella Ortega,ella.ortega@kenwoodanalytics.example,+1 702 555 0178,United States,Technology,51-200,Event,MQL,Partnerships,2026-07-10,2026-08-24,Duplicate Email,Merged,Ready,No,100.0
CRM-002127,Maple Textiles,Naomi Jordan,naomi.jordan@mapletextiles.example,+1 628 555 0168,United States,Manufacturing,51-200,Partner,Lead,Customer Success,2026-07-10,2026-09-01,None,No Action Needed,Ready,No,100.0
CRM-002128,Tidewater Robotics,Tessa Dawson,tessa.dawson@tidewaterrobotics.example,+1 628 555 0185,United States,Technology,1-10,Website,SQL,Customer Success,2026-07-10,2026-09-03,None,No Action Needed,Ready,No,100.0
CRM-002130,Dunmore Services,Daniel Morgan,daniel.morgan@dunmoreservices.example,+1 971 555 0135,United States,Professional Services,1-10,Referral,Customer,Customer Success,2026-07-11,2026-08-08,None,No Action Needed,Ready,No,100.0
CRM-002131,Vantage Marketing,Alicia Ivers,alicia.ivers@vantagemarketing.example,+1 713 555 0128,United States,Media,51-200,Outbound,MQL,Customer Success,2026-07-11,2026-09-25,Invalid Email,Standardized,Ready,No,100.0
CRM-002132,Silverline Supply,Priya Abbott,priya.abbott@silverlinesupply.example,+1 403 555 0131,Canada,Logistics,51-200,Event,Customer,Partnerships,2026-07-11,2026-08-27,Missing Phone,Enriched,Ready,No,100.0
CRM-002133,Willow Motors,Omar Lawson,omar.lawson@willowmotors.example,+44 20 7946 0458,United Kingdom,Manufacturing,11-50,Referral,Opportunity,Marketing Ops,2026-07-11,2026-07-15,Missing Email,Enriched,Ready,No,100.0
CRM-002134,Redwood Packaging,Isaac Quinn,isaac.quinn@redwoodpackaging.example,+1 415 555 0167,United States,Manufacturing,51-200,Outbound,Customer,Customer Success,2026-07-11,2026-08-05,None,No Action Needed,Ready,No,100.0
CRM-002135,Vantage Realty,Victor Morgan,victor.morgan@vantagerealty.example,+1 737 555 0154,United States,Professional Services,201-1000,Partner,Lead,Marketing Ops,2026-07-11,2026-09-21,Invalid Email,Standardized,Ready,No,100.0
CRM-002136,Birchwood Studios,Grace Hartley,grace.hartley@birchwoodstudios.example,+1 628 555 0146,United States,Media,1-10,Partner,Customer,Marketing Ops,2026-07-11,2026-07-12,Phone Format,Standardized,Ready,No,100.0
CRM-002137,Driftwood Packaging,Maya Rowe,maya.rowe@driftwoodpackaging.example,+1 416 555 0177,Canada,Manufacturing,51-200,Event,SQL,Sales Ops,2026-07-11,2026-08-25,Missing Industry,Enriched,Ready,No,100.0
CRM-002138,Redwood Supply,Maya Abbott,maya.abbott@redwoodsupply.example,+1 503 555 0130,United States,Logistics,11-50,Event,Customer,Marketing Ops,2026-07-11,2026-08-06,None,No Action Needed,Ready,No,100.0
CRM-002139,Raven Travel,Leah Patel,leah.patel@raventravel.example,+1 858 555 0187,United States,Logistics,11-50,Referral,MQL,Customer Success,2026-07-11,2026-07-29,Duplicate Email,Merged,Ready,No,100.0
CRM-002141,Rosewood Analytics,Ethan Novak,ethan.novak@rosewoodanalytics.example,+1 813 555 0185,United States,Technology,51-200,Website,Lead,Partnerships,2026-07-12,2026-08-29,None,No Action Needed,Ready,No,100.0
CRM-002142,Pinecrest Logistics,Rosa Vaughn,rosa.vaughn@pinecrestlogistics.example,+1 813 555 0142,United States,Logistics,11-50,Website,Customer,Customer Success,2026-07-12,2026-08-01,None,No Action Needed,Ready,No,100.0
CRM-002143,Nimbus Foods,Aaron Novak,,+1 503 555 0128,United States,Retail,11-50,Outbound,MQL,Sales Ops,2026-07-12,2026-09-07,Missing Email,Owner Follow-up,Needs Follow-up,Yes,87.5
CRM-002144,Olive Realty,Liam Sutton,liam.sutton@oliverealty.example,+1 415 555 0103,United States,Professional Services,1-10,Referral,Lead,Customer Success,2026-07-12,2026-09-19,None,No Action Needed,Ready,No,100.0
CRM-002145,Newport Logistics,Noah Shah,noah.shah@newportlogistics.example,+1 646 555 0198,United States,Logistics,1000+,Website,SQL,Customer Success,2026-07-12,2026-09-18,None,No Action Needed,Ready,No,100.0
CRM-002146,Birchwood Supply,Ravi Ellis,ravi.ellis@birchwoodsupply.example,+1 702 555 0158,United States,Logistics,11-50,Event,Opportunity,Sales Ops,2026-07-12,2026-09-01,None,No Action Needed,Ready,No,100.0
CRM-002147,Emberly Energy,Julia Sutton,julia.sutton@emberlyenergy.example,+44 20 7946 0345,United Kingdom,Energy,1-10,Website,Lead,Growth Ops,2026-07-12,2026-09-09,None,No Action Needed,Ready,No,100.0
CRM-002148,Sable Energy,Maya Jensen,maya.jensen@sableenergy.example,+1 858 555 0137,United States,Energy,11-50,Webinar,Opportunity,Growth Ops,2026-07-12,2026-08-29,None,No Action Needed,Ready,No,100.0
CRM-002149,Newport Industries,Hugo Walsh,hugo.walsh@newportindustries.example,+44 20 7946 0879,United Kingdom,Manufacturing,11-50,Event,Lead,Partnerships,2026-07-12,2026-08-23,None,No Action Needed,Ready,No,100.0
CRM-002150,Atlas Networks,Ella Hartley,ella.hartley@atlasnetworks.example,+1 949 555 0120,United States,Technology,1-10,Webinar,Lead,Growth Ops,2026-07-12,2026-08-23,None,No Action Needed,Ready,No,100.0
CRM-002152,Westbrook Retail,Hana Rowe,hana.rowe@westbrookretail.example,+1 971 555 0180,United States,Retail,1000+,Partner,Opportunity,Sales Ops,2026-07-13,2026-09-30,None,No Action Needed,Ready,No,100.0
CRM-002153,Highland Analytics,Clara Dawson,clara.dawson@highlandanalytics.example,+1 503 555 0177,United States,Technology,11-50,Outbound,Opportunity,Growth Ops,2026-07-13,2026-09-24,None,No Action Needed,Ready,No,100.0
CRM-002154,Verdant Media,Noah Shah,noah.shah@verdantmedia.example,+1 303 555 0118,United States,Media,11-50,Website,SQL,Customer Success,2026-07-13,2026-08-23,None,No Action Needed,Ready,No,100.0
CRM-002155,Newport Cloud,Caleb Reeves,caleb.reeves@newportcloud.example,+1 514 555 0191,Canada,Technology,11-50,Event,MQL,Marketing Ops,2026-07-13,2026-07-21,Phone Format,Standardized,Ready,No,100.0
CRM-002156,Landmark Retail,Jonah Irving,jonah.irving@landmarkretail.example,+1 305 555 0161,United States,Retail,51-200,Outbound,SQL,Sales Ops,2026-07-13,2026-07-28,None,No Action Needed,Ready,No,100.0
CRM-002157,Aspen Services,Felix Brooks,felix.brooks@aspenservices.example,+44 20 7946 0542,United Kingdom,Professional Services,1-10,Website,Lead,Growth Ops,2026-07-13,2026-08-06,None,No Action Needed,Ready,No,100.0
CRM-002158,Keystone Group,Tessa Walsh,tessa.walsh@keystonegroup.example,+1 312 555 0153,United States,Professional Services,201-1000,Referral,Lead,Partnerships,2026-07-13,2026-09-24,None,No Action Needed,Ready,No,100.0
CRM-002159,Olive Analytics,Ava Walsh,ava.walsh@oliveanalytics.example,+1 514 555 0124,Canada,Technology,1000+,Referral,Lead,Sales Ops,2026-07-13,2026-09-22,None,No Action Needed,Ready,No,100.0
CRM-002160,Olive Studios,Victor Mercer,victor.mercer@olivestudios.example,+1 425 555 0192,United States,Media,11-50,Website,Opportunity,Growth Ops,2026-07-13,2026-07-20,Missing Industry,Enriched,Ready,No,100.0
CRM-002161,Orchard Robotics,Priya Kerr,priya.kerr@orchardrobotics.example,+1 925 555 0114,United States,Technology,11-50,Webinar,SQL,Growth Ops,2026-07-13,2026-08-30,None,No Action Needed,Ready,No,100.0
CRM-002162,Ridgeline Supply,Felix Nolan,felix.nolan@ridgelinesupply.example,+1 971 555 0113,United States,Logistics,11-50,Website,Customer,Marketing Ops,2026-07-13,2026-07-15,None,No Action Needed,Ready,No,100.0
CRM-002163,Maple Packaging,Rosa Hartley,rosa.hartley@maplepackaging.example,+1 503 555 0197,United States,Manufacturing,1-10,Outbound,Opportunity,Sales Ops,2026-07-14,2026-09-22,None,No Action Needed,Ready,No,100.0
CRM-002164,Ironbridge Studios,Dylan Sutton,dylan.sutton@ironbridgestudios.example,+1 503 555 0112,United States,Media,11-50,Outbound,SQL,Sales Ops,2026-07-14,2026-09-20,Company Casing,Standardized,Ready,No,100.0
CRM-002165,Kingfisher Labs,Rosa Chandra,rosa.chandra@kingfisherlabs.example,+1 971 555 0168,United States,Technology,11-50,Website,MQL,Sales Ops,2026-07-14,2026-08-29,Invalid Email,Standardized,Ready,No,100.0
CRM-002166,Olive Education,Felix Everett,felix.everett@oliveeducation.example,+1 206 555 0115,United States,Education,11-50,Website,Customer,Sales Ops,2026-07-14,2026-08-14,None,No Action Needed,Ready,No,100.0
CRM-002167,Kenwood Supply,Kai Patel,kai.patel@kenwoodsupply.example,+1 619 555 0164,United States,Logistics,51-200,Outbound,Lead,Sales Ops,2026-07-14,2026-08-26,None,No Action Needed,Ready,No,100.0
CRM-002168,Clearwater Motors,Ethan Pruitt,ethan.pruitt@clearwatermotors.example,+1 713 555 0187,United States,Manufacturing,201-1000,Outbound,Lead,Partnerships,2026-07-14,2026-08-17,None,No Action Needed,Ready,No,100.0
CRM-002169,Summit Packaging,Mateo Pruitt,mateo.pruitt@summitpackaging.example,+1 469 555 0171,United States,Manufacturing,11-50,Referral,Customer,Marketing Ops,2026-07-14,2026-08-08,None,No Action Needed,Ready,No,100.0
CRM-002170,Quill Marketing,Grace Hayes,grace.hayes@quillmarketing.example,+1 425 555 0109,United States,Media,51-200,Event,Customer,Sales Ops,2026-07-14,2026-09-29,None,No Action Needed,Ready,No,100.0
CRM-002171,Trailhead Labs,Ava Reeves,ava.reeves@trailheadlabs.example,+44 20 7946 0260,United Kingdom,Technology,1-10,Referral,Customer,Sales Ops,2026-07-14,2026-08-04,Company Casing,Standardized,Ready,No,100.0
CRM-002172,Ironwood Services,Marcus Rowe,marcus.rowe@ironwoodservices.example,+1 619 555 0142,United States,Professional Services,1000+,Outbound,MQL,Growth Ops,2026-07-14,2026-08-17,Company Casing,Standardized,Ready,No,100.0
CRM-002174,Ironbridge Cloud,Aaron Everett,aaron.everett@ironbridgecloud.example,+1 602 555 0146,United States,Technology,51-200,Website,Customer,Customer Success,2026-07-15,2026-07-30,None,No Action Needed,Ready,No,100.0
CRM-002175,Olive Health,Omar Ivers,omar.ivers@olivehealth.example,+1 512 555 0171,United States,Healthcare,11-50,Partner,Lead,Sales Ops,2026-07-15,2026-08-06,None,No Action Needed,Ready,No,100.0
CRM-002176,Windmill Group,Sofia Jensen,sofia.jensen@windmillgroup.example,,United States,Professional Services,1-10,Website,Customer,Customer Success,2026-07-15,2026-09-16,Missing Phone,Owner Follow-up,Needs Follow-up,Yes,87.5
CRM-002177,Zephyr Software,Isaac Walsh,isaac.walsh@zephyrsoftware.example,+1 702 555 0151,United States,Technology,1-10,Referral,Customer,Marketing Ops,2026-07-15,2026-07-19,None,No Action Needed,Ready,No,100.0
CRM-002178,Vantage Studios,Jonah Ortega,jonah.ortega@vantagestudios.example,+1 206 555 0139,United States,Media,11-50,Webinar,MQL,Sales Ops,2026-07-15,2026-08-14,None,No Action Needed,Ready,No,100.0
CRM-002179,Brookside Design,Rosa Kerr,rosa.kerr@brooksidedesign.example,+1 813 555 0148,United States,Media,1-10,Referral,SQL,Partnerships,2026-07-15,2026-07-28,Missing Phone,Enriched,Ready,No,100.0
CRM-002180,Sable Industries,Zara Dawson,zara.dawson@sableindustries.example,+1 212 555 0176,United States,Manufacturing,51-200,Referral,Lead,Sales Ops,2026-07-15,2026-08-23,Missing Phone,Enriched,Ready,No,100.0
CRM-002181,Ironbridge Security,Rosa Walsh,rosa.walsh@ironbridgesecurity.example,+1 310 555 0110,United States,Technology,201-1000,Website,Customer,Sales Ops,2026-07-15,2026-09-29,None,No Action Needed,Ready,No,100.0
CRM-002182,Linden Services,Tessa Hayes,tessa.hayes@lindenservices.example,+1 404 555 0174,United States,Professional Services,11-50,Website,SQL,Sales Ops,2026-07-15,2026-08-30,Missing Industry,Enriched,Ready,No,100.0
CRM-002183,Umber Services,Amara Turner,amara.turner@umberservices.example,,United States,Professional Services,1-10,Website,MQL,Marketing Ops,2026-07-15,2026-08-03,Missing Phone,Owner Follow-up,Needs Follow-up,Yes,87.5
CRM-002184,Cascade Finance,Owen Lowe,owen.lowe@cascadefinance.example,+1 206 555 0156,United States,Finance,11-50,Partner,SQL,Partnerships,2026-07-15,2026-08-02,Missing Phone,Enriched,Ready,No,100.0
CRM-002185,Summit Cloud,Daniel Ivers,daniel.ivers@summitcloud.example,+1 480 555 0164,United States,Technology,1-10,Website,MQL,Marketing Ops,2026-07-15,2026-09-10,None,No Action Needed,Ready,No,100.0
CRM-002186,Sable Health,Dylan Lowe,dylan.lowe@sablehealth.example,+1 516 555 0119,United States,Healthcare,11-50,Referral,Lead,Customer Success,2026-07-15,2026-09-26,Invalid Email,Standardized,Ready,No,100.0
CRM-002187,Juniper Marketing,Hugo Dawson,hugo.dawson@junipermarketing.example,+1 602 555 0127,United States,Media,1-10,Website,MQL,Marketing Ops,2026-07-15,2026-08-01,Phone Format,Standardized,Ready,No,100.0
CRM-002188,Kingfisher Consulting,Victor Jensen,victor.jensen@kingfisherconsulting.example,+1 971 555 0116,United States,Professional Services,1-10,Outbound,SQL,Partnerships,2026-07-15,2026-07-29,None,No Action Needed,Ready,No,100.0
CRM-002189,Keystone Packaging,Clara Ivers,clara.ivers@keystonepackaging.example,+1 813 555 0173,United States,Manufacturing,1-10,Outbound,Customer,Marketing Ops,2026-07-15,2026-09-01,None,No Action Needed,Ready,No,100.0
CRM-002191,Goldcrest Travel,Daniel Hayes,daniel.hayes@goldcresttravel.example,+1 469 555 0155,United States,Logistics,1-10,Referral,Lead,Growth Ops,2026-07-16,2026-09-27,None,No Action Needed,Ready,No,100.0
CRM-002192,Verdant Software,Felix Brooks,felix.brooks@verdantsoftware.example,+1 206 555 0128,United States,Technology,11-50,Referral,Lead,Partnerships,2026-07-16,2026-07-26,None,No Action Needed,Ready,No,100.0
CRM-002193,Ironbridge Textiles,Maya Quinn,maya.quinn@ironbridgetextiles.example,+1 512 555 0198,United States,Manufacturing,1-10,Outbound,MQL,Customer Success,2026-07-16,2026-09-04,None,No Action Needed,Ready,No,100.0
CRM-002194,Kestrel Motors,Sofia Barnes,sofia.barnes@kestrelmotors.example,+1 813 555 0149,United States,Manufacturing,51-200,Event,SQL,Sales Ops,2026-07-16,2026-08-25,Duplicate Email,Merged,Ready,No,100.0
CRM-002195,Atlas Finance,Hana Reeves,hana.reeves@atlasfinance.example,+1 949 555 0119,United States,Finance,1-10,Referral,Lead,Customer Success,2026-07-16,2026-08-19,None,No Action Needed,Ready,No,100.0
CRM-002196,Sterling Retail,Ava Gallo,ava.gallo@sterlingretail.example,+1 516 555 0116,United States,Retail,11-50,Website,MQL,Growth Ops,2026-07-16,2026-08-05,Phone Format,Standardized,Ready,No,100.0
CRM-002197,Cascade Networks,Naomi Turner,naomi.turner@cascadenetworks.example,+1 602 555 0189,United States,Technology,1-10,Webinar,MQL,Growth Ops,2026-07-16,2026-09-19,None,No Action Needed,Ready,No,100.0
CRM-002198,Emberly Insurance,Alicia Walsh,alicia.walsh@emberlyinsurance.example,+1 480 555 0103,United States,Finance,1000+,Website,SQL,Marketing Ops,2026-07-16,2026-09-28,Company Casing,Standardized,Ready,No,100.0
CRM-002199,BluePeak Packaging,Hana Vaughn,hana.vaughn@bluepeakpackaging.example,+1 737 555 0142,United States,Manufacturing,1-10,Outbound,MQL,Growth Ops,2026-07-16,2026-08-06,None,No Action Needed,Ready,No,100.0
CRM-002200,Trailhead Services,Zara Jordan,zara.jordan@trailheadservices.example,+1 949 555 0188,United States,Professional Services,11-50,Partner,Opportunity,Marketing Ops,2026-07-16,2026-09-03,None,No Action Needed,Ready,No,100.0
CRM-002201,Cascade Group,Jonah Pruitt,jonah.pruitt@cascadegroup.example,+44 20 7946 0050,United Kingdom,Professional Services,11-50,Website,MQL,Customer Success,2026-07-16,2026-08-07,None,No Action Needed,Ready,No,100.0
CRM-002202,Dovetail Marketing,Mira Keller,mira.keller@dovetailmarketing.example,+44 20 7946 0110,United Kingdom,Media,11-50,Event,Customer,Growth Ops,2026-07-16,2026-07-18,None,No Action Needed,Ready,No,100.0
CRM-002203,Skyline Works,Isaac Okafor,isaac.okafor@skylineworks.example,+44 20 7946 0506,United Kingdom,Manufacturing,51-200,Outbound,SQL,Marketing Ops,2026-07-16,2026-08-04,None,No Action Needed,Ready,No,100.0
CRM-002204,Northgate Realty,Noah Pruitt,noah.pruitt@northgaterealty.example,+1 503 555 0155,United States,Professional Services,11-50,Event,Lead,Marketing Ops,2026-07-17,2026-08-28,None,No Action Needed,Ready,No,100.0
CRM-002205,Quarry Insurance,Owen Ellis,owen.ellis@quarryinsurance.example,+1 720 555 0155,United States,Finance,51-200,Website,SQL,Growth Ops,2026-07-17,2026-08-30,None,No Action Needed,Ready,No,100.0
CRM-002206,Pinecrest Pharma,Lena Rowe,lena.rowe@pinecrestpharma.example,+1 949 555 0174,United States,Healthcare,11-50,Referral,Opportunity,Customer Success,2026-07-17,2026-09-28,None,No Action Needed,Ready,No,100.0
CRM-002207,Summit Supply,Ines Gallo,ines.gallo@summitsupply.example,+1 949 555 0116,United States,Logistics,51-200,Website,MQL,Sales Ops,2026-07-17,2026-07-29,Company Casing,Standardized,Ready,No,100.0
CRM-002208,Alder Textiles,Maya Kerr,,+1 628 555 0148,United States,Manufacturing,51-200,Referral,Customer,Partnerships,2026-07-17,2026-09-11,Invalid Email,Owner Follow-up,Needs Follow-up,Yes,87.5
CRM-002209,Goldcrest Analytics,Caleb Turner,caleb.turner@goldcrestanalytics.example,+1 737 555 0166,United States,Technology,201-1000,Referral,Customer,Marketing Ops,2026-07-17,2026-09-06,None,No Action Needed,Ready,No,100.0
CRM-002210,Hawthorn Marketing,Mira Dawson,mira.dawson@hawthornmarketing.example,+1 646 555 0105,United States,Media,1000+,Website,Opportunity,Marketing Ops,2026-07-17,2026-09-02,None,No Action Needed,Ready,No,100.0
CRM-002211,Orchard Foods,Lucas Ortega,lucas.ortega@orchardfoods.example,+1 310 555 0149,United States,Retail,1-10,Referral,Lead,Marketing Ops,2026-07-17,2026-09-02,Missing Industry,Enriched,Ready,No,100.0
CRM-002212,Jasper Partners,Zara Tanaka,zara.tanaka@jasperpartners.example,+1 206 555 0186,United States,Professional Services,11-50,Outbound,Opportunity,Customer Success,2026-07-17,2026-07-24,None,No Action Needed,Ready,No,100.0
CRM-002213,Greenline Retail,Priya Quinn,priya.quinn@greenlineretail.example,+44 20 7946 0572,United Kingdom,Retail,201-1000,Partner,SQL,Customer Success,2026-07-17,2026-09-28,None,No Action Needed,Ready,No,100.0
CRM-002214,Brightpath Industries,Clara Lawson,clara.lawson@brightpathindustries.example,+1 628 555 0102,United States,Manufacturing,11-50,Event,Lead,Marketing Ops,2026-07-17,2026-09-16,Company Casing,Standardized,Ready,No,100.0
CRM-002215,Wexford Media,Sofia Barnes,sofia.barnes@wexfordmedia.example,+1 713 555 0110,United States,Media,51-200,Webinar,Lead,Sales Ops,2026-07-17,2026-07-26,Phone Format,Standardized,Ready,No,100.0
CRM-002216,Thornfield Realty,Priya Rowe,priya.rowe@thornfieldrealty.example,+1 613 555 0164,Canada,Professional Services,1-10,Referral,SQL,Sales Ops,2026-07-17,2026-09-04,None,No Action Needed,Ready,No,100.0
CRM-002217,Granite Marketing,Priya Grant,priya.grant@granitemarketing.example,+1 415 555 0100,United States,Media,51-200,Outbound,SQL,Marketing Ops,2026-07-18,2026-08-11,Phone Format,Standardized,Ready,No,100.0
CRM-002218,Riverside Pharma,Alicia Keller,alicia.keller@riversidepharma.example,+1 404 555 0173,United States,Healthcare,11-50,Outbound,SQL,Partnerships,2026-07-18,2026-08-27,Company Casing,Standardized,Ready,No,100.0
CRM-002219,Indigo Education,Noah Carter,noah.carter@indigoeducation.example,+1 949 555 0194,United States,Education,51-200,Website,Opportunity,Growth Ops,2026-07-18,2026-09-08,None,No Action Needed,Ready,No,100.0
CRM-002220,Vista Motors,Caleb Okafor,caleb.okafor@vistamotors.example,+1 480 555 0156,United States,Manufacturing,201-1000,Webinar,MQL,Sales Ops,2026-07-18,2026-09-05,None,No Action Needed,Ready,No,100.0
CRM-002221,Lighthouse Security,Omar Quinn,omar.quinn@lighthousesecurity.example,+1 628 555 0162,United States,Technology,11-50,Event,Customer,Sales Ops,2026-07-18,2026-08-15,None,No Action Needed,Ready,No,100.0
CRM-002222,Yarrow Analytics,Maya Keller,maya.keller@yarrowanalytics.example,+1 813 555 0118,United States,Technology,11-50,Website,Customer,Growth Ops,2026-07-18,2026-09-18,Missing Phone,Enriched,Ready,No,100.0
CRM-002223,Eastgate Software,Alicia Mercer,alicia.mercer@eastgatesoftware.example,+1 646 555 0169,United States,Technology,11-50,Partner,Customer,Sales Ops,2026-07-18,2026-09-30,None,No Action Needed,Ready,No,100.0
CRM-002224,Crestview Supply,Daniel Vaughn,daniel.vaughn@crestviewsupply.example,+1 503 555 0135,United States,Logistics,11-50,Event,MQL,Customer Success,2026-07-18,2026-09-06,None,No Action Needed,Ready,No,100.0
CRM-002225,Kenwood Energy,Grace Hartley,,+1 469 555 0175,United States,Energy,1000+,Website,SQL,Partnerships,2026-07-18,2026-08-01,Missing Email,Owner Follow-up,Needs Follow-up,Yes,87.5
CRM-002226,Wexford Software,Naomi Jensen,naomi.jensen@wexfordsoftware.example,+1 949 555 0111,United States,,11-50,Webinar,SQL,Sales Ops,2026-07-18,2026-09-18,Missing Industry,Owner Follow-up,Needs Follow-up,Yes,87.5
CRM-002227,Ridgeline Works,Omar Shah,omar.shah@ridgelineworks.example,+44 20 7946 0433,United Kingdom,Manufacturing,11-50,Outbound,Lead,Marketing Ops,2026-07-18,2026-08-06,None,No Action Needed,Ready,No,100.0
CRM-002228,Quarry Partners,Omar Lowe,omar.lowe@quarrypartners.example,+1 971 555 0169,United States,Professional Services,51-200,Webinar,Lead,Customer Success,2026-07-18,2026-07-23,Duplicate Email,Merged,Ready,No,100.0
CRM-002229,Foxglove Marketing,Rosa Vaughn,rosa.vaughn@foxglovemarketing.example,+1 858 555 0141,United States,Media,1-10,Referral,Lead,Customer Success,2026-07-18,2026-09-30,None,No Action Needed,Ready,No,100.0
CRM-002232,Zenith Studios,Noah Patel,noah.patel@zenithstudios.example,+1 713 555 0143,United States,Media,201-1000,Website,Lead,Marketing Ops,2026-07-19,2026-09-27,None,No Action Needed,Ready,No,100.0
CRM-002233,Emberly Software,Mira Walsh,mira.walsh@emberlysoftware.example,+1 917 555 0159,United States,Technology,11-50,Outbound,SQL,Marketing Ops,2026-07-19,2026-08-25,None,No Action Needed,Ready,No,100.0
CRM-002234,Alder Consulting,Leah Keller,leah.keller@alderconsulting.example,+1 602 555 0120,United States,Professional Services,201-1000,Referral,MQL,Partnerships,2026-07-19,2026-08-30,None,No Action Needed,Ready,No,100.0
CRM-002235,Indigo Realty,Sofia Nolan,sofia.nolan@indigorealty.example,+1 469 555 0116,United States,Professional Services,11-50,Outbound,Customer,Customer Success,2026-07-19,2026-07-26,None,No Action Needed,Ready,No,100.0
CRM-002236,Birchwood Foods,Alicia Tanaka,alicia.tanaka@birchwoodfoods.example,+1 602 555 0177,United States,Retail,1-10,Website,MQL,Growth Ops,2026-07-19,2026-08-05,None,No Action Needed,Ready,No,100.0
CRM-002237,Granite Capital,Felix Everett,felix.everett@granitecapital.example,+1 737 555 0195,United States,Finance,201-1000,Website,Opportunity,Customer Success,2026-07-19,2026-08-11,Phone Format,Standardized,Ready,No,100.0
CRM-002238,Harbor Industries,Ravi Patel,ravi.patel@harborindustries.example,+1 469 555 0168,United States,Manufacturing,11-50,Website,SQL,Partnerships,2026-07-19,2026-09-05,None,No Action Needed,Ready,No,100.0
CRM-002239,Tidewater Security,Ravi Turner,ravi.turner@tidewatersecurity.example,,United States,Technology,11-50,Referral,Customer,Customer Success,2026-07-19,2026-08-23,Missing Phone,Owner Follow-up,Needs Follow-up,Yes,87.5
CRM-002240,Cobalt Logistics,Maya Reeves,maya.reeves@cobaltlogistics.example,+1 416 555 0175,Canada,Logistics,1-10,Outbound,SQL,Customer Success,2026-07-19,2026-07-22,Company Casing,Standardized,Ready,No,100.0
CRM-002241,Redwood Partners,Mira Young,mira.young@redwoodpartners.example,+1 415 555 0169,United States,Professional Services,11-50,Partner,Lead,Partnerships,2026-07-19,2026-08-25,None,No Action Needed,Ready,No,100.0
CRM-002242,Marlow Industries,Mateo Ortega,mateo.ortega@marlowindustries.example,+1 480 555 0178,United States,Manufacturing,1-10,Referral,SQL,Partnerships,2026-07-19,2026-08-16,None,No Action Needed,Ready,No,100.0
CRM-002243,Dunmore Health,Ethan Walsh,ethan.walsh@dunmorehealth.example,+1 971 555 0111,United States,Healthcare,11-50,Webinar,Customer,Customer Success,2026-07-20,2026-07-22,None,No Action Needed,Ready,No,100.0
CRM-002244,Zephyr Services,Ella Kerr,,+1 514 555 0100,Canada,Professional Services,1000+,Website,SQL,Marketing Ops,2026-07-20,2026-09-22,Missing Email,Owner Follow-up,Needs Follow-up,Yes,87.5
CRM-002245,Brookside Solutions,Lucas Walsh,lucas.walsh@brooksidesolutions.example,+1 516 555 0114,United States,Technology,201-1000,Webinar,Lead,Growth Ops,2026-07-20,2026-08-10,None,No Action Needed,Ready,No,100.0
CRM-002246,Harbor Retail,Marcus Turner,marcus.turner@harborretail.example,+1 503 555 0160,United States,Retail,1000+,Outbound,MQL,Partnerships,2026-07-20,2026-09-17,None,No Action Needed,Ready,No,100.0
CRM-002247,Lakeshore Solutions,Tessa Carter,tessa.carter@lakeshoresolutions.example,+1 925 555 0174,United States,Technology,51-200,Website,Lead,Sales Ops,2026-07-20,2026-07-22,None,No Action Needed,Ready,No,100.0
CRM-002248,Willow Group,Kai Hartley,kai.hartley@willowgroup.example,+1 516 555 0137,United States,Professional Services,11-50,Website,MQL,Marketing Ops,2026-07-20,2026-08-23,None,No Action Needed,Ready,No,100.0
CRM-002249,Juniper Retail,Lucas Delgado,lucas.delgado@juniperretail.example,+1 303 555 0164,United States,Retail,51-200,Partner,Lead,Customer Success,2026-07-20,2026-07-30,Missing Phone,Enriched,Ready,No,100.0
CRM-002250,Fairview Marketing,Jonah Reeves,jonah.reeves@fairviewmarketing.example,+1 602 555 0170,United States,Media,1-10,Event,MQL,Marketing Ops,2026-07-20,2026-08-04,None,No Action Needed,Ready,No,100.0
CRM-002251,Beacon Design,Ava Barnes,ava.barnes@beacondesign.example,+1 604 555 0172,Canada,Media,11-50,Partner,SQL,Growth Ops,2026-07-20,2026-07-29,None,No Action Needed,Ready,No,100.0
CRM-002252,Ulster Solutions,Priya Lowe,priya.lowe@ulstersolutions.example,+1 514 555 0111,Canada,Technology,1-10,Event,Customer,Marketing Ops,2026-07-21,2026-08-19,None,No Action Needed,Ready,No,100.0
CRM-002253,Harbor Labs,Kai Dawson,kai.dawson@harborlabs.example,+1 503 555 0119,United States,Technology,11-50,Website,Customer,Sales Ops,2026-07-21,2026-09-29,None,No Action Needed,Ready,No,100.0
CRM-002254,Quarry Industries,Zara Sutton,zara.sutton@quarryindustries.example,,United States,Manufacturing,11-50,Event,Opportunity,Marketing Ops,2026-07-21,2026-09-26,Missing Phone,Owner Follow-up,Needs Follow-up,Yes,87.5
CRM-002255,Lakeshore Foods,Nina Shah,nina.shah@lakeshorefoods.example,+1 312 555 0128,United States,Retail,11-50,Event,Lead,Marketing Ops,2026-07-21,2026-08-31,None,No Action Needed,Ready,No,100.0
CRM-002256,Amberly Logistics,Victor Barnes,victor.barnes@amberlylogistics.example,+44 20 7946 0208,United Kingdom,Logistics,11-50,Referral,SQL,Growth Ops,2026-07-21,2026-08-23,None,No Action Needed,Ready,No,100.0
CRM-002257,Emberly Pharma,Caleb Pruitt,caleb.pruitt@emberlypharma.example,+1 901 555 0120,United States,Healthcare,1-10,Partner,MQL,Marketing Ops,2026-07-21,2026-09-14,Missing Industry,Enriched,Ready,No,100.0
CRM-002258,Millbrook Travel,Owen Ivers,owen.ivers@millbrooktravel.example,+1 619 555 0177,United States,Logistics,1-10,Referral,SQL,Growth Ops,2026-07-21,2026-09-02,None,No Action Needed,Ready,No,100.0
CRM-002259,Skyline Retail,Omar Sutton,omar.sutton@skylineretail.example,+1 503 555 0195,United States,Retail,201-1000,Website,SQL,Partnerships,2026-07-21,2026-09-05,Duplicate Email,Merged,Ready,No,100.0
CRM-002260,Goldcrest Realty,Tessa Quinn,tessa.quinn@goldcrestrealty.example,+1 737 555 0112,United States,Professional Services,51-200,Website,MQL,Customer Success,2026-07-21,2026-08-11,None,No Action Needed,Ready,No,100.0
CRM-002261,Pioneer Packaging,Leah Jensen,leah.jensen@pioneerpackaging.example,+44 20 7946 0428,United Kingdom,Manufacturing,1000+,Referral,SQL,Partnerships,2026-07-21,2026-09-05,Company Casing,Standardized,Ready,No,100.0
CRM-002262,Pembroke Pharma,Priya Sutton,priya.sutton@pembrokepharma.example,+1 613 555 0124,Canada,Healthcare,51-200,Event,MQL,Customer Success,2026-07-21,2026-08-14,None,No Action Needed,Ready,No,100.0
CRM-002263,Lighthouse Motors,Ethan Brooks,ethan.brooks@lighthousemotors.example,+1 617 555 0103,United States,Manufacturing,51-200,Referral,Lead,Customer Success,2026-07-21,2026-07-23,None,No Action Needed,Ready,No,100.0
CRM-002264,Rosewood Supply,Ravi Young,ravi.young@rosewoodsupply.example,+44 20 7946 0003,United Kingdom,Logistics,1-10,Partner,Opportunity,Sales Ops,2026-07-21,2026-08-18,None,No Action Needed,Ready,No,100.0
CRM-002265,Beacon Energy,Ines Reeves,ines.reeves@beaconenergy.example,+1 212 555 0102,United States,Energy,11-50,Webinar,MQL,Partnerships,2026-07-22,2026-08-14,Company Casing,Standardized,Ready,No,100.0
CRM-002266,Vantage Analytics,Owen Mercer,owen.mercer@vantageanalytics.example,+1 917 555 0181,United States,Technology,1-10,Website,Lead,Customer Success,2026-07-22,2026-08-25,Missing Industry,Enriched,Ready,No,100.0
CRM-002267,Zenith Retail,Ella Ellis,ella.ellis@zenithretail.example,+1 425 555 0113,United States,Retail,1-10,Referral,SQL,Sales Ops,2026-07-22,2026-09-19,None,No Action Needed,Ready,No,100.0
CRM-002268,Silverline Services,Owen Dawson,owen.dawson@silverlineservices.example,+1 901 555 0104,United States,Professional Services,1000+,Partner,MQL,Sales Ops,2026-07-22,2026-09-14,None,No Action Needed,Ready,No,100.0
CRM-002269,Juniper Labs,Lucas Reeves,lucas.reeves@juniperlabs.example,+1 613 555 0132,Canada,Technology,11-50,Webinar,Customer,Partnerships,2026-07-22,2026-08-05,Duplicate Company,Merged,Ready,No,100.0
CRM-002270,Indigo Robotics,Jonah Kerr,jonah.kerr@indigorobotics.example,+1 628 555 0178,United States,Technology,1000+,Webinar,Opportunity,Partnerships,2026-07-22,2026-07-25,None,No Action Needed,Ready,No,100.0
CRM-002271,Millbrook Cloud,Priya Jordan,priya.jordan@millbrookcloud.example,+1 404 555 0185,United States,Technology,1-10,Outbound,Opportunity,Sales Ops,2026-07-22,2026-09-03,None,No Action Needed,Ready,No,100.0
CRM-002272,Glenmore Retail,Amara Dawson,amara.dawson@glenmoreretail.example,+1 212 555 0105,United States,Retail,1-10,Referral,Lead,Customer Success,2026-07-22,2026-07-29,Phone Format,Standardized,Ready,No,100.0
CRM-002273,Beacon Software,Julia Quinn,julia.quinn@beaconsoftware.example,+1 628 555 0152,United States,Technology,51-200,Website,SQL,Marketing Ops,2026-07-22,2026-09-06,None,No Action Needed,Ready,No,100.0
CRM-002274,Kenwood Marketing,Ines Pruitt,ines.pruitt@kenwoodmarketing.example,,United States,Media,51-200,Website,Lead,Sales Ops,2026-07-22,2026-08-22,Missing Phone,Owner Follow-up,Needs Follow-up,Yes,87.5
CRM-002275,Valley Solutions,Noah Keller,noah.keller@valleysolutions.example,+1 713 555 0125,United States,Technology,1-10,Website,Lead,Partnerships,2026-07-22,2026-09-20,None,No Action Needed,Ready,No,100.0
CRM-002276,Redwood Solutions,Naomi Turner,naomi.turner@redwoodsolutions.example,+1 425 555 0164,United States,Technology,1-10,Website,Opportunity,Sales Ops,2026-07-22,2026-09-12,Missing Phone,Enriched,Ready,No,100.0
CRM-002277,Copperfield Group,Clara Ivers,clara.ivers@copperfieldgroup.example,+1 646 555 0120,United States,,11-50,Website,Opportunity,Customer Success,2026-07-22,2026-07-31,Missing Industry,Owner Follow-up,Needs Follow-up,Yes,87.5
CRM-002278,Harbor Media,Ava Jordan,ava.jordan@harbormedia.example,+1 503 555 0188,United States,Media,11-50,Event,MQL,Partnerships,2026-07-22,2026-08-28,Company Casing,Standardized,Ready,No,100.0
CRM-002279,Newport Realty,Isaac Mercer,isaac.mercer@newportrealty.example,+44 20 7946 0972,United Kingdom,Professional Services,1-10,Partner,Opportunity,Customer Success,2026-07-23,2026-08-15,None,No Action Needed,Ready,No,100.0
CRM-002280,Pembroke Retail,Daniel Morgan,daniel.morgan@pembrokeretail.example,+1 503 555 0175,United States,Retail,1-10,Partner,SQL,Sales Ops,2026-07-23,2026-09-08,Phone Format,Standardized,Ready,No,100.0
CRM-002281,Crestview Motors,Omar Shah,omar.shah@crestviewmotors.example,,United States,Manufacturing,201-1000,Partner,SQL,Partnerships,2026-07-23,2026-07-31,Missing Phone,Owner Follow-up,Needs Follow-up,Yes,87.5
CRM-002282,Riverside Packaging,Rosa Delgado,rosa.delgado@riversidepackaging.example,+1 628 555 0184,United States,Manufacturing,11-50,Website,Customer,Sales Ops,2026-07-23,2026-08-03,None,No Action Needed,Ready,No,100.0
CRM-002283,Glenmore Health,Kai Barnes,kai.barnes@glenmorehealth.example,+1 305 555 0134,United States,Healthcare,51-200,Website,Customer,Partnerships,2026-07-23,2026-08-09,Phone Format,Standardized,Ready,No,100.0
CRM-002284,Riverside Health,Naomi Novak,naomi.novak@riversidehealth.example,+1 602 555 0187,United States,Healthcare,201-1000,Referral,Customer,Growth Ops,2026-07-23,2026-09-30,Missing Phone,Enriched,Ready,No,100.0
CRM-002285,Sterling Supply,Tessa Everett,tessa.everett@sterlingsupply.example,+1 925 555 0186,United States,Logistics,11-50,Outbound,Lead,Sales Ops,2026-07-23,2026-09-10,Company Casing,Standardized,Ready,No,100.0
CRM-002286,Yarrow Capital,Marcus Tanaka,marcus.tanaka@yarrowcapital.example,+1 925 555 0108,United States,Finance,1-10,Outbound,Opportunity,Partnerships,2026-07-23,2026-07-23,Phone Format,Standardized,Ready,No,100.0
CRM-002287,Newport Motors,Liam Delgado,liam.delgado@newportmotors.example,+1 516 555 0183,United States,Manufacturing,1-10,Referral,SQL,Marketing Ops,2026-07-23,2026-08-16,None,No Action Needed,Ready,No,100.0
CRM-002288,Juniper Finance,Grace Gallo,grace.gallo@juniperfinance.example,+1 212 555 0142,United States,Finance,11-50,Referral,SQL,Marketing Ops,2026-07-23,2026-08-29,None,No Action Needed,Ready,No,100.0
CRM-002289,Pembroke Cloud,Mateo Lowe,mateo.lowe@pembrokecloud.example,+1 925 555 0109,United States,Technology,201-1000,Website,SQL,Partnerships,2026-07-23,2026-08-25,None,No Action Needed,Ready,No,100.0
CRM-002290,Keystone Media,Mateo Okafor,mateo.okafor@keystonemedia.example,+1 516 555 0165,United States,Media,11-50,Webinar,Lead,Partnerships,2026-07-24,2026-08-21,None,No Action Needed,Ready,No,100.0
CRM-002291,Crestview Systems,Kai Jordan,kai.jordan@crestviewsystems.example,+1 737 555 0131,United States,Technology,11-50,Outbound,Lead,Partnerships,2026-07-24,2026-09-13,None,No Action Needed,Ready,No,100.0
CRM-002292,Olive Finance,Liam Jordan,liam.jordan@olivefinance.example,+1 737 555 0127,United States,Finance,11-50,Webinar,MQL,Sales Ops,2026-07-24,2026-09-30,Missing Phone,Enriched,Ready,No,100.0
CRM-002293,Clearwater Staffing,Daniel Lowe,daniel.lowe@clearwaterstaffing.example,+1 516 555 0132,United States,Professional Services,11-50,Partner,Lead,Partnerships,2026-07-24,2026-08-28,Missing Industry,Enriched,Ready,No,100.0
CRM-002294,Highland Partners,Felix Ellis,,+1 514 555 0105,Canada,Professional Services,11-50,Outbound,MQL,Marketing Ops,2026-07-24,2026-07-30,Missing Email,Owner Follow-up,Needs Follow-up,Yes,87.5
CRM-002295,Gladstone Partners,Mira Barnes,mira.barnes@gladstonepartners.example,+1 604 555 0137,Canada,Professional Services,11-50,Website,Customer,Marketing Ops,2026-07-24,2026-09-18,None,No Action Needed,Ready,No,100.0
CRM-002296,Canyon Travel,Caleb Young,caleb.young@canyontravel.example,+1 305 555 0178,United States,Logistics,51-200,Outbound,Lead,Partnerships,2026-07-24,2026-08-20,Invalid Email,Standardized,Ready,No,100.0
CRM-002297,Indigo Solutions,Zara Ivers,zara.ivers@indigosolutions.example,+1 212 555 0112,United States,Technology,51-200,Event,Opportunity,Partnerships,2026-07-24,2026-08-18,None,No Action Needed,Ready,No,100.0
CRM-002298,Alder Supply,Mira Novak,mira.novak@aldersupply.example,+44 20 7946 0189,United Kingdom,Logistics,11-50,Outbound,SQL,Growth Ops,2026-07-24,2026-07-28,Duplicate Company,Merged,Ready,No,100.0
CRM-002299,Birchwood Realty,Lena Reeves,lena.reeves@birchwoodrealty.example,+1 310 555 0130,United States,Professional Services,11-50,Referral,Lead,Marketing Ops,2026-07-24,2026-08-12,None,No Action Needed,Ready,No,100.0
CRM-002300,Greenline Realty,Mateo Carter,mateo.carter@greenlinerealty.example,+1 469 555 0178,United States,Professional Services,1-10,Website,Lead,Marketing Ops,2026-07-24,2026-09-08,None,No Action Needed,Ready,No,100.0
CRM-002301,Quarry Group,Zara Jensen,zara.jensen@quarrygroup.example,+1 404 555 0139,United States,Professional Services,1-10,Website,SQL,Marketing Ops,2026-07-25,2026-07-29,None,No Action Needed,Ready,No,100.0
CRM-002302,Kenwood Solutions,Marcus Carter,marcus.carter@kenwoodsolutions.example,+1 305 555 0122,United States,Technology,51-200,Event,Customer,Customer Success,2026-07-25,2026-08-23,None,No Action Needed,Ready,No,100.0
CRM-002303,Dunmore Motors,Owen Okafor,owen.okafor@dunmoremotors.example,+1 310 555 0109,United States,Manufacturing,11-50,Outbound,Opportunity,Customer Success,2026-07-25,2026-09-05,None,No Action Needed,Ready,No,100.0
CRM-002304,Kestrel Travel,Ethan Gallo,ethan.gallo@kestreltravel.example,+1 469 555 0129,United States,Logistics,51-200,Referral,Lead,Growth Ops,2026-07-25,2026-07-27,None,No Action Needed,Ready,No,100.0
CRM-002305,Quill Finance,Caleb Jordan,caleb.jordan@quillfinance.example,+1 415 555 0165,United States,Finance,11-50,Website,SQL,Marketing Ops,2026-07-25,2026-07-29,Phone Format,Standardized,Ready,No,100.0
CRM-002306,Crestview Realty,Owen Rowe,owen.rowe@crestviewrealty.example,+1 312 555 0169,United States,Professional Services,1-10,Referral,Opportunity,Marketing Ops,2026-07-25,2026-08-09,None,No Action Needed,Ready,No,100.0
CRM-002307,Brightpath Supply,Ella Vaughn,ella.vaughn@brightpathsupply.example,+1 720 555 0142,United States,Logistics,1-10,Website,Opportunity,Growth Ops,2026-07-25,2026-09-03,None,No Action Needed,Ready,No,100.0
CRM-002308,Summit Motors,Lena Irving,lena.irving@summitmotors.example,+1 303 555 0119,United States,Manufacturing,1-10,Outbound,SQL,Marketing Ops,2026-07-25,2026-08-23,Phone Format,Standardized,Ready,No,100.0
CRM-002309,Zephyr Works,Nina Hartley,nina.hartley@zephyrworks.example,+1 469 555 0145,United States,Manufacturing,11-50,Website,Lead,Growth Ops,2026-07-25,2026-07-29,None,No Action Needed,Ready,No,100.0
CRM-002310,Redwood Robotics,Victor Reeves,victor.reeves@redwoodrobotics.example,+1 403 555 0113,Canada,Technology,201-1000,Website,Customer,Sales Ops,2026-07-25,2026-09-02,None,No Action Needed,Ready,No,100.0
CRM-002311,Amberly Finance,Daniel Turner,daniel.turner@amberlyfinance.example,+1 713 555 0181,United States,Finance,1-10,Outbound,SQL,Customer Success,2026-07-25,2026-09-10,None,No Action Needed,Ready,No,100.0
CRM-002312,Wexford Realty,Ava Barnes,ava.barnes@wexfordrealty.example,+1 925 555 0131,United States,Professional Services,51-200,Referral,Lead,Partnerships,2026-07-25,2026-08-29,None,No Action Needed,Ready,No,100.0
CRM-002313,Indigo Partners,Sofia Mercer,sofia.mercer@indigopartners.example,+1 737 555 0190,United States,Professional Services,201-1000,Outbound,Opportunity,Growth Ops,2026-07-25,2026-08-14,None,No Action Needed,Ready,No,100.0
CRM-002314,Ironbridge Logistics,Ethan Brooks,ethan.brooks@ironbridgelogistics.example,+1 206 555 0103,United States,Logistics,1-10,Outbound,Lead,Customer Success,2026-07-25,2026-07-29,Missing Email,Enriched,Ready,No,100.0
CRM-002315,Amberly Cloud,Ethan Lowe,ethan.lowe@amberlycloud.example,+1 425 555 0100,United States,Technology,11-50,Outbound,Lead,Partnerships,2026-07-25,2026-09-29,None,No Action Needed,Ready,No,100.0
CRM-002316,Olive Solutions,Clara Nolan,clara.nolan@olivesolutions.example,+1 416 555 0102,Canada,Technology,11-50,Event,SQL,Sales Ops,2026-07-25,2026-09-02,Missing Industry,Enriched,Ready,No,100.0
CRM-002317,Vista Pharma,Victor Vaughn,victor.vaughn@vistapharma.example,+1 206 555 0178,United States,Healthcare,1-10,Partner,MQL,Marketing Ops,2026-07-26,2026-09-08,Missing Email,Enriched,Ready,No,100.0
CRM-002318,Olive Foods,Lena Turner,lena.turner@olivefoods.example,+1 469 555 0148,United States,Retail,201-1000,Outbound,Opportunity,Partnerships,2026-07-26,2026-09-15,None,No Action Needed,Ready,No,100.0
CRM-002319,Alder Group,Ravi Fischer,ravi.fischer@aldergroup.example,+1 646 555 0192,United States,Professional Services,11-50,Referral,Customer,Sales Ops,2026-07-26,2026-08-22,None,No Action Needed,Ready,No,100.0
CRM-002320,Granite Finance,Marcus Tanaka,marcus.tanaka@granitefinance.example,+1 628 555 0113,United States,Finance,11-50,Webinar,Lead,Sales Ops,2026-07-26,2026-08-16,None,No Action Needed,Ready,No,100.0
CRM-002321,Redwood Travel,Maya Sutton,maya.sutton@redwoodtravel.example,+44 20 7946 0376,United Kingdom,Logistics,51-200,Website,Customer,Customer Success,2026-07-26,2026-09-22,None,No Action Needed,Ready,No,100.0
CRM-002322,Atlas Robotics,Rosa Chandra,rosa.chandra@atlasrobotics.example,+1 737 555 0103,United States,Technology,1000+,Referral,Lead,Marketing Ops,2026-07-26,2026-09-12,None,No Action Needed,Ready,No,100.0
CRM-002323,Bayview Energy,Ava Novak,ava.novak@bayviewenergy.example,+1 925 555 0162,United States,Energy,1-10,Partner,Customer,Marketing Ops,2026-07-26,2026-09-06,None,No Action Needed,Ready,No,100.0
CRM-002325,Olive Group,Lena Sutton,lena.sutton@olivegroup.example,+1 310 555 0104,United States,Professional Services,11-50,Outbound,MQL,Sales Ops,2026-07-27,2026-09-28,Missing Email,Enriched,Ready,No,100.0
CRM-002326,Westbrook Energy,Noah Turner,noah.turner@westbrookenergy.example,+1 206 555 0195,United States,Energy,1-10,Website,Opportunity,Customer Success,2026-07-27,2026-09-28,None,No Action Needed,Ready,No,100.0
CRM-002327,Riverside Marketing,Tessa Hayes,tessa.hayes@riversidemarketing.example,+1 404 555 0101,United States,Media,51-200,Website,MQL,Sales Ops,2026-07-27,2026-08-24,None,No Action Needed,Ready,No,100.0
CRM-002328,Gladstone Pharma,Hugo Ortega,,+1 310 555 0102,United States,Healthcare,1-10,Outbound,Lead,Sales Ops,2026-07-27,2026-08-12,Missing Email,Owner Follow-up,Needs Follow-up,Yes,87.5
CRM-002329,Dovetail Pharma,Grace Jensen,grace.jensen@dovetailpharma.example,+1 312 555 0112,United States,Healthcare,11-50,Website,SQL,Partnerships,2026-07-27,2026-08-06,None,No Action Needed,Ready,No,100.0
CRM-002330,Hawthorn Retail,Ella Keller,ella.keller@hawthornretail.example,+1 503 555 0109,United States,Retail,1-10,Partner,MQL,Sales Ops,2026-07-27,2026-09-11,None,No Action Needed,Ready,No,100.0
CRM-002331,Horizon Logistics,Julia Hartley,,+1 310 555 0194,United States,Logistics,11-50,Event,SQL,Sales Ops,2026-07-27,2026-09-23,Missing Email,Owner Follow-up,Needs Follow-up,Yes,87.5
CRM-002332,Westbrook Marketing,Daniel Nolan,daniel.nolan@westbrookmarketing.example,+1 516 555 0153,United States,Media,201-1000,Referral,Customer,Partnerships,2026-07-27,2026-08-30,None,No Action Needed,Ready,No,100.0
CRM-002333,Eastgate Solutions,Noah Irving,noah.irving@eastgatesolutions.example,+1 617 555 0186,United States,Technology,11-50,Website,Customer,Customer Success,2026-07-27,2026-09-21,Company Casing,Standardized,Ready,No,100.0
CRM-002334,Dovetail Capital,Jonah Lowe,jonah.lowe@dovetailcapital.example,+1 971 555 0183,United States,Finance,51-200,Website,MQL,Marketing Ops,2026-07-27,2026-09-22,None,No Action Needed,Ready,No,100.0
CRM-002335,Dunmore Travel,Aaron Grant,,+1 901 555 0165,United States,Logistics,1-10,Website,Opportunity,Marketing Ops,2026-07-28,2026-08-07,Invalid Email,Owner Follow-up,Needs Follow-up,Yes,87.5
CRM-002336,Brookside Logistics,Grace Tanaka,grace.tanaka@brooksidelogistics.example,,United States,Logistics,1000+,Event,SQL,Growth Ops,2026-07-28,2026-07-29,Missing Phone,Owner Follow-up,Needs Follow-up,Yes,87.5
CRM-002337,Brookside Textiles,Hana Tanaka,hana.tanaka@brooksidetextiles.example,+1 628 555 0123,United States,,11-50,Website,Customer,Growth Ops,2026-07-28,2026-09-09,Missing Industry,Owner Follow-up,Needs Follow-up,Yes,87.5
CRM-002338,Juniper Capital,Nina Chandra,nina.chandra@junipercapital.example,+1 702 555 0181,United States,Finance,11-50,Outbound,SQL,Sales Ops,2026-07-28,2026-08-23,None,No Action Needed,Ready,No,100.0
CRM-002339,Copperfield Packaging,Zara Irving,zara.irving@copperfieldpackaging.example,+1 613 555 0135,Canada,Manufacturing,51-200,Outbound,Lead,Growth Ops,2026-07-28,2026-09-24,None,No Action Needed,Ready,No,100.0
CRM-002340,Glenmore Textiles,Omar Sutton,omar.sutton@glenmoretextiles.example,+1 720 555 0186,United States,Manufacturing,51-200,Webinar,Lead,Sales Ops,2026-07-28,2026-08-07,Duplicate Company,Merged,Ready,No,100.0
CRM-002341,Thornfield Insurance,Nina Lawson,nina.lawson@thornfieldinsurance.example,+44 20 7946 0594,United Kingdom,Finance,11-50,Outbound,MQL,Partnerships,2026-07-28,2026-09-25,Missing Phone,Enriched,Ready,No,100.0
CRM-002342,Stonebridge Software,Tessa Lowe,tessa.lowe@stonebridgesoftware.example,+1 613 555 0178,Canada,Technology,201-1000,Webinar,MQL,Customer Success,2026-07-28,2026-08-10,None,No Action Needed,Ready,No,100.0
CRM-002343,Keystone Analytics,Leah Irving,,+44 20 7946 0434,United Kingdom,Technology,11-50,Webinar,Lead,Customer Success,2026-07-28,2026-07-31,Missing Email,Owner Follow-up,Needs Follow-up,Yes,87.5
CRM-002344,Trailhead Realty,Ravi Pruitt,ravi.pruitt@trailheadrealty.example,+1 303 555 0111,United States,Professional Services,51-200,Website,Customer,Partnerships,2026-07-28,2026-08-02,None,No Action Needed,Ready,No,100.0
CRM-002346,Newport Staffing,Maya Kerr,maya.kerr@newportstaffing.example,+1 305 555 0185,United States,Professional Services,11-50,Webinar,SQL,Sales Ops,2026-07-29,2026-09-21,None,No Action Needed,Ready,No,100.0
CRM-002347,Yarrow Realty,Hana Shah,hana.shah@yarrowrealty.example,+1 901 555 0135,United States,Professional Services,1-10,Partner,SQL,Marketing Ops,2026-07-29,2026-08-03,None,No Action Needed,Ready,No,100.0
CRM-002348,Marlow Finance,Naomi Irving,naomi.irving@marlowfinance.example,+1 617 555 0151,United States,Finance,1000+,Outbound,Opportunity,Marketing Ops,2026-07-29,2026-08-21,None,No Action Needed,Ready,No,100.0
CRM-002349,Birchwood Finance,Ethan Abbott,ethan.abbott@birchwoodfinance.example,+1 469 555 0132,United States,Finance,11-50,Webinar,Lead,Partnerships,2026-07-29,2026-08-19,None,No Action Needed,Ready,No,100.0
CRM-002350,Marlow Networks,Jonah Fischer,jonah.fischer@marlownetworks.example,+1 212 555 0194,United States,Technology,1-10,Webinar,Customer,Growth Ops,2026-07-29,2026-09-10,None,No Action Needed,Ready,No,100.0
CRM-002351,Raven Finance,Victor Sutton,victor.sutton@ravenfinance.example,+1 305 555 0181,United States,Finance,1-10,Outbound,Opportunity,Customer Success,2026-07-29,2026-09-22,None,No Action Needed,Ready,No,100.0
CRM-002352,Crestview Robotics,Daniel Jordan,daniel.jordan@crestviewrobotics.example,+1 206 555 0137,United States,Technology,51-200,Referral,SQL,Customer Success,2026-07-29,2026-08-07,Company Casing,Standardized,Ready,No,100.0
CRM-002353,Millbrook Services,Ava Quinn,ava.quinn@millbrookservices.example,+1 416 555 0106,Canada,Professional Services,201-1000,Webinar,MQL,Sales Ops,2026-07-29,2026-08-17,None,No Action Needed,Ready,No,100.0
CRM-002354,Westbrook Textiles,Omar Mercer,omar.mercer@westbrooktextiles.example,+44 20 7946 0354,United Kingdom,Manufacturing,1-10,Referral,Customer,Marketing Ops,2026-07-29,2026-09-27,None,No Action Needed,Ready,No,100.0
CRM-002355,Meridian Analytics,Julia Foster,julia.foster@meridiananalytics.example,+1 925 555 0107,United States,Technology,201-1000,Outbound,MQL,Marketing Ops,2026-07-29,2026-09-08,Phone Format,Standardized,Ready,No,100.0
CRM-002356,Greenline Health,Clara Okafor,clara.okafor@greenlinehealth.example,+44 20 7946 0728,United Kingdom,Healthcare,1-10,Website,Opportunity,Growth Ops,2026-07-30,2026-08-07,None,No Action Needed,Ready,No,100.0
CRM-002357,Atlas Industries,Kai Lowe,kai.lowe@atlasindustries.example,+1 813 555 0192,United States,Manufacturing,1000+,Event,MQL,Sales Ops,2026-07-30,2026-08-28,None,No Action Needed,Ready,No,100.0
CRM-002358,Kestrel Software,Hugo Rowe,hugo.rowe@kestrelsoftware.example,+1 613 555 0111,Canada,Technology,11-50,Referral,SQL,Marketing Ops,2026-07-30,2026-09-10,None,No Action Needed,Ready,No,100.0
CRM-002359,Quartz Works,Ravi Vaughn,ravi.vaughn@quartzworks.example,+1 613 555 0129,Canada,Manufacturing,11-50,Website,Lead,Marketing Ops,2026-07-30,2026-08-05,Missing Industry,Enriched,Ready,No,100.0
CRM-002360,Lighthouse Health,Aaron Fischer,aaron.fischer@lighthousehealth.example,+1 737 555 0132,United States,Healthcare,1000+,Webinar,MQL,Growth Ops,2026-07-30,2026-09-06,None,No Action Needed,Ready,No,100.0
CRM-002361,Linden Consulting,Theo Hartley,theo.hartley@lindenconsulting.example,+1 404 555 0179,United States,Professional Services,1-10,Website,Opportunity,Sales Ops,2026-07-30,2026-09-18,None,No Action Needed,Ready,No,100.0
CRM-002362,Canyon Design,Zara Rowe,,+44 20 7946 0387,United Kingdom,Media,1-10,Referral,Lead,Partnerships,2026-07-30,2026-08-08,Invalid Email,Owner Follow-up,Needs Follow-up,Yes,87.5
CRM-002363,Oxbow Services,Jonah Ortega,jonah.ortega@oxbowservices.example,+1 503 555 0156,United States,Professional Services,51-200,Outbound,SQL,Marketing Ops,2026-07-30,2026-09-09,None,No Action Needed,Ready,No,100.0
CRM-002364,Crestview Capital,Mira Walsh,mira.walsh@crestviewcapital.example,+44 20 7946 0560,United Kingdom,Finance,1000+,Outbound,Lead,Customer Success,2026-07-30,2026-09-29,Missing Phone,Enriched,Ready,No,100.0
CRM-002365,Gladstone Retail,Grace Keller,grace.keller@gladstoneretail.example,+1 305 555 0123,United States,Retail,201-1000,Event,Customer,Customer Success,2026-07-30,2026-08-16,Phone Format,Standardized,Ready,No,100.0
CRM-002366,Sterling Education,Ines Novak,ines.novak@sterlingeducation.example,+1 901 555 0114,United States,Education,11-50,Partner,SQL,Marketing Ops,2026-07-30,2026-09-03,None,No Action Needed,Ready,No,100.0
CRM-002367,Crestview Pharma,Priya Morgan,priya.morgan@crestviewpharma.example,,United States,Healthcare,11-50,Referral,Customer,Sales Ops,2026-07-30,2026-09-20,Missing Phone,Owner Follow-up,Needs Follow-up,Yes,87.5
CRM-002368,Ridgeline Foods,Julia Reeves,julia.reeves@ridgelinefoods.example,+1 403 555 0188,Canada,Retail,51-200,Website,Lead,Customer Success,2026-07-31,2026-08-20,None,No Action Needed,Ready,No,100.0
CRM-002369,Riverside Works,Ines Vaughn,ines.vaughn@riversideworks.example,+1 312 555 0146,United States,Manufacturing,201-1000,Outbound,Lead,Sales Ops,2026-07-31,2026-08-23,None,No Action Needed,Ready,No,100.0
CRM-002370,Northstar Studios,Lucas Kerr,lucas.kerr@northstarstudios.example,+1 604 555 0186,Canada,Media,11-50,Website,Lead,Marketing Ops,2026-07-31,2026-09-06,Invalid Email,Standardized,Ready,No,100.0
CRM-002371,Upland Labs,Isaac Hartley,isaac.hartley@uplandlabs.example,+1 206 555 0131,United States,Technology,51-200,Website,Lead,Partnerships,2026-07-31,2026-08-07,None,No Action Needed,Ready,No,100.0
CRM-002372,Kingfisher Software,Victor Chandra,victor.chandra@kingfishersoftware.example,+1 212 555 0119,United States,Technology,201-1000,Referral,Lead,Sales Ops,2026-07-31,2026-09-22,None,No Action Needed,Ready,No,100.0
CRM-002373,Dunmore Solutions,Priya Turner,priya.turner@dunmoresolutions.example,+1 404 555 0125,United States,Technology,11-50,Website,Lead,Customer Success,2026-07-31,2026-08-09,Duplicate Email,Merged,Ready,No,100.0
CRM-002374,Atlas Services,Jonah Vaughn,,+1 604 555 0184,Canada,Professional Services,11-50,Outbound,Lead,Partnerships,2026-07-31,2026-09-13,Missing Email,Owner Follow-up,Needs Follow-up,Yes,87.5
CRM-002375,Lakeshore Studios,Nina Grant,nina.grant@lakeshorestudios.example,+1 212 555 0101,United States,Media,201-1000,Website,Lead,Partnerships,2026-07-31,2026-08-25,None,No Action Needed,Ready,No,100.0
CRM-002376,Kingfisher Partners,Amara Grant,,+44 20 7946 0291,United Kingdom,Professional Services,11-50,Event,Lead,Partnerships,2026-07-31,2026-09-16,Missing Email,Owner Follow-up,Needs Follow-up,Yes,87.5
CRM-002377,Harbor Design,Owen Carter,owen.carter@harbordesign.example,,United States,Media,1-10,Partner,MQL,Customer Success,2026-07-31,2026-09-25,Missing Phone,Owner Follow-up,Needs Follow-up,Yes,87.5
CRM-002378,Alder Industries,Marcus Shah,marcus.shah@alderindustries.example,+1 949 555 0192,United States,Manufacturing,51-200,Partner,Lead,Partnerships,2026-07-31,2026-09-08,None,No Action Needed,Ready,No,100.0
CRM-002379,Meridian Software,Grace Everett,grace.everett@meridiansoftware.example,+1 212 555 0191,United States,Technology,11-50,Webinar,Lead,Marketing Ops,2026-07-31,2026-07-31,None,No Action Needed,Ready,No,100.0
CRM-002380,Verdant Foods,Amara Delgado,amara.delgado@verdantfoods.example,+1 858 555 0195,United States,Retail,11-50,Outbound,Lead,Growth Ops,2026-07-31,2026-09-08,Missing Industry,Enriched,Ready,No,100.0
CRM-002383,Meridian Pharma,Marcus Turner,marcus.turner@meridianpharma.example,+1 971 555 0138,United States,Healthcare,201-1000,Outbound,Lead,Marketing Ops,2026-08-01,2026-08-31,None,No Action Needed,Ready,No,100.0
CRM-002384,Gladstone Logistics,Ava Barnes,ava.barnes@gladstonelogistics.example,+1 917 555 0131,United States,Logistics,1-10,Website,Lead,Customer Success,2026-08-01,2026-08-13,None,No Action Needed,Ready,No,100.0
CRM-002385,Nimbus Group,Mira Novak,mira.novak@nimbusgroup.example,+44 20 7946 0471,United Kingdom,Professional Services,1-10,Webinar,Lead,Customer Success,2026-08-01,2026-08-10,None,No Action Needed,Ready,No,100.0
CRM-002386,Horizon Textiles,Felix Morgan,felix.morgan@horizontextiles.example,+1 628 555 0194,United States,Manufacturing,1-10,Website,Lead,Growth Ops,2026-08-01,2026-08-06,None,No Action Needed,Ready,No,100.0
CRM-002387,Kingfisher Packaging,Clara Everett,clara.everett@kingfisherpackaging.example,+1 416 555 0132,Canada,Manufacturing,1-10,Website,Lead,Growth Ops,2026-08-01,2026-09-28,None,No Action Needed,Ready,No,100.0
CRM-002388,Bridgewater Solutions,Lena Rowe,lena.rowe@bridgewatersolutions.example,+1 469 555 0111,United States,Technology,51-200,Outbound,Customer,Marketing Ops,2026-08-01,2026-09-08,None,No Action Needed,Ready,No,100.0
CRM-002389,Linden Solutions,Victor Tanaka,victor.tanaka@lindensolutions.example,+1 480 555 0141,United States,Technology,201-1000,Outbound,MQL,Customer Success,2026-08-01,2026-09-05,None,No Action Needed,Ready,No,100.0
CRM-002390,Unity Retail,Daniel Okafor,daniel.okafor@unityretail.example,+1 971 555 0195,United States,Retail,11-50,Website,Opportunity,Partnerships,2026-08-01,2026-09-07,None,No Action Needed,Ready,No,100.0
CRM-002391,Skyline Labs,Noah Grant,noah.grant@skylinelabs.example,+1 602 555 0131,United States,Technology,11-50,Website,SQL,Customer Success,2026-08-02,2026-08-06,Invalid Email,Standardized,Ready,No,100.0
CRM-002392,Upland Design,Dylan Jordan,dylan.jordan@uplanddesign.example,+1 925 555 0133,United States,Media,11-50,Partner,MQL,Sales Ops,2026-08-02,2026-08-15,Phone Format,Standardized,Ready,No,100.0
CRM-002393,Valley Motors,Isaac Hartley,isaac.hartley@valleymotors.example,+1 971 555 0103,United States,Manufacturing,51-200,Referral,SQL,Marketing Ops,2026-08-02,2026-09-11,None,No Action Needed,Ready,No,100.0
CRM-002394,Peakview Media,Rosa Okafor,rosa.okafor@peakviewmedia.example,+44 20 7946 0703,United Kingdom,Media,11-50,Website,Lead,Customer Success,2026-08-02,2026-09-30,Company Casing,Standardized,Ready,No,100.0
CRM-002395,Northgate Solutions,Leah Rowe,leah.rowe@northgatesolutions.example,+1 403 555 0107,Canada,Technology,11-50,Website,Opportunity,Growth Ops,2026-08-02,2026-08-02,None,No Action Needed,Ready,No,100.0
CRM-002396,Granite Foods,Alicia Rowe,alicia.rowe@granitefoods.example,+1 949 555 0144,United States,Retail,11-50,Referral,SQL,Partnerships,2026-08-02,2026-09-12,Phone Format,Standardized,Ready,No,100.0
CRM-002397,Lighthouse Supply,Liam Hartley,liam.hartley@lighthousesupply.example,+1 628 555 0137,United States,Logistics,51-200,Webinar,SQL,Marketing Ops,2026-08-02,2026-08-08,None,No Action Needed,Ready,No,100.0
CRM-002398,Cascade Packaging,Mira Tanaka,mira.tanaka@cascadepackaging.example,+1 403 555 0110,Canada,Manufacturing,1-10,Website,Lead,Marketing Ops,2026-08-02,2026-08-08,None,No Action Needed,Ready,No,100.0
CRM-002399,Inlet Textiles,Lena Mercer,lena.mercer@inlettextiles.example,+1 949 555 0199,United States,Manufacturing,51-200,Event,MQL,Marketing Ops,2026-08-02,2026-09-09,None,No Action Needed,Ready,No,100.0
CRM-002400,Kenwood Pharma,Zara Ortega,zara.ortega@kenwoodpharma.example,+1 917 555 0198,United States,Healthcare,11-50,Website,Lead,Marketing Ops,2026-08-02,2026-08-06,None,No Action Needed,Ready,No,100.0
CRM-002401,Linden Staffing,Leah Kerr,leah.kerr@lindenstaffing.example,+1 303 555 0115,United States,Professional Services,51-200,Outbound,MQL,Partnerships,2026-08-02,2026-09-13,None,No Action Needed,Ready,No,100.0
CRM-002402,Goldcrest Partners,Ella Fischer,ella.fischer@goldcrestpartners.example,+1 713 555 0174,United States,Professional Services,11-50,Outbound,Lead,Growth Ops,2026-08-03,2026-08-28,Phone Format,Standardized,Ready,No,100.0
CRM-002403,Umber Media,Daniel Vaughn,daniel.vaughn@umbermedia.example,+1 702 555 0145,United States,Media,51-200,Referral,Opportunity,Growth Ops,2026-08-03,2026-09-25,None,No Action Needed,Ready,No,100.0
CRM-002404,Goldcrest Foods,Leah Vaughn,leah.vaughn@goldcrestfoods.example,+1 713 555 0104,United States,Retail,1-10,Outbound,Lead,Partnerships,2026-08-03,2026-08-14,None,No Action Needed,Ready,No,100.0
CRM-002405,Pioneer Pharma,Theo Hayes,theo.hayes@pioneerpharma.example,+1 858 555 0161,United States,Healthcare,11-50,Outbound,Customer,Growth Ops,2026-08-03,2026-09-25,None,No Action Needed,Ready,No,100.0
CRM-002406,Crestview Finance,Rosa Young,rosa.young@crestviewfinance.example,+1 212 555 0145,United States,Finance,11-50,Outbound,Lead,Sales Ops,2026-08-03,2026-09-08,None,No Action Needed,Ready,No,100.0
CRM-002407,Ironbridge Industries,Clara Morgan,clara.morgan@ironbridgeindustries.example,+1 403 555 0118,Canada,Manufacturing,51-200,Website,Lead,Marketing Ops,2026-08-03,2026-08-12,None,No Action Needed,Ready,No,100.0
CRM-002408,Umber Consulting,Liam Ellis,liam.ellis@umberconsulting.example,+1 813 555 0132,United States,Professional Services,1-10,Partner,Lead,Marketing Ops,2026-08-03,2026-08-03,None,No Action Needed,Ready,No,100.0
CRM-002409,Ashford Works,Zara Nolan,zara.nolan@ashfordworks.example,+1 303 555 0169,United States,Manufacturing,51-200,Referral,Lead,Growth Ops,2026-08-03,2026-08-05,Missing Phone,Enriched,Ready,No,100.0
CRM-002410,Willow Packaging,Marcus Ellis,marcus.ellis@willowpackaging.example,+1 604 555 0187,Canada,Manufacturing,51-200,Webinar,Lead,Growth Ops,2026-08-03,2026-08-04,None,No Action Needed,Ready,No,100.0
CRM-002411,Goldcrest Cloud,Hugo Jensen,hugo.jensen@goldcrestcloud.example,+1 628 555 0188,United States,Technology,51-200,Referral,MQL,Marketing Ops,2026-08-03,2026-08-03,Phone Format,Standardized,Ready,No,100.0
CRM-002412,Elmwood Services,Rosa Abbott,rosa.abbott@elmwoodservices.example,+1 917 555 0128,United States,Professional Services,11-50,Outbound,SQL,Customer Success,2026-08-03,2026-09-17,None,No Action Needed,Ready,No,100.0
CRM-002413,Windmill Logistics,Priya Walsh,,+44 20 7946 0270,United Kingdom,Logistics,11-50,Referral,Lead,Partnerships,2026-08-03,2026-09-07,Missing Email,Owner Follow-up,Needs Follow-up,Yes,87.5
CRM-002414,Amberly Staffing,Grace Dawson,grace.dawson@amberlystaffing.example,+1 305 555 0127,United States,Professional Services,51-200,Website,MQL,Growth Ops,2026-08-03,2026-08-24,None,No Action Needed,Ready,No,100.0
CRM-002415,Indigo Studios,Daniel Mercer,daniel.mercer@indigostudios.example,+1 720 555 0122,United States,Media,51-200,Website,Opportunity,Customer Success,2026-08-03,2026-09-09,None,No Action Needed,Ready,No,100.0
CRM-002416,Umber Staffing,Marcus Young,marcus.young@umberstaffing.example,+1 403 555 0180,Canada,Professional Services,11-50,Website,Lead,Customer Success,2026-08-03,2026-09-26,Invalid Email,Standardized,Ready,No,100.0
CRM-002417,Maple Analytics,Ethan Grant,ethan.grant@mapleanalytics.example,+1 619 555 0197,United States,Technology,51-200,Referral,Lead,Growth Ops,2026-08-04,2026-08-07,Phone Format,Standardized,Ready,No,100.0
CRM-002418,Rosewood Media,Hugo Turner,hugo.turner@rosewoodmedia.example,+1 917 555 0108,United States,Media,51-200,Outbound,MQL,Partnerships,2026-08-04,2026-08-26,None,No Action Needed,Ready,No,100.0
CRM-002419,Zephyr Marketing,Mateo Novak,mateo.novak@zephyrmarketing.example,,United Kingdom,Media,1-10,Website,SQL,Customer Success,2026-08-04,2026-08-25,Missing Phone,Owner Follow-up,Needs Follow-up,Yes,87.5
CRM-002420,Westbrook Analytics,Priya Young,,+44 20 7946 0267,United Kingdom,Technology,201-1000,Webinar,Lead,Growth Ops,2026-08-04,2026-08-29,Missing Email,Owner Follow-up,Needs Follow-up,Yes,87.5
CRM-002421,Redwood Logistics,Ravi Sutton,ravi.sutton@redwoodlogistics.example,+1 702 555 0138,United States,Logistics,11-50,Website,MQL,Marketing Ops,2026-08-04,2026-09-23,None,No Action Needed,Ready,No,100.0
CRM-002422,Kingfisher Retail,Ethan Dawson,ethan.dawson@kingfisherretail.example,+1 925 555 0137,United States,Retail,11-50,Outbound,MQL,Partnerships,2026-08-04,2026-09-01,None,No Action Needed,Ready,No,100.0
CRM-002423,Oxbow Foods,Jonah Jordan,jonah.jordan@oxbowfoods.example,+1 512 555 0100,United States,Retail,51-200,Outbound,MQL,Growth Ops,2026-08-04,2026-09-19,None,No Action Needed,Ready,No,100.0
CRM-002424,Lighthouse Pharma,Ines Jordan,ines.jordan@lighthousepharma.example,+1 858 555 0169,United States,Healthcare,51-200,Website,SQL,Customer Success,2026-08-04,2026-08-10,None,No Action Needed,Ready,No,100.0
CRM-002425,Zenith Systems,Lucas Pruitt,lucas.pruitt@zenithsystems.example,+1 305 555 0159,United States,Technology,11-50,Website,Lead,Partnerships,2026-08-04,2026-08-29,None,No Action Needed,Ready,No,100.0
CRM-002426,Jasper Industries,Lena Jensen,lena.jensen@jasperindustries.example,+44 20 7946 0814,United Kingdom,Manufacturing,1-10,Outbound,Lead,Marketing Ops,2026-08-04,2026-08-13,Phone Format,Standardized,Ready,No,100.0
CRM-002427,Nimbus Software,Felix Patel,felix.patel@nimbussoftware.example,+1 901 555 0133,United States,Technology,11-50,Website,Lead,Customer Success,2026-08-04,2026-09-30,None,No Action Needed,Ready,No,100.0
CRM-002428,Harbor Insurance,Priya Young,priya.young@harborinsurance.example,+1 403 555 0167,Canada,Finance,1000+,Outbound,SQL,Sales Ops,2026-08-05,2026-08-12,None,No Action Needed,Ready,No,100.0
CRM-002429,Amberly Insurance,Priya Gallo,priya.gallo@amberlyinsurance.example,+1 305 555 0108,United States,Finance,11-50,Outbound,SQL,Growth Ops,2026-08-05,2026-09-05,None,No Action Needed,Ready,No,100.0
CRM-002430,Northgate Labs,Lucas Mercer,lucas.mercer@northgatelabs.example,+1 925 555 0183,United States,Technology,11-50,Website,Lead,Customer Success,2026-08-05,2026-08-28,None,No Action Needed,Ready,No,100.0
CRM-002431,Riverside Logistics,Zara Turner,zara.turner@riversidelogistics.example,+1 425 555 0103,United States,Logistics,51-200,Partner,Lead,Marketing Ops,2026-08-05,2026-09-23,None,No Action Needed,Ready,No,100.0
CRM-002432,Oxbow Packaging,Ethan Dawson,ethan.dawson@oxbowpackaging.example,+1 602 555 0142,United States,Manufacturing,11-50,Referral,Customer,Marketing Ops,2026-08-05,2026-09-28,None,No Action Needed,Ready,No,100.0
CRM-002433,Brookside Motors,Ethan Ivers,ethan.ivers@brooksidemotors.example,+1 480 555 0150,United States,Manufacturing,1-10,Referral,Lead,Sales Ops,2026-08-05,2026-09-09,None,No Action Needed,Ready,No,100.0
CRM-002434,Orchard Textiles,Zara Turner,zara.turner@orchardtextiles.example,+44 20 7946 0568,United Kingdom,Manufacturing,51-200,Website,Lead,Marketing Ops,2026-08-05,2026-09-23,None,No Action Needed,Ready,No,100.0
CRM-002435,Ridgeline Packaging,Maya Brooks,maya.brooks@ridgelinepackaging.example,+1 512 555 0121,United States,Manufacturing,11-50,Event,MQL,Sales Ops,2026-08-06,2026-08-16,Company Casing,Standardized,Ready,No,100.0
CRM-002436,Upland Marketing,Owen Dawson,owen.dawson@uplandmarketing.example,+1 646 555 0130,United States,Media,1-10,Referral,Lead,Partnerships,2026-08-06,2026-08-29,None,No Action Needed,Ready,No,100.0
CRM-002437,Redwood Labs,Grace Foster,grace.foster@redwoodlabs.example,+1 404 555 0182,United States,Technology,51-200,Website,Lead,Marketing Ops,2026-08-06,2026-08-16,None,No Action Needed,Ready,No,100.0
CRM-002438,Ashford Robotics,Ava Rowe,ava.rowe@ashfordrobotics.example,+1 646 555 0143,United States,Technology,1-10,Partner,Lead,Growth Ops,2026-08-06,2026-09-08,None,No Action Needed,Ready,No,100.0
CRM-002439,Birchwood Textiles,Ravi Lawson,ravi.lawson@birchwoodtextiles.example,+1 617 555 0112,United States,Manufacturing,1000+,Webinar,SQL,Marketing Ops,2026-08-06,2026-09-26,None,No Action Needed,Ready,No,100.0
CRM-002440,Yarrow Logistics,Ella Keller,ella.keller@yarrowlogistics.example,+44 20 7946 0220,United Kingdom,Logistics,201-1000,Website,Opportunity,Growth Ops,2026-08-06,2026-08-28,None,No Action Needed,Ready,No,100.0
CRM-002441,Unity Textiles,Rosa Walsh,rosa.walsh@unitytextiles.example,+1 425 555 0102,United States,Manufacturing,11-50,Webinar,Lead,Customer Success,2026-08-07,2026-09-09,None,No Action Needed,Ready,No,100.0
CRM-002442,Greenline Logistics,Dylan Foster,dylan.foster@greenlinelogistics.example,+44 20 7946 0550,United Kingdom,Logistics,51-200,Outbound,Lead,Sales Ops,2026-08-07,2026-09-14,None,No Action Needed,Ready,No,100.0
CRM-002443,Foxglove Industries,Julia Nolan,julia.nolan@foxgloveindustries.example,+1 628 555 0142,United States,Manufacturing,11-50,Outbound,Lead,Partnerships,2026-08-07,2026-08-20,Missing Industry,Enriched,Ready,No,100.0
CRM-002444,Hollis Education,Priya Hartley,priya.hartley@holliseducation.example,+1 404 555 0141,United States,Education,51-200,Website,Lead,Marketing Ops,2026-08-07,2026-09-19,Duplicate Email,Merged,Ready,No,100.0
CRM-002445,Trailhead Textiles,Omar Barnes,omar.barnes@trailheadtextiles.example,+1 310 555 0176,United States,Manufacturing,1000+,Website,Lead,Sales Ops,2026-08-07,2026-09-10,None,No Action Needed,Ready,No,100.0
CRM-002446,Horizon Group,Naomi Everett,naomi.everett@horizongroup.example,+1 404 555 0151,United States,Professional Services,51-200,Website,SQL,Growth Ops,2026-08-07,2026-09-02,None,No Action Needed,Ready,No,100.0
CRM-002447,Verdant Packaging,Hugo Patel,hugo.patel@verdantpackaging.example,+1 516 555 0115,United States,Manufacturing,1-10,Referral,Lead,Customer Success,2026-08-07,2026-08-09,None,No Action Needed,Ready,No,100.0
CRM-002448,Quarry Retail,Dylan Ivers,dylan.ivers@quarryretail.example,+1 404 555 0105,United States,Retail,1-10,Referral,Lead,Sales Ops,2026-08-07,2026-09-21,None,No Action Needed,Ready,No,100.0
CRM-002449,Bridgewater Education,Hana Nolan,hana.nolan@bridgewatereducation.example,+1 303 555 0110,United States,Education,11-50,Referral,Lead,Sales Ops,2026-08-08,2026-09-11,None,No Action Needed,Ready,No,100.0
CRM-002450,Cobalt Systems,Owen Dawson,owen.dawson@cobaltsystems.example,+1 305 555 0177,United States,Technology,51-200,Website,MQL,Marketing Ops,2026-08-08,2026-09-04,None,No Action Needed,Ready,No,100.0
CRM-002451,Meridian Group,Isaac Quinn,isaac.quinn@meridiangroup.example,+1 212 555 0162,United States,Professional Services,1-10,Referral,SQL,Customer Success,2026-08-08,2026-08-08,None,No Action Needed,Ready,No,100.0
CRM-002452,Fernhill Systems,Dylan Jordan,dylan.jordan@fernhillsystems.example,+44 20 7946 0630,United Kingdom,Technology,51-200,Outbound,Lead,Marketing Ops,2026-08-08,2026-09-06,Duplicate Email,Merged,Ready,No,100.0
CRM-002453,Kingfisher Industries,Maya Foster,maya.foster@kingfisherindustries.example,+1 312 555 0162,United States,Manufacturing,51-200,Website,SQL,Customer Success,2026-08-08,2026-09-29,None,No Action Needed,Ready,No,100.0
CRM-002454,Hollis Analytics,Aaron Barnes,aaron.barnes@hollisanalytics.example,+1 312 555 0178,United States,Technology,1-10,Outbound,SQL,Sales Ops,2026-08-08,2026-08-08,None,No Action Needed,Ready,No,100.0
CRM-002455,Marlow Services,Jonah Jordan,jonah.jordan@marlowservices.example,+1 720 555 0153,United States,Professional Services,51-200,Webinar,MQL,Customer Success,2026-08-08,2026-09-23,Company Casing,Standardized,Ready,No,100.0
CRM-002456,Horizon Design,Tessa Brooks,tessa.brooks@horizondesign.example,+1 901 555 0156,United States,Media,1-10,Outbound,Lead,Marketing Ops,2026-08-08,2026-08-08,Invalid Email,Standardized,Ready,No,100.0
CRM-002457,Sterling Services,Sofia Hayes,sofia.hayes@sterlingservices.example,+1 602 555 0157,United States,Professional Services,11-50,Website,Lead,Marketing Ops,2026-08-08,2026-08-30,Phone Format,Standardized,Ready,No,100.0
CRM-002458,Willow Education,Sofia Lawson,sofia.lawson@willoweducation.example,+1 305 555 0192,United States,Education,11-50,Website,Opportunity,Growth Ops,2026-08-08,2026-09-02,None,No Action Needed,Ready,No,100.0
CRM-002459,Wexford Finance,Mira Jordan,mira.jordan@wexfordfinance.example,+1 310 555 0105,United States,Finance,51-200,Webinar,Customer,Marketing Ops,2026-08-08,2026-09-15,None,No Action Needed,Ready,No,100.0
CRM-002460,Vista Supply,Noah Foster,noah.foster@vistasupply.example,+1 212 555 0172,United States,Logistics,1-10,Website,MQL,Partnerships,2026-08-09,2026-09-20,Missing Phone,Enriched,Ready,No,100.0
CRM-002461,Cascade Cloud,Owen Dawson,owen.dawson@cascadecloud.example,+1 971 555 0107,United States,Technology,1-10,Outbound,MQL,Sales Ops,2026-08-09,2026-08-27,Duplicate Company,Merged,Ready,No,100.0
CRM-002462,Canyon Works,Julia Walsh,,+1 628 555 0191,United States,Manufacturing,51-200,Outbound,SQL,Customer Success,2026-08-09,2026-08-16,Missing Email,Owner Follow-up,Needs Follow-up,Yes,87.5
CRM-002463,Harbor Capital,Maya Young,maya.young@harborcapital.example,+1 503 555 0198,United States,Finance,201-1000,Outbound,Lead,Customer Success,2026-08-09,2026-09-10,None,No Action Needed,Ready,No,100.0
CRM-002464,Indigo Capital,Marcus Pruitt,marcus.pruitt@indigocapital.example,+1 619 555 0198,United States,Finance,201-1000,Website,MQL,Marketing Ops,2026-08-09,2026-08-28,None,No Action Needed,Ready,No,100.0
CRM-002465,Umber Partners,Zara Carter,zara.carter@umberpartners.example,+1 514 555 0168,Canada,Professional Services,201-1000,Website,SQL,Sales Ops,2026-08-09,2026-09-10,None,No Action Needed,Ready,No,100.0
CRM-002466,Landmark Labs,Liam Dawson,liam.dawson@landmarklabs.example,+1 312 555 0115,United States,Technology,11-50,Website,SQL,Marketing Ops,2026-08-09,2026-09-15,None,No Action Needed,Ready,No,100.0
CRM-002467,Hawthorn Insurance,Jonah Everett,jonah.everett@hawthorninsurance.example,+1 949 555 0173,United States,Finance,11-50,Website,MQL,Sales Ops,2026-08-09,2026-09-30,None,No Action Needed,Ready,No,100.0
CRM-002468,Pembroke Robotics,Naomi Jordan,naomi.jordan@pembrokerobotics.example,+1 602 555 0111,United States,Technology,1-10,Partner,Lead,Partnerships,2026-08-09,2026-09-18,None,No Action Needed,Ready,No,100.0
CRM-002469,Atlas Packaging,Clara Mercer,,+1 646 555 0103,United States,Manufacturing,51-200,Outbound,Opportunity,Marketing Ops,2026-08-09,2026-09-24,Invalid Email,Owner Follow-up,Needs Follow-up,Yes,87.5
CRM-002470,Ironwood Finance,Tessa Sutton,tessa.sutton@ironwoodfinance.example,+1 312 555 0141,United States,Finance,11-50,Event,SQL,Partnerships,2026-08-09,2026-08-22,None,No Action Needed,Ready,No,100.0
CRM-002471,Summit Energy,Naomi Jordan,naomi.jordan@summitenergy.example,+1 628 555 0149,United States,Energy,11-50,Referral,Lead,Partnerships,2026-08-09,2026-08-23,None,No Action Needed,Ready,No,100.0
CRM-002472,Crestview Marketing,Hugo Ortega,hugo.ortega@crestviewmarketing.example,+1 925 555 0178,United States,Media,11-50,Referral,Opportunity,Marketing Ops,2026-08-09,2026-09-03,Company Casing,Standardized,Ready,No,100.0
CRM-002473,Beacon Consulting,Leah Fischer,leah.fischer@beaconconsulting.example,+1 901 555 0164,United States,Professional Services,1-10,Referral,Lead,Customer Success,2026-08-10,2026-09-10,Company Casing,Standardized,Ready,No,100.0
CRM-002474,Valley Packaging,Caleb Nolan,caleb.nolan@valleypackaging.example,+1 858 555 0109,United States,Manufacturing,11-50,Website,SQL,Marketing Ops,2026-08-10,2026-09-22,Duplicate Email,Merged,Ready,No,100.0
CRM-002475,Quartz Packaging,Grace Nolan,grace.nolan@quartzpackaging.example,+1 604 555 0121,Canada,Manufacturing,11-50,Event,Lead,Partnerships,2026-08-10,2026-09-11,None,No Action Needed,Ready,No,100.0
CRM-002476,Westbrook Supply,Mira Walsh,mira.walsh@westbrooksupply.example,+1 425 555 0124,United States,Logistics,51-200,Event,SQL,Marketing Ops,2026-08-10,2026-09-10,None,No Action Needed,Ready,No,100.0
CRM-002477,Skyline Logistics,Owen Young,owen.young@skylinelogistics.example,+1 312 555 0192,United States,Logistics,1-10,Partner,Lead,Customer Success,2026-08-10,2026-09-25,None,No Action Needed,Ready,No,100.0
CRM-002478,Northstar Capital,Ava Sutton,ava.sutton@northstarcapital.example,+1 415 555 0150,United States,Finance,51-200,Referral,MQL,Growth Ops,2026-08-10,2026-09-19,Phone Format,Standardized,Ready,No,100.0
CRM-002479,BluePeak Staffing,Isaac Morgan,isaac.morgan@bluepeakstaffing.example,,United States,Professional Services,11-50,Website,Opportunity,Sales Ops,2026-08-10,2026-08-16,Missing Phone,Owner Follow-up,Needs Follow-up,Yes,87.5
CRM-002480,Sable Foods,Victor Novak,victor.novak@sablefoods.example,+1 415 555 0186,United States,Retail,1-10,Website,SQL,Customer Success,2026-08-10,2026-09-29,Phone Format,Standardized,Ready,No,100.0
CRM-002481,Horizon Insurance,Hana Rowe,hana.rowe@horizoninsurance.example,+1 702 555 0130,United States,Finance,51-200,Website,Lead,Customer Success,2026-08-10,2026-09-11,Company Casing,Standardized,Ready,No,100.0
CRM-002482,Millbrook Realty,Julia Keller,julia.keller@millbrookrealty.example,+44 20 7946 0507,United Kingdom,Professional Services,1-10,Website,SQL,Sales Ops,2026-08-10,2026-09-18,Phone Format,Standardized,Ready,No,100.0
CRM-002483,Granite Logistics,Felix Nolan,felix.nolan@granitelogistics.example,+1 858 555 0170,United States,Logistics,11-50,Website,Lead,Sales Ops,2026-08-10,2026-09-05,None,No Action Needed,Ready,No,100.0
CRM-002484,Brightpath Studios,Julia Patel,julia.patel@brightpathstudios.example,+1 416 555 0147,Canada,Media,11-50,Partner,SQL,Marketing Ops,2026-08-10,2026-08-21,Missing Email,Enriched,Ready,No,100.0
CRM-002486,Oakridge Retail,Mateo Okafor,mateo.okafor@oakridgeretail.example,+1 503 555 0168,United States,Retail,1-10,Referral,Lead,Sales Ops,2026-08-11,2026-09-04,Missing Industry,Enriched,Ready,No,100.0
CRM-002487,Oxbow Works,Hugo Patel,hugo.patel@oxbowworks.example,+1 917 555 0111,United States,Manufacturing,1-10,Event,SQL,Customer Success,2026-08-11,2026-08-13,None,No Action Needed,Ready,No,100.0
CRM-002488,Zephyr Design,Liam Abbott,liam.abbott@zephyrdesign.example,+1 514 555 0121,Canada,Media,11-50,Website,Lead,Marketing Ops,2026-08-11,2026-09-09,None,No Action Needed,Ready,No,100.0
CRM-002489,Dovetail Analytics,Julia Ivers,julia.ivers@dovetailanalytics.example,+1 503 555 0145,United States,Technology,1-10,Outbound,MQL,Sales Ops,2026-08-11,2026-09-05,Missing Email,Enriched,Ready,No,100.0
CRM-002490,Skyline Software,Ines Jensen,ines.jensen@skylinesoftware.example,+1 212 555 0171,United States,Technology,1000+,Partner,Opportunity,Marketing Ops,2026-08-11,2026-08-14,Missing Industry,Enriched,Ready,No,100.0
CRM-002491,Driftwood Robotics,Theo Rowe,theo.rowe@driftwoodrobotics.example,+1 713 555 0141,United States,Technology,1-10,Website,Opportunity,Partnerships,2026-08-11,2026-08-16,None,No Action Needed,Ready,No,100.0
CRM-002492,Indigo Design,Hugo Foster,hugo.foster@indigodesign.example,+1 303 555 0168,United States,Media,201-1000,Website,Lead,Partnerships,2026-08-11,2026-09-25,None,No Action Needed,Ready,No,100.0
CRM-002493,Linden Labs,Tessa Pruitt,tessa.pruitt@lindenlabs.example,,United States,Technology,51-200,Partner,Lead,Customer Success,2026-08-12,2026-09-23,Missing Phone,Owner Follow-up,Needs Follow-up,Yes,87.5
CRM-002494,Maple Capital,Clara Ellis,clara.ellis@maplecapital.example,+1 617 555 0182,United States,Finance,11-50,Partner,Lead,Sales Ops,2026-08-12,2026-09-29,None,No Action Needed,Ready,No,100.0
CRM-002495,Maple Insurance,Ava Lowe,ava.lowe@mapleinsurance.example,+1 516 555 0192,United States,Finance,11-50,Webinar,Lead,Partnerships,2026-08-12,2026-09-12,Missing Phone,Enriched,Ready,No,100.0
CRM-002496,Nimbus Retail,Ines Lawson,ines.lawson@nimbusretail.example,+1 917 555 0183,United States,Retail,1-10,Referral,Lead,Partnerships,2026-08-12,2026-09-20,None,No Action Needed,Ready,No,100.0
CRM-002497,Raven Pharma,Maya Irving,,+1 425 555 0193,United States,Healthcare,1-10,Referral,Lead,Marketing Ops,2026-08-12,2026-08-20,Missing Email,Owner Follow-up,Needs Follow-up,Yes,87.5
CRM-002498,Lighthouse Education,Ines Brooks,ines.brooks@lighthouseeducation.example,+1 613 555 0197,Canada,Education,11-50,Website,Lead,Growth Ops,2026-08-12,2026-09-29,None,No Action Needed,Ready,No,100.0
CRM-002499,Redwood Pharma,Hana Jordan,hana.jordan@redwoodpharma.example,+1 646 555 0164,United States,Healthcare,51-200,Website,MQL,Sales Ops,2026-08-12,2026-09-23,None,No Action Needed,Ready,No,100.0
CRM-002500,Eastgate Insurance,Alicia Carter,alicia.carter@eastgateinsurance.example,+1 619 555 0180,United States,Finance,1000+,Website,Lead,Partnerships,2026-08-12,2026-09-06,Duplicate Email,Merged,Ready,No,100.0
CRM-002501,Quarry Robotics,Omar Quinn,omar.quinn@quarryrobotics.example,+1 312 555 0135,United States,Technology,1-10,Partner,MQL,Sales Ops,2026-08-12,2026-08-20,Company Casing,Standardized,Ready,No,100.0
CRM-002502,Elmwood Media,Rosa Patel,rosa.patel@elmwoodmedia.example,+1 512 555 0113,United States,Media,51-200,Referral,SQL,Marketing Ops,2026-08-12,2026-08-20,None,No Action Needed,Ready,No,100.0
CRM-002503,Elmwood Solutions,Ines Tanaka,ines.tanaka@elmwoodsolutions.example,+1 425 555 0199,United States,Technology,51-200,Website,MQL,Sales Ops,2026-08-12,2026-09-17,None,No Action Needed,Ready,No,100.0
CRM-002504,Verdant Partners,Leah Kerr,leah.kerr@verdantpartners.example,+1 206 555 0193,United States,Professional Services,11-50,Webinar,SQL,Customer Success,2026-08-12,2026-08-21,Missing Phone,Enriched,Ready,No,100.0
CRM-002505,Glenmore Marketing,Lucas Walsh,lucas.walsh@glenmoremarketing.example,+1 737 555 0178,United States,Media,1-10,Event,Lead,Marketing Ops,2026-08-12,2026-08-20,Phone Format,Standardized,Ready,No,100.0
CRM-002506,Valley Staffing,Owen Reeves,owen.reeves@valleystaffing.example,+1 646 555 0124,United States,Professional Services,51-200,Website,Lead,Partnerships,2026-08-13,2026-08-26,None,No Action Needed,Ready,No,100.0
CRM-002507,Maple Security,Marcus Young,marcus.young@maplesecurity.example,+1 925 555 0155,United States,Technology,51-200,Website,MQL,Partnerships,2026-08-13,2026-08-15,None,No Action Needed,Ready,No,100.0
CRM-002508,Greenline Textiles,Priya Brooks,priya.brooks@greenlinetextiles.example,+1 469 555 0183,United States,Manufacturing,51-200,Partner,Lead,Sales Ops,2026-08-13,2026-09-20,Missing Industry,Enriched,Ready,No,100.0
CRM-002509,Harbor Motors,Grace Brooks,grace.brooks@harbormotors.example,+1 971 555 0137,United States,Manufacturing,51-200,Referral,Lead,Growth Ops,2026-08-13,2026-09-12,None,No Action Needed,Ready,No,100.0
CRM-002510,Newport Packaging,Maya Barnes,maya.barnes@newportpackaging.example,+1 917 555 0114,United States,Manufacturing,1-10,Referral,Lead,Customer Success,2026-08-13,2026-08-17,Duplicate Email,Merged,Ready,No,100.0
CRM-002511,Wexford Staffing,Maya Lowe,maya.lowe@wexfordstaffing.example,+1 416 555 0199,Canada,Professional Services,51-200,Outbound,MQL,Marketing Ops,2026-08-13,2026-08-26,Phone Format,Standardized,Ready,No,100.0
CRM-002512,Riverside Industries,Jonah Everett,jonah.everett@riversideindustries.example,+1 303 555 0112,United States,Manufacturing,1-10,Website,MQL,Sales Ops,2026-08-13,2026-09-06,None,No Action Needed,Ready,No,100.0
CRM-002513,Wexford Services,Naomi Lawson,naomi.lawson@wexfordservices.example,+1 305 555 0154,United States,Professional Services,11-50,Webinar,Lead,Growth Ops,2026-08-13,2026-09-07,None,No Action Needed,Ready,No,100.0
CRM-002514,Elmwood Analytics,Leah Turner,,+1 469 555 0103,United States,Technology,11-50,Website,Opportunity,Partnerships,2026-08-13,2026-09-11,Missing Email,Owner Follow-up,Needs Follow-up,Yes,87.5
CRM-002515,Ulster Energy,Liam Kerr,liam.kerr@ulsterenergy.example,+1 416 555 0126,Canada,,51-200,Website,Opportunity,Growth Ops,2026-08-13,2026-09-23,Missing Industry,Owner Follow-up,Needs Follow-up,Yes,87.5
CRM-002518,Amberly Retail,Clara Quinn,clara.quinn@amberlyretail.example,+1 901 555 0130,United States,Retail,1-10,Event,Lead,Partnerships,2026-08-14,2026-08-24,None,No Action Needed,Ready,No,100.0
CRM-002519,BluePeak Systems,Theo Turner,theo.turner@bluepeaksystems.example,,United Kingdom,Technology,1-10,Event,SQL,Sales Ops,2026-08-14,2026-09-15,Missing Phone,Owner Follow-up,Needs Follow-up,Yes,87.5
CRM-002520,Ulster Marketing,Daniel Jordan,daniel.jordan@ulstermarketing.example,+1 602 555 0138,United States,Media,1-10,Webinar,Lead,Marketing Ops,2026-08-14,2026-09-02,None,No Action Needed,Ready,No,100.0
CRM-002521,Norwood Motors,Caleb Dawson,caleb.dawson@norwoodmotors.example,+1 619 555 0181,United States,Manufacturing,1000+,Referral,Lead,Growth Ops,2026-08-14,2026-09-08,None,No Action Needed,Ready,No,100.0
CRM-002522,Horizon Health,Rosa Ivers,rosa.ivers@horizonhealth.example,+1 702 555 0197,United States,Healthcare,51-200,Website,Opportunity,Growth Ops,2026-08-14,2026-09-15,None,No Action Needed,Ready,No,100.0
CRM-002523,Tamarack Logistics,Sofia Barnes,sofia.barnes@tamaracklogistics.example,+1 971 555 0154,United States,Logistics,201-1000,Website,Lead,Partnerships,2026-08-14,2026-09-09,None,No Action Needed,Ready,No,100.0
CRM-002524,Driftwood Solutions,Grace Young,grace.young@driftwoodsolutions.example,+1 469 555 0172,United States,Technology,51-200,Website,Lead,Sales Ops,2026-08-14,2026-09-18,None,No Action Needed,Ready,No,100.0
CRM-002525,Tamarack Consulting,Ethan Pruitt,ethan.pruitt@tamarackconsulting.example,+1 604 555 0101,Canada,Professional Services,1-10,Webinar,Lead,Marketing Ops,2026-08-14,2026-08-16,Phone Format,Standardized,Ready,No,100.0
CRM-002526,Nimbus Textiles,Mira Patel,mira.patel@nimbustextiles.example,+1 737 555 0162,United States,Manufacturing,51-200,Outbound,Opportunity,Partnerships,2026-08-14,2026-09-28,None,No Action Needed,Ready,No,100.0
CRM-002527,Quarry Realty,Lena Tanaka,lena.tanaka@quarryrealty.example,,United States,Professional Services,1-10,Referral,MQL,Growth Ops,2026-08-14,2026-09-23,Missing Phone,Owner Follow-up,Needs Follow-up,Yes,87.5
CRM-002528,Nimbus Energy,Victor Grant,victor.grant@nimbusenergy.example,+1 949 555 0181,United States,Energy,1-10,Referral,MQL,Marketing Ops,2026-08-14,2026-08-17,None,No Action Needed,Ready,No,100.0
CRM-002529,Quartz Studios,Caleb Mercer,caleb.mercer@quartzstudios.example,+1 713 555 0176,United States,Media,11-50,Outbound,Lead,Marketing Ops,2026-08-14,2026-09-01,Missing Phone,Enriched,Ready,No,100.0
CRM-002530,Skyline Analytics,Leah Nolan,leah.nolan@skylineanalytics.example,+1 310 555 0169,United States,Technology,11-50,Website,SQL,Customer Success,2026-08-14,2026-08-15,None,No Action Needed,Ready,No,100.0
CRM-002531,Westbrook Industries,Liam Jordan,liam.jordan@westbrookindustries.example,,United States,Manufacturing,11-50,Outbound,Opportunity,Marketing Ops,2026-08-14,2026-09-03,Missing Phone,Owner Follow-up,Needs Follow-up,Yes,87.5
CRM-002532,Brookside Insurance,Dylan Hayes,dylan.hayes@brooksideinsurance.example,+1 604 555 0140,Canada,,51-200,Outbound,SQL,Sales Ops,2026-08-14,2026-09-02,Missing Industry,Owner Follow-up,Needs Follow-up,Yes,87.5
CRM-002533,BluePeak Insurance,Clara Carter,clara.carter@bluepeakinsurance.example,+1 604 555 0109,Canada,Finance,11-50,Event,MQL,Customer Success,2026-08-14,2026-09-29,None,No Action Needed,Ready,No,100.0
CRM-002534,Verdant Consulting,Rosa Lowe,rosa.lowe@verdantconsulting.example,+1 858 555 0128,United States,Professional Services,51-200,Referral,Lead,Customer Success,2026-08-14,2026-09-07,Company Casing,Standardized,Ready,No,100.0
CRM-002535,Verdant Works,Grace Hartley,grace.hartley@verdantworks.example,+1 469 555 0193,United States,Manufacturing,11-50,Website,Lead,Sales Ops,2026-08-14,2026-09-28,None,No Action Needed,Ready,No,100.0
CRM-002536,Olive Retail,Hana Tanaka,hana.tanaka@oliveretail.example,+1 628 555 0157,United States,Retail,11-50,Outbound,Lead,Partnerships,2026-08-15,2026-09-10,Duplicate Email,Merged,Ready,No,100.0
CRM-002537,Horizon Motors,Lucas Keller,lucas.keller@horizonmotors.example,+1 646 555 0112,United States,Manufacturing,51-200,Event,SQL,Marketing Ops,2026-08-15,2026-08-17,Duplicate Company,Merged,Ready,No,100.0
CRM-002538,Stonebridge Networks,Naomi Quinn,naomi.quinn@stonebridgenetworks.example,+44 20 7946 0366,United Kingdom,Technology,11-50,Website,Lead,Partnerships,2026-08-15,2026-09-11,Duplicate Email,Merged,Ready,No,100.0
CRM-002539,Dovetail Textiles,Aaron Carter,aaron.carter@dovetailtextiles.example,+1 971 555 0178,United States,Manufacturing,51-200,Website,Lead,Customer Success,2026-08-15,2026-09-22,Duplicate Company,Merged,Ready,No,100.0
CRM-002540,Jasper Software,Aaron Novak,aaron.novak@jaspersoftware.example,+1 720 555 0138,United States,Technology,51-200,Outbound,Customer,Sales Ops,2026-08-15,2026-08-23,Duplicate Company,Merged,Ready,No,100.0
CRM-002541,Emberly Retail,Caleb Jordan,caleb.jordan@emberlyretail.example,+1 303 555 0194,United States,Retail,201-1000,Website,SQL,Marketing Ops,2026-08-15,2026-09-08,Duplicate Email,Merged,Ready,No,100.0
CRM-002542,Sable Analytics,Mateo Fischer,mateo.fischer@sableanalytics.example,+1 617 555 0169,United States,Technology,51-200,Referral,SQL,Marketing Ops,2026-08-15,2026-08-16,Duplicate Email,Merged,Ready,No,100.0
CRM-002543,Raven Textiles,Ava Lawson,ava.lawson@raventextiles.example,+1 613 555 0151,Canada,Manufacturing,1-10,Outbound,Lead,Partnerships,2026-08-15,2026-08-27,None,No Action Needed,Ready,No,100.0
CRM-002544,Rosewood Staffing,Zara Ortega,zara.ortega@rosewoodstaffing.example,+1 858 555 0105,United States,Professional Services,51-200,Webinar,MQL,Marketing Ops,2026-08-15,2026-09-16,Company Casing,Standardized,Ready,No,100.0
CRM-002545,Inlet Consulting,Julia Grant,julia.grant@inletconsulting.example,+1 617 555 0165,United States,Professional Services,11-50,Website,SQL,Sales Ops,2026-08-15,2026-09-17,Duplicate Company,Merged,Ready,No,100.0
CRM-002546,Aspen Studios,Omar Everett,omar.everett@aspenstudios.example,+1 858 555 0197,United States,Media,1-10,Outbound,Lead,Marketing Ops,2026-08-15,2026-08-15,None,No Action Needed,Ready,No,100.0
CRM-002547,Marlow Systems,Caleb Young,caleb.young@marlowsystems.example,+1 404 555 0123,United States,Technology,11-50,Website,SQL,Growth Ops,2026-08-15,2026-09-22,None,No Action Needed,Ready,No,100.0
CRM-002548,Beacon Health,Daniel Ortega,daniel.ortega@beaconhealth.example,+1 480 555 0175,United States,Healthcare,51-200,Outbound,Lead,Partnerships,2026-08-15,2026-09-10,Duplicate Company,Merged,Ready,No,100.0
CRM-002549,Bridgewater Supply,Maya Sutton,maya.sutton@bridgewatersupply.example,+1 646 555 0118,United States,Logistics,1-10,Website,Lead,Growth Ops,2026-08-15,2026-09-22,Duplicate Company,Merged,Ready,No,100.0
CRM-002550,Fernhill Supply,Mateo Grant,mateo.grant@fernhillsupply.example,+1 503 555 0129,United States,Logistics,51-200,Outbound,Customer,Sales Ops,2026-08-15,2026-09-22,Duplicate Email,Merged,Ready,No,100.0
CRM-002551,Gladstone Education,Ravi Vaughn,ravi.vaughn@gladstoneeducation.example,+1 813 555 0134,United States,Education,1000+,Referral,Lead,Sales Ops,2026-08-15,2026-08-17,Phone Format,Standardized,Ready,No,100.0
CRM-002552,Elmwood Works,Leah Mercer,leah.mercer@elmwoodworks.example,+1 404 555 0166,United States,Manufacturing,11-50,Webinar,MQL,Partnerships,2026-08-15,2026-09-16,None,No Action Needed,Ready,No,100.0
CRM-002553,Bayview Analytics,Theo Abbott,theo.abbott@bayviewanalytics.example,+1 480 555 0121,United States,Technology,11-50,Event,MQL,Customer Success,2026-08-15,2026-09-30,Duplicate Email,Merged,Ready,No,100.0
CRM-002554,Oakridge Security,Naomi Walsh,naomi.walsh@oakridgesecurity.example,+1 613 555 0144,Canada,Technology,201-1000,Website,Lead,Marketing Ops,2026-08-15,2026-09-04,None,No Action Needed,Ready,No,100.0
CRM-002555,Ironwood Staffing,Caleb Lawson,caleb.lawson@ironwoodstaffing.example,+1 617 555 0143,United States,Professional Services,51-200,Website,MQL,Marketing Ops,2026-08-15,2026-09-22,Duplicate Email,Merged,Ready,No,100.0
CRM-002557,Cascade Insurance,Hugo Chandra,hugo.chandra@cascadeinsurance.example,+1 702 555 0167,United States,Finance,11-50,Website,Lead,Growth Ops,2026-08-16,2026-08-18,Company Casing,Standardized,Ready,No,100.0
CRM-002558,Inlet Retail,Hugo Carter,hugo.carter@inletretail.example,+1 415 555 0156,United States,Retail,1000+,Referral,Opportunity,Sales Ops,2026-08-16,2026-08-23,None,No Action Needed,Ready,No,100.0
CRM-002559,Jasper Analytics,Noah Ortega,noah.ortega@jasperanalytics.example,+44 20 7946 0586,United Kingdom,Technology,51-200,Website,MQL,Partnerships,2026-08-16,2026-09-26,None,No Action Needed,Ready,No,100.0
CRM-002560,Marlow Media,Owen Walsh,owen.walsh@marlowmedia.example,+1 602 555 0192,United States,Media,51-200,Website,Lead,Sales Ops,2026-08-16,2026-09-26,Missing Email,Enriched,Ready,No,100.0
CRM-002561,Prairie Motors,Dylan Jordan,dylan.jordan@prairiemotors.example,+1 971 555 0184,United States,Manufacturing,201-1000,Event,Lead,Sales Ops,2026-08-16,2026-09-04,Company Casing,Standardized,Ready,No,100.0
CRM-002562,Dunmore Textiles,Victor Hayes,victor.hayes@dunmoretextiles.example,+1 646 555 0122,United States,Manufacturing,51-200,Referral,SQL,Growth Ops,2026-08-17,2026-09-28,Company Casing,Standardized,Ready,No,100.0
CRM-002563,Zenith Services,Ava Everett,ava.everett@zenithservices.example,+1 901 555 0195,United States,Professional Services,1-10,Outbound,Lead,Sales Ops,2026-08-17,2026-08-28,None,No Action Needed,Ready,No,100.0
CRM-002564,Windmill Robotics,Julia Quinn,julia.quinn@windmillrobotics.example,+1 212 555 0189,United States,Technology,1-10,Outbound,Opportunity,Growth Ops,2026-08-17,2026-09-09,None,No Action Needed,Ready,No,100.0
CRM-002565,Eastgate Supply,Grace Ortega,grace.ortega@eastgatesupply.example,+1 858 555 0152,United States,Logistics,11-50,Website,Lead,Growth Ops,2026-08-17,2026-09-14,Phone Format,Standardized,Ready,No,100.0
CRM-002566,Hawthorn Networks,Hugo Hartley,hugo.hartley@hawthornnetworks.example,+44 20 7946 0740,United Kingdom,Technology,51-200,Referral,Opportunity,Customer Success,2026-08-17,2026-09-07,None,No Action Needed,Ready,No,100.0
CRM-002567,Inlet Energy,Liam Jensen,,+1 503 555 0127,United States,Energy,11-50,Referral,Opportunity,Sales Ops,2026-08-17,2026-09-27,Missing Email,Owner Follow-up,Needs Follow-up,Yes,87.5
CRM-002568,Fairview Cloud,Hana Keller,hana.keller@fairviewcloud.example,+1 212 555 0129,United States,Technology,1-10,Referral,MQL,Partnerships,2026-08-17,2026-08-27,None,No Action Needed,Ready,No,100.0
CRM-002569,Rosewood Pharma,Isaac Young,isaac.young@rosewoodpharma.example,+1 713 555 0154,United States,Healthcare,201-1000,Referral,Customer,Partnerships,2026-08-17,2026-09-11,None,No Action Needed,Ready,No,100.0
CRM-002570,Riverside Systems,Ines Mercer,ines.mercer@riversidesystems.example,+1 303 555 0105,United States,Technology,1-10,Webinar,Lead,Partnerships,2026-08-17,2026-09-06,None,No Action Needed,Ready,No,100.0
CRM-002571,Beacon Realty,Rosa Carter,rosa.carter@beaconrealty.example,+1 305 555 0173,United States,Professional Services,11-50,Outbound,MQL,Marketing Ops,2026-08-17,2026-08-19,None,No Action Needed,Ready,No,100.0
CRM-002572,Eastgate Studios,Ella Okafor,ella.okafor@eastgatestudios.example,+1 901 555 0150,United States,Media,11-50,Referral,SQL,Sales Ops,2026-08-18,2026-09-09,None,No Action Needed,Ready,No,100.0
CRM-002573,Dunmore Networks,Sofia Patel,sofia.patel@dunmorenetworks.example,+1 212 555 0199,United States,Technology,51-200,Partner,Lead,Marketing Ops,2026-08-18,2026-09-16,None,No Action Needed,Ready,No,100.0
CRM-002574,Ridgeline Analytics,Owen Everett,owen.everett@ridgelineanalytics.example,+1 901 555 0118,United States,Technology,51-200,Outbound,Lead,Marketing Ops,2026-08-18,2026-08-31,None,No Action Needed,Ready,No,100.0
CRM-002575,Northstar Consulting,Owen Turner,owen.turner@northstarconsulting.example,,United Kingdom,Professional Services,1-10,Website,Lead,Customer Success,2026-08-18,2026-09-07,Missing Phone,Owner Follow-up,Needs Follow-up,Yes,87.5
CRM-002576,Summit Finance,Alicia Kerr,alicia.kerr@summitfinance.example,+1 516 555 0121,United States,Finance,11-50,Referral,Lead,Growth Ops,2026-08-18,2026-09-02,Phone Format,Standardized,Ready,No,100.0
CRM-002577,Granite Staffing,Felix Fischer,felix.fischer@granitestaffing.example,+1 206 555 0180,United States,Professional Services,51-200,Outbound,SQL,Partnerships,2026-08-18,2026-09-21,None,No Action Needed,Ready,No,100.0
CRM-002578,Copperfield Networks,Ethan Nolan,ethan.nolan@copperfieldnetworks.example,+1 206 555 0168,United States,Technology,1-10,Website,Opportunity,Marketing Ops,2026-08-18,2026-09-21,None,No Action Needed,Ready,No,100.0
CRM-002579,Vista Media,Felix Irving,felix.irving@vistamedia.example,+1 312 555 0125,United States,Media,201-1000,Outbound,Lead,Partnerships,2026-08-18,2026-08-24,None,No Action Needed,Ready,No,100.0
CRM-002580,Kenwood Software,Mateo Nolan,,+1 305 555 0101,United States,Technology,11-50,Referral,Lead,Marketing Ops,2026-08-18,2026-08-26,Missing Email,Owner Follow-up,Needs Follow-up,Yes,87.5
CRM-002581,Elmwood Retail,Hana Sutton,hana.sutton@elmwoodretail.example,+1 720 555 0137,United States,Retail,1-10,Partner,Lead,Marketing Ops,2026-08-18,2026-08-23,Company Casing,Standardized,Ready,No,100.0
CRM-002582,Windmill Systems,Priya Irving,priya.irving@windmillsystems.example,+1 971 555 0166,United States,Technology,1-10,Webinar,Lead,Partnerships,2026-08-18,2026-09-24,Company Casing,Standardized,Ready,No,100.0
CRM-002583,Copperfield Health,Ines Ivers,ines.ivers@copperfieldhealth.example,+44 20 7946 0207,United Kingdom,Healthcare,11-50,Website,Lead,Marketing Ops,2026-08-18,2026-09-07,Missing Industry,Enriched,Ready,No,100.0
CRM-002584,Millbrook Supply,Lena Hayes,lena.hayes@millbrooksupply.example,+1 310 555 0196,United States,Logistics,11-50,Event,Lead,Growth Ops,2026-08-18,2026-08-25,None,No Action Needed,Ready,No,100.0
CRM-002585,Juniper Partners,Mira Hayes,mira.hayes@juniperpartners.example,+1 737 555 0183,United States,Professional Services,51-200,Outbound,MQL,Partnerships,2026-08-18,2026-09-22,Phone Format,Standardized,Ready,No,100.0
CRM-002586,Silverline Travel,Ava Walsh,ava.walsh@silverlinetravel.example,+44 20 7946 0386,United Kingdom,Logistics,11-50,Outbound,Lead,Sales Ops,2026-08-18,2026-08-27,Missing Phone,Enriched,Ready,No,100.0
CRM-002591,Ashford Marketing,Lena Lowe,,+1 737 555 0160,United States,Media,11-50,Referral,MQL,Customer Success,2026-08-19,2026-09-24,Missing Email,Owner Follow-up,Needs Follow-up,Yes,87.5
CRM-002592,Verdant Networks,Tessa Irving,tessa.irving@verdantnetworks.example,+1 925 555 0170,United States,Technology,1-10,Referral,SQL,Growth Ops,2026-08-19,2026-08-21,Phone Format,Standardized,Ready,No,100.0
CRM-002593,Vista Partners,Sofia Fischer,sofia.fischer@vistapartners.example,+1 737 555 0145,United States,Professional Services,51-200,Event,MQL,Customer Success,2026-08-19,2026-09-06,Phone Format,Standardized,Ready,No,100.0
CRM-002594,Nimbus Media,Owen Grant,owen.grant@nimbusmedia.example,,United States,Media,51-200,Referral,Lead,Sales Ops,2026-08-19,2026-09-23,Missing Phone,Owner Follow-up,Needs Follow-up,Yes,87.5
CRM-002595,Clearwater Studios,Nina Gallo,nina.gallo@clearwaterstudios.example,+1 702 555 0126,United States,Media,201-1000,Partner,Lead,Marketing Ops,2026-08-19,2026-09-21,None,No Action Needed,Ready,No,100.0
CRM-002596,Trailhead Finance,Isaac Carter,,+1 971 555 0170,United States,Finance,201-1000,Website,MQL,Partnerships,2026-08-19,2026-09-23,Invalid Email,Owner Follow-up,Needs Follow-up,Yes,87.5
CRM-002597,Linden Partners,Isaac Quinn,isaac.quinn@lindenpartners.example,+1 917 555 0178,United States,Professional Services,201-1000,Website,MQL,Marketing Ops,2026-08-19,2026-09-30,Phone Format,Standardized,Ready,No,100.0
CRM-002598,Willow Health,Lucas Quinn,lucas.quinn@willowhealth.example,+1 310 555 0112,United States,Healthcare,11-50,Referral,MQL,Sales Ops,2026-08-19,2026-08-25,None,No Action Needed,Ready,No,100.0
CRM-002599,Evergreen Robotics,Rosa Quinn,rosa.quinn@evergreenrobotics.example,+1 480 555 0174,United States,Technology,51-200,Outbound,SQL,Marketing Ops,2026-08-19,2026-08-26,None,No Action Needed,Ready,No,100.0
CRM-002600,Larkspur Systems,Nina Ellis,nina.ellis@larkspursystems.example,+1 404 555 0191,United States,Technology,11-50,Outbound,Opportunity,Partnerships,2026-08-19,2026-09-08,None,No Action Needed,Ready,No,100.0
CRM-002601,Greenline Partners,Marcus Keller,marcus.keller@greenlinepartners.example,+1 713 555 0105,United States,Professional Services,1000+,Website,Lead,Growth Ops,2026-08-19,2026-08-22,Invalid Email,Standardized,Ready,No,100.0
CRM-002602,Lakeshore Design,Alicia Reeves,alicia.reeves@lakeshoredesign.example,+1 646 555 0157,United States,Media,11-50,Website,SQL,Sales Ops,2026-08-20,2026-09-04,None,No Action Needed,Ready,No,100.0
CRM-002603,Dovetail Cloud,Mateo Shah,mateo.shah@dovetailcloud.example,+1 480 555 0165,United States,Technology,11-50,Outbound,MQL,Growth Ops,2026-08-20,2026-08-23,Phone Format,Standardized,Ready,No,100.0
CRM-002604,Crestview Security,Alicia Patel,alicia.patel@crestviewsecurity.example,+1 713 555 0157,United States,Technology,201-1000,Outbound,Lead,Partnerships,2026-08-20,2026-09-20,None,No Action Needed,Ready,No,100.0
CRM-002605,Zenith Insurance,Clara Delgado,clara.delgado@zenithinsurance.example,+44 20 7946 0708,United Kingdom,Finance,51-200,Website,MQL,Partnerships,2026-08-20,2026-09-04,Phone Format,Standardized,Ready,No,100.0
CRM-002606,Quarry Solutions,Isaac Walsh,isaac.walsh@quarrysolutions.example,+1 858 555 0179,United States,Technology,11-50,Website,Lead,Customer Success,2026-08-20,2026-08-31,None,No Action Needed,Ready,No,100.0
CRM-002607,Keystone Studios,Theo Quinn,theo.quinn@keystonestudios.example,+44 20 7946 0552,United Kingdom,Media,201-1000,Outbound,Lead,Sales Ops,2026-08-20,2026-09-02,None,No Action Needed,Ready,No,100.0
CRM-002608,Ridgeline Retail,Felix Sutton,felix.sutton@ridgelineretail.example,+1 613 555 0109,Canada,Retail,1-10,Webinar,SQL,Customer Success,2026-08-20,2026-09-13,None,No Action Needed,Ready,No,100.0
CRM-002609,Marlow Robotics,Ella Rowe,ella.rowe@marlowrobotics.example,+1 503 555 0116,United States,Technology,51-200,Outbound,Opportunity,Partnerships,2026-08-20,2026-09-22,None,No Action Needed,Ready,No,100.0
CRM-002610,Kestrel Security,Leah Rowe,leah.rowe@kestrelsecurity.example,+1 949 555 0114,United States,Technology,11-50,Outbound,Lead,Marketing Ops,2026-08-20,2026-09-13,Missing Phone,Enriched,Ready,No,100.0
CRM-002611,Ridgeline Robotics,Lucas Carter,lucas.carter@ridgelinerobotics.example,+1 310 555 0187,United States,Technology,11-50,Event,MQL,Growth Ops,2026-08-20,2026-08-28,None,No Action Needed,Ready,No,100.0
CRM-002612,Granite Industries,Ava Pruitt,ava.pruitt@graniteindustries.example,+1 901 555 0125,United States,Manufacturing,11-50,Outbound,MQL,Sales Ops,2026-08-20,2026-09-15,None,No Action Needed,Ready,No,100.0
CRM-002613,Ashford Solutions,Victor Turner,victor.turner@ashfordsolutions.example,+1 617 555 0123,United States,Technology,51-200,Website,Lead,Growth Ops,2026-08-20,2026-09-30,None,No Action Needed,Ready,No,100.0
CRM-002614,Indigo Analytics,Dylan Abbott,dylan.abbott@indigoanalytics.example,+1 713 555 0123,United States,Technology,1-10,Event,Lead,Customer Success,2026-08-20,2026-08-21,None,No Action Needed,Ready,No,100.0
CRM-002616,Evergreen Education,Naomi Barnes,naomi.barnes@evergreeneducation.example,+1 310 555 0183,United States,Education,51-200,Website,MQL,Marketing Ops,2026-08-21,2026-08-22,None,No Action Needed,Ready,No,100.0
CRM-002617,Beacon Packaging,Naomi Dawson,naomi.dawson@beaconpackaging.example,+1 813 555 0125,United States,Manufacturing,51-200,Website,Lead,Growth Ops,2026-08-21,2026-08-28,None,No Action Needed,Ready,No,100.0
CRM-002618,Larkspur Energy,Julia Hartley,julia.hartley@larkspurenergy.example,+1 702 555 0106,United States,Energy,11-50,Outbound,MQL,Partnerships,2026-08-21,2026-09-25,Company Casing,Standardized,Ready,No,100.0
CRM-002619,Falcon Works,Amara Patel,amara.patel@falconworks.example,+1 212 555 0169,United States,Manufacturing,201-1000,Event,Lead,Growth Ops,2026-08-21,2026-08-26,None,No Action Needed,Ready,No,100.0
CRM-002620,Driftwood Energy,Tessa Brooks,tessa.brooks@driftwoodenergy.example,+1 617 555 0163,United States,Energy,11-50,Outbound,Customer,Customer Success,2026-08-21,2026-09-09,Missing Industry,Enriched,Ready,No,100.0
CRM-002621,Beacon Robotics,Aaron Brooks,aaron.brooks@beaconrobotics.example,+1 404 555 0126,United States,Technology,51-200,Referral,MQL,Marketing Ops,2026-08-21,2026-09-02,Company Casing,Standardized,Ready,No,100.0
CRM-002622,Keystone Cloud,Hana Jordan,hana.jordan@keystonecloud.example,+1 628 555 0196,United States,Technology,11-50,Website,Lead,Sales Ops,2026-08-21,2026-09-27,Missing Phone,Enriched,Ready,No,100.0
CRM-002623,Falcon Education,Hugo Quinn,hugo.quinn@falconeducation.example,+1 512 555 0101,United States,Education,11-50,Outbound,Lead,Sales Ops,2026-08-21,2026-08-22,Phone Format,Standardized,Ready,No,100.0
CRM-002624,Inlet Capital,Priya Lawson,priya.lawson@inletcapital.example,+1 303 555 0179,United States,Finance,51-200,Referral,Lead,Marketing Ops,2026-08-21,2026-09-17,None,No Action Needed,Ready,No,100.0
CRM-002625,Redwood Retail,Lena Okafor,lena.okafor@redwoodretail.example,+1 516 555 0180,United States,Retail,1-10,Website,MQL,Partnerships,2026-08-21,2026-09-01,None,No Action Needed,Ready,No,100.0
CRM-002626,Oakridge Systems,Zara Reeves,zara.reeves@oakridgesystems.example,+1 404 555 0137,United States,Technology,1-10,Outbound,SQL,Customer Success,2026-08-21,2026-09-24,None,No Action Needed,Ready,No,100.0
CRM-002627,Umber Analytics,Lucas Reeves,lucas.reeves@umberanalytics.example,+44 20 7946 0692,United Kingdom,Technology,11-50,Outbound,Lead,Customer Success,2026-08-21,2026-08-23,Company Casing,Standardized,Ready,No,100.0
CRM-002628,Northgate Works,Theo Sutton,theo.sutton@northgateworks.example,+1 720 555 0194,United States,Manufacturing,201-1000,Outbound,MQL,Sales Ops,2026-08-21,2026-08-26,None,No Action Needed,Ready,No,100.0
CRM-002629,Olive Security,Daniel Rowe,daniel.rowe@olivesecurity.example,+1 512 555 0196,United States,Technology,1-10,Website,Lead,Customer Success,2026-08-22,2026-08-27,None,No Action Needed,Ready,No,100.0
CRM-002630,Peakview Travel,Naomi Jordan,naomi.jordan@peakviewtravel.example,+1 212 555 0127,United States,Logistics,11-50,Website,Opportunity,Sales Ops,2026-08-22,2026-09-03,None,No Action Needed,Ready,No,100.0
CRM-002631,Elmwood Supply,Leah Ortega,leah.ortega@elmwoodsupply.example,+1 503 555 0152,United States,Logistics,11-50,Website,MQL,Partnerships,2026-08-22,2026-09-15,None,No Action Needed,Ready,No,100.0
CRM-002632,Willow Energy,Ava Nolan,ava.nolan@willowenergy.example,+1 619 555 0143,United States,Energy,51-200,Event,Lead,Marketing Ops,2026-08-22,2026-09-21,None,No Action Needed,Ready,No,100.0
CRM-002633,Skyline Health,Zara Nolan,zara.nolan@skylinehealth.example,+1 604 555 0194,Canada,Healthcare,1-10,Outbound,Lead,Partnerships,2026-08-22,2026-09-08,None,No Action Needed,Ready,No,100.0
CRM-002634,Vista Realty,Dylan Delgado,dylan.delgado@vistarealty.example,+44 20 7946 0665,United Kingdom,Professional Services,11-50,Outbound,Lead,Growth Ops,2026-08-22,2026-08-26,None,No Action Needed,Ready,No,100.0
CRM-002635,Fairview Security,Noah Tanaka,noah.tanaka@fairviewsecurity.example,+1 602 555 0110,United States,Technology,51-200,Website,Opportunity,Partnerships,2026-08-22,2026-09-15,None,No Action Needed,Ready,No,100.0
CRM-002636,Silverline Industries,Clara Shah,clara.shah@silverlineindustries.example,+1 949 555 0149,United States,Manufacturing,11-50,Website,MQL,Marketing Ops,2026-08-22,2026-09-27,None,No Action Needed,Ready,No,100.0
CRM-002637,Meridian Cloud,Ines Quinn,ines.quinn@meridiancloud.example,+1 212 555 0146,United States,Technology,1-10,Webinar,Lead,Customer Success,2026-08-22,2026-09-09,None,No Action Needed,Ready,No,100.0
CRM-002638,Juniper Packaging,Jonah Delgado,jonah.delgado@juniperpackaging.example,+1 310 555 0167,United States,Manufacturing,11-50,Event,MQL,Marketing Ops,2026-08-22,2026-09-01,Missing Industry,Enriched,Ready,No,100.0
CRM-002639,Nimbus Consulting,Mira Reeves,mira.reeves@nimbusconsulting.example,+1 212 555 0163,United States,Professional Services,1-10,Outbound,MQL,Growth Ops,2026-08-22,2026-09-04,Missing Phone,Enriched,Ready,No,100.0
CRM-002640,Windmill Retail,Kai Dawson,kai.dawson@windmillretail.example,+1 512 555 0126,United States,Retail,51-200,Partner,Lead,Growth Ops,2026-08-22,2026-08-24,None,No Action Needed,Ready,No,100.0
CRM-002643,Maple Supply,Victor Shah,victor.shah@maplesupply.example,+1 901 555 0117,United States,Logistics,51-200,Website,Lead,Sales Ops,2026-08-23,2026-09-18,Missing Industry,Enriched,Ready,No,100.0
CRM-002644,Tidewater Education,Lucas Lowe,lucas.lowe@tidewatereducation.example,+1 415 555 0137,United States,Education,51-200,Referral,SQL,Customer Success,2026-08-23,2026-09-02,None,No Action Needed,Ready,No,100.0
CRM-002645,Kingfisher Systems,Maya Patel,maya.patel@kingfishersystems.example,,United States,Technology,11-50,Referral,Lead,Marketing Ops,2026-08-23,2026-09-12,Missing Phone,Owner Follow-up,Needs Follow-up,Yes,87.5
CRM-002646,Quarry Studios,Caleb Jensen,caleb.jensen@quarrystudios.example,+1 720 555 0151,United States,Media,201-1000,Website,Opportunity,Partnerships,2026-08-23,2026-09-04,None,No Action Needed,Ready,No,100.0
CRM-002647,Vantage Works,Marcus Barnes,marcus.barnes@vantageworks.example,+1 617 555 0114,United States,Manufacturing,51-200,Event,Lead,Marketing Ops,2026-08-23,2026-09-06,Missing Industry,Enriched,Ready,No,100.0
CRM-002648,Brookside Packaging,Grace Turner,grace.turner@brooksidepackaging.example,+1 901 555 0172,United States,Manufacturing,201-1000,Outbound,Opportunity,Customer Success,2026-08-23,2026-09-08,Missing Email,Enriched,Ready,No,100.0
CRM-002649,Lighthouse Services,Ravi Abbott,ravi.abbott@lighthouseservices.example,+1 619 555 0105,United States,Professional Services,1-10,Partner,Lead,Sales Ops,2026-08-23,2026-09-04,None,No Action Needed,Ready,No,100.0
CRM-002650,Sterling Textiles,Mira Carter,mira.carter@sterlingtextiles.example,+1 480 555 0148,United States,Manufacturing,51-200,Referral,MQL,Sales Ops,2026-08-23,2026-09-28,None,No Action Needed,Ready,No,100.0
CRM-002651,Horizon Packaging,Felix Ivers,felix.ivers@horizonpackaging.example,+1 469 555 0174,United States,Manufacturing,51-200,Referral,Lead,Customer Success,2026-08-24,2026-09-05,Missing Email,Enriched,Ready,No,100.0
CRM-002652,Oakridge Travel,Aaron Patel,aaron.patel@oakridgetravel.example,+44 20 7946 0950,United Kingdom,Logistics,201-1000,Partner,Lead,Partnerships,2026-08-24,2026-08-30,None,No Action Needed,Ready,No,100.0
CRM-002653,Valley Software,Rosa Ellis,rosa.ellis@valleysoftware.example,+1 416 555 0142,Canada,Technology,11-50,Referral,SQL,Sales Ops,2026-08-24,2026-09-30,Company Casing,Standardized,Ready,No,100.0
CRM-002654,Emberly Partners,Felix Kerr,felix.kerr@emberlypartners.example,+1 702 555 0159,United States,Professional Services,11-50,Outbound,Lead,Partnerships,2026-08-24,2026-09-27,None,No Action Needed,Ready,No,100.0
CRM-002655,Pinecrest Finance,Clara Dawson,clara.dawson@pinecrestfinance.example,+1 925 555 0181,United States,Finance,1-10,Referral,MQL,Partnerships,2026-08-24,2026-09-04,None,No Action Needed,Ready,No,100.0
CRM-002656,Wexford Works,Nina Lowe,nina.lowe@wexfordworks.example,,United States,Manufacturing,1-10,Referral,MQL,Partnerships,2026-08-24,2026-09-16,Missing Phone,Owner Follow-up,Needs Follow-up,Yes,87.5
CRM-002657,Tamarack Cloud,Felix Lawson,felix.lawson@tamarackcloud.example,+1 646 555 0158,United States,Technology,11-50,Webinar,Lead,Partnerships,2026-08-24,2026-09-03,None,No Action Needed,Ready,No,100.0
CRM-002658,Tamarack Travel,Owen Jensen,owen.jensen@tamaracktravel.example,+1 404 555 0145,United States,Logistics,51-200,Event,Opportunity,Partnerships,2026-08-24,2026-09-18,None,No Action Needed,Ready,No,100.0
CRM-002659,Pioneer Security,Isaac Barnes,isaac.barnes@pioneersecurity.example,+1 971 555 0152,United States,Technology,1-10,Webinar,Lead,Customer Success,2026-08-24,2026-08-29,None,No Action Needed,Ready,No,100.0
CRM-002660,Ironwood Security,Nina Turner,nina.turner@ironwoodsecurity.example,+1 720 555 0193,United States,Technology,51-200,Website,MQL,Marketing Ops,2026-08-24,2026-09-28,Missing Industry,Enriched,Ready,No,100.0
CRM-002661,Ironwood Software,Felix Novak,felix.novak@ironwoodsoftware.example,+44 20 7946 0175,United Kingdom,Technology,1-10,Webinar,Lead,Partnerships,2026-08-24,2026-09-11,Phone Format,Standardized,Ready,No,100.0
CRM-002662,Elmwood Industries,Julia Jensen,,+1 617 555 0195,United States,Manufacturing,51-200,Website,MQL,Sales Ops,2026-08-24,2026-08-31,Missing Email,Owner Follow-up,Needs Follow-up,Yes,87.5
CRM-002663,Sable Staffing,Alicia Everett,alicia.everett@sablestaffing.example,+1 512 555 0176,United States,Professional Services,11-50,Outbound,Lead,Growth Ops,2026-08-24,2026-09-02,None,No Action Needed,Ready,No,100.0
CRM-002664,Larkspur Cloud,Ella Brooks,ella.brooks@larkspurcloud.example,+1 403 555 0177,Canada,Technology,11-50,Outbound,Lead,Marketing Ops,2026-08-24,2026-09-28,None,No Action Needed,Ready,No,100.0
CRM-002666,Larkspur Studios,Amara Fischer,amara.fischer@larkspurstudios.example,+1 403 555 0155,Canada,Media,11-50,Partner,Lead,Marketing Ops,2026-08-25,2026-09-30,Phone Format,Standardized,Ready,No,100.0
CRM-002667,Evergreen Labs,Tessa Abbott,tessa.abbott@evergreenlabs.example,+1 949 555 0122,United States,Technology,201-1000,Website,Lead,Customer Success,2026-08-25,2026-09-06,None,No Action Needed,Ready,No,100.0
CRM-002668,Elmwood Motors,Lucas Brooks,lucas.brooks@elmwoodmotors.example,+1 303 555 0154,United States,Manufacturing,11-50,Website,Lead,Growth Ops,2026-08-25,2026-09-28,None,No Action Needed,Ready,No,100.0
CRM-002669,Atlas Realty,Tessa Okafor,tessa.okafor@atlasrealty.example,+1 971 555 0193,United States,Professional Services,1-10,Website,MQL,Customer Success,2026-08-25,2026-09-25,None,No Action Needed,Ready,No,100.0
CRM-002670,Riverside Travel,Ravi Hayes,ravi.hayes@riversidetravel.example,+1 628 555 0181,United States,Logistics,51-200,Event,SQL,Customer Success,2026-08-25,2026-09-10,None,No Action Needed,Ready,No,100.0
CRM-002671,Birchwood Industries,Lena Carter,lena.carter@birchwoodindustries.example,+1 813 555 0138,United States,Manufacturing,51-200,Website,Opportunity,Partnerships,2026-08-25,2026-09-15,Missing Email,Enriched,Ready,No,100.0
CRM-002672,Oakridge Pharma,Julia Kerr,julia.kerr@oakridgepharma.example,+44 20 7946 0850,United Kingdom,Healthcare,11-50,Outbound,SQL,Sales Ops,2026-08-25,2026-09-16,None,No Action Needed,Ready,No,100.0
CRM-002673,Stonebridge Staffing,Ella Lawson,ella.lawson@stonebridgestaffing.example,+1 604 555 0146,Canada,Professional Services,11-50,Referral,MQL,Marketing Ops,2026-08-25,2026-09-28,None,No Action Needed,Ready,No,100.0
CRM-002674,Verdant Retail,Aaron Keller,aaron.keller@verdantretail.example,+1 917 555 0160,United States,Retail,11-50,Partner,Lead,Sales Ops,2026-08-25,2026-08-28,None,No Action Needed,Ready,No,100.0
CRM-002675,Copperfield Security,Tessa Nolan,tessa.nolan@copperfieldsecurity.example,+1 415 555 0136,United States,Technology,1000+,Webinar,Lead,Customer Success,2026-08-25,2026-09-15,Invalid Email,Standardized,Ready,No,100.0
CRM-002676,Bridgewater Staffing,Nina Foster,nina.foster@bridgewaterstaffing.example,+1 425 555 0131,United States,Professional Services,1000+,Referral,MQL,Sales Ops,2026-08-25,2026-09-25,None,No Action Needed,Ready,No,100.0
CRM-002678,Falcon Travel,Rosa Quinn,rosa.quinn@falcontravel.example,,United States,Logistics,11-50,Event,Lead,Sales Ops,2026-08-26,2026-09-06,Missing Phone,Owner Follow-up,Needs Follow-up,Yes,87.5
CRM-002679,Kestrel Design,Liam Lowe,liam.lowe@kestreldesign.example,+1 619 555 0111,United States,Media,51-200,Outbound,Lead,Sales Ops,2026-08-26,2026-09-05,Phone Format,Standardized,Ready,No,100.0
CRM-002680,Evergreen Services,Lena Chandra,lena.chandra@evergreenservices.example,+44 20 7946 0269,United Kingdom,Professional Services,1-10,Website,Lead,Partnerships,2026-08-26,2026-09-12,None,No Action Needed,Ready,No,100.0
CRM-002681,Zenith Labs,Sofia Delgado,sofia.delgado@zenithlabs.example,+1 617 555 0168,United States,Technology,1-10,Referral,MQL,Sales Ops,2026-08-26,2026-09-08,None,No Action Needed,Ready,No,100.0
CRM-002682,Fairview Logistics,Ava Everett,ava.everett@fairviewlogistics.example,+1 619 555 0167,United States,Logistics,11-50,Referral,Lead,Partnerships,2026-08-26,2026-09-03,None,No Action Needed,Ready,No,100.0
CRM-002683,Zenith Packaging,Felix Okafor,felix.okafor@zenithpackaging.example,+1 312 555 0152,United States,Manufacturing,11-50,Partner,Lead,Marketing Ops,2026-08-26,2026-09-05,None,No Action Needed,Ready,No,100.0
CRM-002684,Stonebridge Health,Caleb Irving,caleb.irving@stonebridgehealth.example,+1 404 555 0192,United States,Healthcare,11-50,Referral,Lead,Partnerships,2026-08-26,2026-09-05,None,No Action Needed,Ready,No,100.0
CRM-002685,Stonebridge Packaging,Amara Abbott,amara.abbott@stonebridgepackaging.example,+1 901 555 0137,United States,Manufacturing,1-10,Website,Lead,Customer Success,2026-08-26,2026-09-25,None,No Action Needed,Ready,No,100.0
CRM-002686,Lighthouse Solutions,Tessa Novak,tessa.novak@lighthousesolutions.example,+1 949 555 0131,United States,Technology,1-10,Referral,Opportunity,Marketing Ops,2026-08-26,2026-08-27,Phone Format,Standardized,Ready,No,100.0
CRM-002687,Newport Analytics,Julia Kerr,julia.kerr@newportanalytics.example,+1 512 555 0139,United States,Technology,201-1000,Referral,MQL,Sales Ops,2026-08-26,2026-09-11,None,No Action Needed,Ready,No,100.0
CRM-002688,Summit Textiles,Grace Novak,grace.novak@summittextiles.example,+1 425 555 0106,United States,Manufacturing,51-200,Webinar,Lead,Growth Ops,2026-08-26,2026-09-12,Invalid Email,Standardized,Ready,No,100.0
CRM-002689,Evergreen Systems,Ines Sutton,ines.sutton@evergreensystems.example,,United States,Technology,51-200,Partner,Lead,Customer Success,2026-08-26,2026-09-13,Missing Phone,Owner Follow-up,Needs Follow-up,Yes,87.5
CRM-002690,Oakridge Robotics,Ella Grant,ella.grant@oakridgerobotics.example,+1 404 555 0140,United States,Technology,51-200,Website,Lead,Marketing Ops,2026-08-26,2026-09-02,Missing Industry,Enriched,Ready,No,100.0
CRM-002692,Quartz Motors,Isaac Turner,isaac.turner@quartzmotors.example,+1 646 555 0123,United States,Manufacturing,1-10,Website,SQL,Marketing Ops,2026-08-27,2026-09-21,None,No Action Needed,Ready,No,100.0
CRM-002693,Trailhead Solutions,Marcus Patel,marcus.patel@trailheadsolutions.example,+1 702 555 0163,United States,Technology,51-200,Referral,Lead,Partnerships,2026-08-27,2026-08-28,None,No Action Needed,Ready,No,100.0
CRM-002694,Skyline Cloud,Ava Rowe,ava.rowe@skylinecloud.example,+1 425 555 0175,United States,Technology,51-200,Website,MQL,Sales Ops,2026-08-27,2026-09-09,Phone Format,Standardized,Ready,No,100.0
CRM-002695,Pioneer Staffing,Caleb Fischer,caleb.fischer@pioneerstaffing.example,+1 303 555 0104,United States,Professional Services,11-50,Event,SQL,Marketing Ops,2026-08-27,2026-09-30,None,No Action Needed,Ready,No,100.0
CRM-002696,Unity Health,Ella Ivers,ella.ivers@unityhealth.example,+1 469 555 0141,United States,Healthcare,201-1000,Website,Lead,Marketing Ops,2026-08-27,2026-09-11,None,No Action Needed,Ready,No,100.0
CRM-002697,Keystone Works,Lucas Mercer,lucas.mercer@keystoneworks.example,+1 403 555 0175,Canada,Manufacturing,11-50,Outbound,Opportunity,Customer Success,2026-08-27,2026-09-27,None,No Action Needed,Ready,No,100.0
CRM-002698,Alder Systems,Mira Novak,mira.novak@aldersystems.example,+1 858 555 0108,United States,Technology,51-200,Referral,Lead,Marketing Ops,2026-08-27,2026-08-28,None,No Action Needed,Ready,No,100.0
CRM-002699,Northgate Systems,Mateo Carter,mateo.carter@northgatesystems.example,+1 925 555 0127,United States,Technology,1-10,Partner,Lead,Partnerships,2026-08-27,2026-09-17,None,No Action Needed,Ready,No,100.0
CRM-002702,Landmark Textiles,Ines Reeves,ines.reeves@landmarktextiles.example,+1 312 555 0165,United States,Manufacturing,1-10,Outbound,Lead,Sales Ops,2026-08-28,2026-09-21,None,No Action Needed,Ready,No,100.0
CRM-002703,Evergreen Motors,Ava Mercer,ava.mercer@evergreenmotors.example,+1 971 555 0122,United States,Manufacturing,51-200,Referral,Lead,Marketing Ops,2026-08-28,2026-09-16,Company Casing,Standardized,Ready,No,100.0
CRM-002704,Northstar Education,Hugo Walsh,hugo.walsh@northstareducation.example,+1 720 555 0116,United States,Education,11-50,Outbound,SQL,Marketing Ops,2026-08-28,2026-09-25,Missing Phone,Enriched,Ready,No,100.0
CRM-002705,Quartz Textiles,Hana Everett,hana.everett@quartztextiles.example,+1 425 555 0152,United States,Manufacturing,1000+,Outbound,Lead,Growth Ops,2026-08-28,2026-09-16,None,No Action Needed,Ready,No,100.0
CRM-002706,Evergreen Studios,Dylan Dawson,dylan.dawson@evergreenstudios.example,+1 713 555 0155,United States,Media,51-200,Webinar,MQL,Marketing Ops,2026-08-28,2026-09-17,None,No Action Needed,Ready,No,100.0
CRM-002707,Fairview Health,Caleb Kerr,caleb.kerr@fairviewhealth.example,+1 858 555 0173,United States,Healthcare,11-50,Website,SQL,Customer Success,2026-08-28,2026-09-09,None,No Action Needed,Ready,No,100.0
CRM-002708,Greenline Motors,Alicia Reeves,alicia.reeves@greenlinemotors.example,+44 20 7946 0551,United Kingdom,Manufacturing,11-50,Website,Opportunity,Customer Success,2026-08-28,2026-09-19,Missing Email,Enriched,Ready,No,100.0
CRM-002709,Upland Insurance,Isaac Jensen,isaac.jensen@uplandinsurance.example,+44 20 7946 0346,United Kingdom,Finance,51-200,Outbound,MQL,Customer Success,2026-08-28,2026-09-29,Phone Format,Standardized,Ready,No,100.0
CRM-002710,Horizon Realty,Dylan Quinn,dylan.quinn@horizonrealty.example,+1 858 555 0145,United States,Professional Services,1-10,Outbound,Opportunity,Customer Success,2026-08-28,2026-09-18,None,No Action Needed,Ready,No,100.0
CRM-002711,Alder Cloud,Ravi Turner,ravi.turner@aldercloud.example,+1 415 555 0174,United States,Technology,51-200,Outbound,Lead,Partnerships,2026-08-28,2026-08-28,None,No Action Needed,Ready,No,100.0
CRM-002712,Olive Systems,Sofia Jensen,,+1 514 555 0181,Canada,Technology,11-50,Referral,SQL,Marketing Ops,2026-08-28,2026-09-18,Missing Email,Owner Follow-up,Needs Follow-up,Yes,87.5
CRM-002713,Hollis Consulting,Daniel Chandra,daniel.chandra@hollisconsulting.example,+44 20 7946 0476,United Kingdom,Professional Services,1-10,Webinar,Lead,Sales Ops,2026-08-29,2026-09-23,Company Casing,Standardized,Ready,No,100.0
CRM-002714,Crestview Logistics,Aaron Young,aaron.young@crestviewlogistics.example,+1 720 555 0180,United States,Logistics,11-50,Website,MQL,Partnerships,2026-08-29,2026-09-07,None,No Action Needed,Ready,No,100.0
CRM-002715,Quill Insurance,Marcus Ortega,marcus.ortega@quillinsurance.example,+44 20 7946 0651,United Kingdom,Finance,201-1000,Website,Lead,Customer Success,2026-08-29,2026-09-20,None,No Action Needed,Ready,No,100.0
CRM-002716,Emberly Realty,Mira Quinn,mira.quinn@emberlyrealty.example,+1 404 555 0194,United States,Professional Services,51-200,Event,Lead,Marketing Ops,2026-08-29,2026-09-20,None,No Action Needed,Ready,No,100.0
CRM-002717,Keystone Retail,Isaac Patel,isaac.patel@keystoneretail.example,+1 917 555 0176,United States,Retail,51-200,Website,Lead,Marketing Ops,2026-08-29,2026-09-06,None,No Action Needed,Ready,No,100.0
CRM-002718,Norwood Networks,Daniel Delgado,daniel.delgado@norwoodnetworks.example,+1 813 555 0165,United States,Technology,11-50,Referral,Lead,Growth Ops,2026-08-29,2026-09-11,None,No Action Needed,Ready,No,100.0
CRM-002719,Sterling Logistics,Daniel Abbott,daniel.abbott@sterlinglogistics.example,+1 971 555 0156,United States,Logistics,1000+,Referral,Lead,Partnerships,2026-08-29,2026-09-18,None,No Action Needed,Ready,No,100.0
CRM-002720,Olive Motors,Maya Carter,maya.carter@olivemotors.example,+1 702 555 0153,United States,Manufacturing,51-200,Website,Lead,Customer Success,2026-08-29,2026-09-02,None,No Action Needed,Ready,No,100.0
CRM-002721,Foxglove Insurance,Lucas Quinn,lucas.quinn@foxgloveinsurance.example,+1 813 555 0131,United States,Finance,51-200,Website,Lead,Customer Success,2026-08-29,2026-09-09,None,No Action Needed,Ready,No,100.0
CRM-002723,Birchwood Logistics,Dylan Hayes,dylan.hayes@birchwoodlogistics.example,+1 737 555 0116,United States,Logistics,1-10,Partner,Lead,Customer Success,2026-08-30,2026-09-13,Invalid Email,Standardized,Ready,No,100.0
CRM-002724,Kingfisher Networks,Caleb Carter,caleb.carter@kingfishernetworks.example,+44 20 7946 0967,United Kingdom,Technology,11-50,Referral,SQL,Partnerships,2026-08-30,2026-08-31,None,No Action Needed,Ready,No,100.0
CRM-002725,Keystone Supply,Grace Dawson,grace.dawson@keystonesupply.example,+44 20 7946 0510,United Kingdom,Logistics,1000+,Website,Opportunity,Marketing Ops,2026-08-30,2026-09-13,None,No Action Needed,Ready,No,100.0
CRM-002726,Jasper Marketing,Mateo Irving,mateo.irving@jaspermarketing.example,+1 617 555 0159,United States,Media,51-200,Partner,SQL,Customer Success,2026-08-30,2026-09-02,Phone Format,Standardized,Ready,No,100.0
CRM-002727,Redwood Motors,Victor Okafor,victor.okafor@redwoodmotors.example,+1 514 555 0152,Canada,Manufacturing,51-200,Referral,Lead,Customer Success,2026-08-30,2026-09-29,None,No Action Needed,Ready,No,100.0
CRM-002728,Skyline Energy,Ava Patel,ava.patel@skylineenergy.example,+1 310 555 0185,United States,Energy,51-200,Website,MQL,Customer Success,2026-08-30,2026-09-09,None,No Action Needed,Ready,No,100.0
CRM-002729,Goldcrest Finance,Ava Walsh,ava.walsh@goldcrestfinance.example,+1 713 555 0116,United States,Finance,1000+,Referral,Lead,Sales Ops,2026-08-30,2026-09-14,Invalid Email,Standardized,Ready,No,100.0
CRM-002730,Dunmore Energy,Isaac Shah,isaac.shah@dunmoreenergy.example,+44 20 7946 0614,United Kingdom,Energy,11-50,Event,Lead,Marketing Ops,2026-08-30,2026-09-07,None,No Action Needed,Ready,No,100.0
CRM-002731,Valley Finance,Omar Pruitt,omar.pruitt@valleyfinance.example,,United States,Finance,1-10,Website,Lead,Customer Success,2026-08-30,2026-09-10,Missing Phone,Owner Follow-up,Needs Follow-up,Yes,87.5
CRM-002732,Valley Services,Tessa Keller,tessa.keller@valleyservices.example,+1 720 555 0145,United States,Professional Services,201-1000,Referral,MQL,Customer Success,2026-08-30,2026-09-02,None,No Action Needed,Ready,No,100.0
CRM-002733,Cascade Pharma,Daniel Novak,daniel.novak@cascadepharma.example,+1 514 555 0129,Canada,Healthcare,201-1000,Referral,Lead,Customer Success,2026-08-30,2026-09-11,Phone Format,Standardized,Ready,No,100.0
CRM-002735,Elmwood Packaging,Hugo Lawson,hugo.lawson@elmwoodpackaging.example,+1 212 555 0177,United States,Manufacturing,51-200,Event,Opportunity,Customer Success,2026-08-31,2026-09-21,None,No Action Needed,Ready,No,100.0
CRM-002736,Hollis Cloud,Sofia Gallo,sofia.gallo@holliscloud.example,+1 305 555 0128,United States,Technology,1-10,Referral,Lead,Sales Ops,2026-08-31,2026-09-18,None,No Action Needed,Ready,No,100.0
CRM-002737,Ulster Consulting,Ravi Ellis,ravi.ellis@ulsterconsulting.example,+44 20 7946 0820,United Kingdom,Professional Services,11-50,Website,Lead,Growth Ops,2026-08-31,2026-09-24,None,No Action Needed,Ready,No,100.0
CRM-002738,Ashford Health,Ines Hartley,ines.hartley@ashfordhealth.example,+1 312 555 0144,United States,Healthcare,11-50,Outbound,Lead,Customer Success,2026-08-31,2026-09-03,None,No Action Needed,Ready,No,100.0
CRM-002739,Umber Marketing,Clara Brooks,clara.brooks@umbermarketing.example,+44 20 7946 0815,United Kingdom,Media,201-1000,Referral,Lead,Marketing Ops,2026-08-31,2026-09-03,None,No Action Needed,Ready,No,100.0
CRM-002740,Westbrook Networks,Amara Hartley,amara.hartley@westbrooknetworks.example,+1 646 555 0139,United States,Technology,11-50,Webinar,Lead,Marketing Ops,2026-08-31,2026-09-12,None,No Action Needed,Ready,No,100.0
CRM-002741,Oxbow Motors,Mira Nolan,mira.nolan@oxbowmotors.example,+1 858 555 0120,United States,Manufacturing,51-200,Partner,Lead,Partnerships,2026-09-01,2026-09-18,None,No Action Needed,Ready,No,100.0
CRM-002742,Birchwood Media,Rosa Rowe,rosa.rowe@birchwoodmedia.example,+1 305 555 0116,United States,Media,51-200,Event,Opportunity,Growth Ops,2026-09-01,2026-09-11,None,No Action Needed,Ready,No,100.0
CRM-002743,Birchwood Staffing,Naomi Young,naomi.young@birchwoodstaffing.example,+1 628 555 0139,United States,Professional Services,11-50,Outbound,Lead,Sales Ops,2026-09-01,2026-09-25,None,No Action Needed,Ready,No,100.0
CRM-002744,Quartz Labs,Kai Delgado,kai.delgado@quartzlabs.example,+1 702 555 0184,United States,Technology,1-10,Website,Lead,Customer Success,2026-09-01,2026-09-18,Missing Phone,Enriched,Ready,No,100.0
CRM-002745,Oxbow Supply,Marcus Kerr,marcus.kerr@oxbowsupply.example,+1 613 555 0133,Canada,Logistics,1000+,Referral,Lead,Partnerships,2026-09-01,2026-09-18,None,No Action Needed,Ready,No,100.0
CRM-002746,Windmill Media,Dylan Abbott,dylan.abbott@windmillmedia.example,+1 720 555 0171,United States,Media,1000+,Outbound,Lead,Marketing Ops,2026-09-01,2026-09-17,None,No Action Needed,Ready,No,100.0
CRM-002747,Pioneer Networks,Sofia Chandra,sofia.chandra@pioneernetworks.example,+1 737 555 0186,United States,Technology,1-10,Event,Lead,Customer Success,2026-09-02,2026-09-16,None,No Action Needed,Ready,No,100.0
CRM-002748,Copperfield Systems,Liam Hayes,liam.hayes@copperfieldsystems.example,+1 713 555 0114,United States,Technology,51-200,Website,MQL,Sales Ops,2026-09-02,2026-09-23,None,No Action Needed,Ready,No,100.0
CRM-002749,Gladstone Packaging,Liam Everett,liam.everett@gladstonepackaging.example,+1 949 555 0112,United States,Manufacturing,11-50,Outbound,Opportunity,Marketing Ops,2026-09-02,2026-09-18,None,No Action Needed,Ready,No,100.0
CRM-002750,Granite Travel,Victor Hartley,victor.hartley@granitetravel.example,+1 206 555 0176,United States,Logistics,201-1000,Outbound,Opportunity,Sales Ops,2026-09-02,2026-09-26,None,No Action Needed,Ready,No,100.0
CRM-002751,Copperfield Education,Sofia Quinn,sofia.quinn@copperfieldeducation.example,+1 917 555 0100,United States,Education,201-1000,Webinar,Lead,Marketing Ops,2026-09-02,2026-09-30,None,No Action Needed,Ready,No,100.0
CRM-002752,Canyon Insurance,Lucas Lawson,lucas.lawson@canyoninsurance.example,+1 917 555 0154,United States,Finance,51-200,Referral,MQL,Partnerships,2026-09-02,2026-09-07,None,No Action Needed,Ready,No,100.0
CRM-002753,Copperfield Staffing,Theo Turner,theo.turner@copperfieldstaffing.example,+1 514 555 0127,Canada,Professional Services,11-50,Website,Lead,Customer Success,2026-09-02,2026-09-22,None,No Action Needed,Ready,No,100.0
CRM-002754,Brightpath Travel,Victor Morgan,victor.morgan@brightpathtravel.example,+44 20 7946 0547,United Kingdom,Logistics,11-50,Outbound,Lead,Growth Ops,2026-09-02,2026-09-09,Missing Phone,Enriched,Ready,No,100.0
CRM-002755,Ironbridge Health,Felix Jensen,,+44 20 7946 0608,United Kingdom,Healthcare,51-200,Website,SQL,Customer Success,2026-09-02,2026-09-27,Missing Email,Owner Follow-up,Needs Follow-up,Yes,87.5
CRM-002756,Hollis Works,Mira Quinn,mira.quinn@hollisworks.example,+1 619 555 0144,United States,Manufacturing,51-200,Webinar,SQL,Partnerships,2026-09-02,2026-09-11,Missing Email,Enriched,Ready,No,100.0
CRM-002757,Brookside Robotics,Ethan Keller,ethan.keller@brooksiderobotics.example,+1 971 555 0125,United States,Technology,1000+,Partner,Opportunity,Partnerships,2026-09-02,2026-09-26,None,No Action Needed,Ready,No,100.0
CRM-002758,Brookside Pharma,Daniel Sutton,daniel.sutton@brooksidepharma.example,+1 469 555 0142,United States,Healthcare,1-10,Website,Lead,Sales Ops,2026-09-02,2026-09-21,Invalid Email,Standardized,Ready,No,100.0
CRM-002759,Olive Consulting,Clara Carter,,+1 312 555 0116,United States,Professional Services,1-10,Website,MQL,Sales Ops,2026-09-03,2026-09-07,Missing Email,Owner Follow-up,Needs Follow-up,Yes,87.5
CRM-002760,Jasper Packaging,Naomi Young,naomi.young@jasperpackaging.example,+1 305 555 0107,United States,Manufacturing,11-50,Partner,MQL,Partnerships,2026-09-03,2026-09-27,Phone Format,Standardized,Ready,No,100.0
CRM-002761,Cobalt Security,Lena Chandra,lena.chandra@cobaltsecurity.example,+1 617 555 0150,United States,Technology,11-50,Outbound,Lead,Growth Ops,2026-09-03,2026-09-09,None,No Action Needed,Ready,No,100.0
CRM-002762,Harbor Supply,Lucas Patel,lucas.patel@harborsupply.example,+1 702 555 0149,United States,Logistics,51-200,Event,MQL,Growth Ops,2026-09-03,2026-09-03,None,No Action Needed,Ready,No,100.0
CRM-002763,Larkspur Supply,Felix Novak,felix.novak@larkspursupply.example,+1 602 555 0129,United States,Logistics,11-50,Referral,Lead,Customer Success,2026-09-03,2026-09-15,None,No Action Needed,Ready,No,100.0
CRM-002764,Linden Education,Ella Morgan,ella.morgan@lindeneducation.example,+1 713 555 0152,United States,Education,11-50,Event,MQL,Sales Ops,2026-09-03,2026-09-26,None,No Action Needed,Ready,No,100.0
CRM-002765,Oakridge Industries,Mateo Everett,mateo.everett@oakridgeindustries.example,+1 720 555 0110,United States,Manufacturing,11-50,Event,Lead,Partnerships,2026-09-03,2026-09-03,Missing Email,Enriched,Ready,No,100.0
CRM-002766,Northstar Marketing,Alicia Quinn,alicia.quinn@northstarmarketing.example,+1 404 555 0117,United States,Media,51-200,Partner,MQL,Sales Ops,2026-09-03,2026-09-05,None,No Action Needed,Ready,No,100.0
CRM-002767,Amberly Textiles,Kai Dawson,kai.dawson@amberlytextiles.example,+1 416 555 0170,Canada,Manufacturing,51-200,Website,MQL,Growth Ops,2026-09-03,2026-09-23,Phone Format,Standardized,Ready,No,100.0
CRM-002768,Tidewater Media,Felix Foster,felix.foster@tidewatermedia.example,+1 813 555 0152,United States,Media,1000+,Event,Lead,Sales Ops,2026-09-03,2026-09-18,None,No Action Needed,Ready,No,100.0
CRM-002769,Ironwood Robotics,Julia Keller,julia.keller@ironwoodrobotics.example,+1 901 555 0193,United States,Technology,201-1000,Outbound,MQL,Sales Ops,2026-09-04,2026-09-06,None,No Action Needed,Ready,No,100.0
CRM-002770,Thornfield Software,Tessa Patel,tessa.patel@thornfieldsoftware.example,+1 901 555 0183,United States,Technology,1000+,Referral,Lead,Marketing Ops,2026-09-04,2026-09-22,Phone Format,Standardized,Ready,No,100.0
CRM-002771,Bridgewater Studios,Ava Grant,ava.grant@bridgewaterstudios.example,+1 901 555 0145,United States,Media,51-200,Event,Lead,Sales Ops,2026-09-04,2026-09-08,None,No Action Needed,Ready,No,100.0
CRM-002772,Inlet Media,Victor Everett,victor.everett@inletmedia.example,+1 469 555 0153,United States,Media,51-200,Outbound,MQL,Partnerships,2026-09-04,2026-09-23,None,No Action Needed,Ready,No,100.0
CRM-002773,Ironbridge Analytics,Sofia Carter,sofia.carter@ironbridgeanalytics.example,+1 619 555 0158,United States,Technology,1-10,Outbound,Lead,Marketing Ops,2026-09-04,2026-09-08,Company Casing,Standardized,Ready,No,100.0
CRM-002774,Wexford Networks,Alicia Jensen,alicia.jensen@wexfordnetworks.example,+44 20 7946 0693,United Kingdom,Technology,11-50,Website,MQL,Marketing Ops,2026-09-04,2026-09-27,None,No Action Needed,Ready,No,100.0
CRM-002775,Trailhead Consulting,Ravi Pruitt,ravi.pruitt@trailheadconsulting.example,+1 720 555 0172,United States,Professional Services,11-50,Partner,Customer,Partnerships,2026-09-04,2026-09-04,Phone Format,Standardized,Ready,No,100.0
CRM-002776,Northstar Textiles,Daniel Sutton,daniel.sutton@northstartextiles.example,+1 949 555 0142,United States,Manufacturing,1-10,Website,Lead,Growth Ops,2026-09-04,2026-09-23,Phone Format,Standardized,Ready,No,100.0
CRM-002778,Skyline Motors,Leah Okafor,leah.okafor@skylinemotors.example,+1 925 555 0197,United States,Manufacturing,11-50,Event,Lead,Growth Ops,2026-09-05,2026-09-09,None,No Action Needed,Ready,No,100.0
CRM-002779,Olive Marketing,Julia Barnes,julia.barnes@olivemarketing.example,+1 404 555 0167,United States,Media,51-200,Referral,MQL,Marketing Ops,2026-09-05,2026-09-11,None,No Action Needed,Ready,No,100.0
CRM-002780,Verdant Solutions,Omar Irving,omar.irving@verdantsolutions.example,+1 310 555 0134,United States,Technology,1-10,Website,MQL,Marketing Ops,2026-09-05,2026-09-08,None,No Action Needed,Ready,No,100.0
CRM-002781,Kenwood Foods,Hana Foster,hana.foster@kenwoodfoods.example,+1 628 555 0133,United States,Retail,11-50,Referral,MQL,Customer Success,2026-09-05,2026-09-07,None,No Action Needed,Ready,No,100.0
CRM-002782,Brightpath Works,Ravi Carter,ravi.carter@brightpathworks.example,+44 20 7946 0450,United Kingdom,Manufacturing,11-50,Referral,SQL,Growth Ops,2026-09-05,2026-09-05,Company Casing,Standardized,Ready,No,100.0
CRM-002783,Meridian Staffing,Hana Brooks,hana.brooks@meridianstaffing.example,+1 713 555 0100,United States,Professional Services,1-10,Outbound,Lead,Marketing Ops,2026-09-05,2026-09-30,None,No Action Needed,Ready,No,100.0
CRM-002784,Summit Systems,Owen Mercer,owen.mercer@summitsystems.example,+1 813 555 0141,United States,Technology,11-50,Referral,MQL,Partnerships,2026-09-05,2026-09-20,None,No Action Needed,Ready,No,100.0
CRM-002785,Elmwood Textiles,Sofia Dawson,sofia.dawson@elmwoodtextiles.example,+1 901 555 0173,United States,Manufacturing,11-50,Referral,Lead,Customer Success,2026-09-05,2026-09-17,None,No Action Needed,Ready,No,100.0
CRM-002786,Amberly Supply,Noah Brooks,noah.brooks@amberlysupply.example,+1 305 555 0105,United States,Logistics,1-10,Event,Lead,Marketing Ops,2026-09-05,2026-09-13,None,No Action Needed,Ready,No,100.0
CRM-002787,Eastgate Realty,Zara Grant,zara.grant@eastgaterealty.example,+1 949 555 0184,United States,Professional Services,1000+,Website,Lead,Customer Success,2026-09-06,2026-09-15,Company Casing,Standardized,Ready,No,100.0
CRM-002788,Tamarack Networks,Dylan Keller,dylan.keller@tamaracknetworks.example,+1 305 555 0186,United States,Technology,51-200,Website,Lead,Growth Ops,2026-09-06,2026-09-18,None,No Action Needed,Ready,No,100.0
CRM-002789,Prairie Realty,Rosa Lowe,rosa.lowe@prairierealty.example,+1 971 555 0188,United States,Professional Services,1000+,Event,Lead,Sales Ops,2026-09-06,2026-09-20,None,No Action Needed,Ready,No,100.0
CRM-002790,Silverline Foods,Ella Sutton,ella.sutton@silverlinefoods.example,+1 702 555 0118,United States,Retail,51-200,Event,SQL,Partnerships,2026-09-06,2026-09-11,Phone Format,Standardized,Ready,No,100.0
CRM-002791,Redwood Insurance,Zara Hayes,zara.hayes@redwoodinsurance.example,+1 813 555 0101,United States,Finance,1000+,Website,Lead,Customer Success,2026-09-06,2026-09-18,None,No Action Needed,Ready,No,100.0
CRM-002792,Quarry Security,Ravi Mercer,ravi.mercer@quarrysecurity.example,+1 303 555 0134,United States,Technology,11-50,Website,MQL,Partnerships,2026-09-06,2026-09-16,Invalid Email,Standardized,Ready,No,100.0
CRM-002793,Landmark Education,Julia Grant,julia.grant@landmarkeducation.example,+1 206 555 0187,United States,Education,1000+,Outbound,Customer,Sales Ops,2026-09-06,2026-09-21,None,No Action Needed,Ready,No,100.0
CRM-002794,Brookside Travel,Theo Mercer,theo.mercer@brooksidetravel.example,+1 628 555 0128,United States,Logistics,51-200,Webinar,Lead,Growth Ops,2026-09-06,2026-09-20,None,No Action Needed,Ready,No,100.0
CRM-002795,Lakeshore Supply,Victor Jensen,,+1 646 555 0117,United States,Logistics,51-200,Outbound,Opportunity,Partnerships,2026-09-06,2026-09-20,Missing Email,Owner Follow-up,Needs Follow-up,Yes,87.5
CRM-002796,Aspen Insurance,Marcus Young,marcus.young@aspeninsurance.example,+1 917 555 0121,United States,Finance,51-200,Outbound,Lead,Growth Ops,2026-09-06,2026-09-12,None,No Action Needed,Ready,No,100.0
CRM-002798,Emberly Systems,Mira Turner,mira.turner@emberlysystems.example,+44 20 7946 0579,United Kingdom,Technology,11-50,Website,MQL,Partnerships,2026-09-07,2026-09-22,Phone Format,Standardized,Ready,No,100.0
CRM-002799,Falcon Capital,Felix Okafor,felix.okafor@falconcapital.example,+1 480 555 0153,United States,Finance,51-200,Website,SQL,Sales Ops,2026-09-07,2026-09-16,None,No Action Needed,Ready,No,100.0
CRM-002800,Norwood Capital,Theo Reeves,theo.reeves@norwoodcapital.example,+1 514 555 0187,Canada,Finance,1-10,Website,MQL,Growth Ops,2026-09-07,2026-09-21,Company Casing,Standardized,Ready,No,100.0
CRM-002801,Marlow Capital,Sofia Lowe,sofia.lowe@marlowcapital.example,+1 949 555 0178,United States,Finance,201-1000,Partner,Lead,Partnerships,2026-09-07,2026-09-30,Company Casing,Standardized,Ready,No,100.0
CRM-002802,Peakview Health,Noah Reeves,noah.reeves@peakviewhealth.example,+1 646 555 0102,United States,Healthcare,1-10,Webinar,Lead,Customer Success,2026-09-07,2026-09-13,None,No Action Needed,Ready,No,100.0
CRM-002803,Oxbow Travel,Tessa Patel,tessa.patel@oxbowtravel.example,+1 646 555 0146,United States,Logistics,11-50,Event,Lead,Marketing Ops,2026-09-07,2026-09-17,Company Casing,Standardized,Ready,No,100.0
CRM-002804,Jasper Services,Dylan Hayes,dylan.hayes@jasperservices.example,+1 925 555 0152,United States,Professional Services,51-200,Event,Lead,Sales Ops,2026-09-07,2026-09-29,None,No Action Needed,Ready,No,100.0
CRM-002805,Harbor Education,Theo Fischer,theo.fischer@harboreducation.example,+1 613 555 0190,Canada,Education,1-10,Webinar,Lead,Partnerships,2026-09-07,2026-09-19,Company Casing,Standardized,Ready,No,100.0
CRM-002806,Landmark Pharma,Caleb Shah,caleb.shah@landmarkpharma.example,+1 628 555 0119,United States,Healthcare,11-50,Event,SQL,Growth Ops,2026-09-07,2026-09-17,Missing Phone,Enriched,Ready,No,100.0
CRM-002807,Millbrook Security,Ethan Tanaka,ethan.tanaka@millbrooksecurity.example,+44 20 7946 0847,United Kingdom,Technology,11-50,Event,Lead,Sales Ops,2026-09-08,2026-09-09,None,No Action Needed,Ready,No,100.0
CRM-002808,Raven Systems,Ava Ellis,ava.ellis@ravensystems.example,+44 20 7946 0014,United Kingdom,Technology,51-200,Website,MQL,Customer Success,2026-09-08,2026-09-25,None,No Action Needed,Ready,No,100.0
CRM-002809,Fairview Travel,Felix Walsh,felix.walsh@fairviewtravel.example,+1 403 555 0153,Canada,Logistics,1-10,Referral,Lead,Sales Ops,2026-09-08,2026-09-12,Company Casing,Standardized,Ready,No,100.0
CRM-002810,Evergreen Works,Julia Turner,julia.turner@evergreenworks.example,+1 206 555 0145,United States,Manufacturing,51-200,Website,Lead,Customer Success,2026-09-08,2026-09-28,None,No Action Needed,Ready,No,100.0
CRM-002811,Windmill Analytics,Ravi Tanaka,ravi.tanaka@windmillanalytics.example,+1 312 555 0155,United States,Technology,51-200,Webinar,Lead,Partnerships,2026-09-08,2026-09-17,Phone Format,Standardized,Ready,No,100.0
CRM-002812,Alder Pharma,Mira Lowe,mira.lowe@alderpharma.example,+1 949 555 0117,United States,Healthcare,11-50,Website,Lead,Marketing Ops,2026-09-08,2026-09-27,None,No Action Needed,Ready,No,100.0
CRM-002813,Cobalt Marketing,Julia Vaughn,julia.vaughn@cobaltmarketing.example,+1 713 555 0160,United States,Media,1000+,Event,Lead,Marketing Ops,2026-09-08,2026-09-27,None,No Action Needed,Ready,No,100.0
CRM-002814,Eastgate Industries,Mira Delgado,mira.delgado@eastgateindustries.example,+1 602 555 0190,United States,Manufacturing,1000+,Website,MQL,Marketing Ops,2026-09-08,2026-09-21,Company Casing,Standardized,Ready,No,100.0
CRM-002815,Fernhill Motors,Grace Sutton,grace.sutton@fernhillmotors.example,+1 737 555 0176,United States,Manufacturing,11-50,Outbound,MQL,Customer Success,2026-09-08,2026-09-25,None,No Action Needed,Ready,No,100.0
CRM-002816,Ulster Insurance,Ava Abbott,ava.abbott@ulsterinsurance.example,+1 512 555 0186,United States,Finance,51-200,Website,MQL,Sales Ops,2026-09-08,2026-09-23,None,No Action Needed,Ready,No,100.0
CRM-002817,Copperfield Cloud,Tessa Mercer,tessa.mercer@copperfieldcloud.example,+1 604 555 0131,Canada,Technology,51-200,Website,Lead,Customer Success,2026-09-09,2026-09-11,None,No Action Needed,Ready,No,100.0
CRM-002818,Ulster Logistics,Dylan Walsh,dylan.walsh@ulsterlogistics.example,+1 917 555 0192,United States,Logistics,11-50,Referral,Opportunity,Growth Ops,2026-09-09,2026-09-30,None,No Action Needed,Ready,No,100.0
CRM-002819,Fernhill Software,Noah Barnes,noah.barnes@fernhillsoftware.example,+1 971 555 0174,United States,Technology,201-1000,Webinar,Lead,Partnerships,2026-09-09,2026-09-30,None,No Action Needed,Ready,No,100.0
CRM-002820,Dunmore Security,Lucas Tanaka,lucas.tanaka@dunmoresecurity.example,+1 480 555 0172,United States,Technology,11-50,Partner,MQL,Partnerships,2026-09-09,2026-09-21,None,No Action Needed,Ready,No,100.0
CRM-002821,Fairview Finance,Ethan Lowe,ethan.lowe@fairviewfinance.example,+1 403 555 0149,Canada,Finance,11-50,Event,Customer,Marketing Ops,2026-09-09,2026-09-23,Phone Format,Standardized,Ready,No,100.0
CRM-002822,Peakview Textiles,Liam Walsh,liam.walsh@peakviewtextiles.example,+1 310 555 0174,United States,Manufacturing,1-10,Website,Lead,Sales Ops,2026-09-09,2026-09-28,None,No Action Needed,Ready,No,100.0
CRM-002823,Oakridge Packaging,Amara Keller,amara.keller@oakridgepackaging.example,+1 403 555 0159,Canada,Manufacturing,1-10,Event,SQL,Marketing Ops,2026-09-09,2026-09-14,None,No Action Needed,Ready,No,100.0
CRM-002824,Marlow Analytics,Priya Shah,priya.shah@marlowanalytics.example,+1 925 555 0113,United States,Technology,201-1000,Webinar,MQL,Growth Ops,2026-09-09,2026-09-16,Phone Format,Standardized,Ready,No,100.0
CRM-002825,Greenline Services,Mateo Keller,mateo.keller@greenlineservices.example,+1 310 555 0188,United States,Professional Services,1-10,Outbound,Lead,Growth Ops,2026-09-09,2026-09-23,None,No Action Needed,Ready,No,100.0
CRM-002826,Dovetail Services,Julia Irving,julia.irving@dovetailservices.example,,United States,Professional Services,1-10,Event,Lead,Growth Ops,2026-09-09,2026-09-18,Missing Phone,Owner Follow-up,Needs Follow-up,Yes,87.5
CRM-002827,Ironwood Cloud,Julia Tanaka,julia.tanaka@ironwoodcloud.example,+1 737 555 0164,United States,Technology,51-200,Webinar,Lead,Partnerships,2026-09-09,2026-09-14,None,No Action Needed,Ready,No,100.0
CRM-002828,Raven Marketing,Ines Novak,ines.novak@ravenmarketing.example,+1 512 555 0117,United States,Media,11-50,Partner,Lead,Sales Ops,2026-09-09,2026-09-09,None,No Action Needed,Ready,No,100.0
CRM-002830,Meridian Textiles,Alicia Hartley,alicia.hartley@meridiantextiles.example,+1 425 555 0180,United States,Manufacturing,11-50,Referral,Lead,Growth Ops,2026-09-10,2026-09-19,None,No Action Needed,Ready,No,100.0
CRM-002831,Windmill Consulting,Nina Tanaka,nina.tanaka@windmillconsulting.example,+1 416 555 0188,Canada,Professional Services,11-50,Partner,Lead,Customer Success,2026-09-10,2026-09-14,None,No Action Needed,Ready,No,100.0
CRM-002832,Valley Works,Owen Everett,owen.everett@valleyworks.example,,United States,Manufacturing,1-10,Outbound,MQL,Sales Ops,2026-09-10,2026-09-17,Missing Phone,Owner Follow-up,Needs Follow-up,Yes,87.5
CRM-002833,Zephyr Finance,Omar Lowe,omar.lowe@zephyrfinance.example,+1 858 555 0155,United States,Finance,11-50,Partner,Lead,Customer Success,2026-09-10,2026-09-24,None,No Action Needed,Ready,No,100.0
CRM-002834,Redwood Software,Amara Grant,amara.grant@redwoodsoftware.example,+44 20 7946 0973,United Kingdom,Technology,11-50,Outbound,SQL,Growth Ops,2026-09-10,2026-09-26,None,No Action Needed,Ready,No,100.0
CRM-002835,Lighthouse Realty,Lucas Shah,lucas.shah@lighthouserealty.example,+1 480 555 0151,United States,Professional Services,11-50,Referral,Lead,Partnerships,2026-09-10,2026-09-10,None,No Action Needed,Ready,No,100.0
CRM-002836,Pinecrest Realty,Dylan Gallo,dylan.gallo@pinecrestrealty.example,+1 469 555 0106,United States,Professional Services,51-200,Event,MQL,Marketing Ops,2026-09-10,2026-09-11,None,No Action Needed,Ready,No,100.0
CRM-002837,Summit Partners,Mateo Barnes,mateo.barnes@summitpartners.example,+1 813 555 0169,United States,Professional Services,51-200,Website,MQL,Customer Success,2026-09-10,2026-09-11,None,No Action Needed,Ready,No,100.0
CRM-002838,Emberly Logistics,Ella Everett,ella.everett@emberlylogistics.example,+1 813 555 0123,United States,Logistics,1-10,Event,Lead,Growth Ops,2026-09-10,2026-09-10,None,No Action Needed,Ready,No,100.0
CRM-002839,Umber Textiles,Nina Okafor,nina.okafor@umbertextiles.example,+1 720 555 0100,United States,Manufacturing,11-50,Website,Lead,Marketing Ops,2026-09-10,2026-09-17,Missing Industry,Enriched,Ready,No,100.0
CRM-002840,Windmill Energy,Sofia Vaughn,sofia.vaughn@windmillenergy.example,+1 602 555 0191,United States,Energy,1-10,Website,MQL,Customer Success,2026-09-10,2026-09-18,None,No Action Needed,Ready,No,100.0
CRM-002841,Kenwood Systems,Leah Ellis,leah.ellis@kenwoodsystems.example,+1 604 555 0118,Canada,Technology,11-50,Website,Opportunity,Customer Success,2026-09-10,2026-09-10,Invalid Email,Standardized,Ready,No,100.0
CRM-002842,Prairie Logistics,Daniel Pruitt,daniel.pruitt@prairielogistics.example,+44 20 7946 0909,United Kingdom,Logistics,201-1000,Outbound,MQL,Growth Ops,2026-09-10,2026-09-20,Company Casing,Standardized,Ready,No,100.0
CRM-002843,Goldcrest Pharma,Lucas Hartley,lucas.hartley@goldcrestpharma.example,+44 20 7946 0689,United Kingdom,Healthcare,11-50,Website,MQL,Partnerships,2026-09-10,2026-09-19,Phone Format,Standardized,Ready,No,100.0
CRM-002844,Umber Health,Noah Delgado,,+1 702 555 0139,United States,Healthcare,201-1000,Outbound,Lead,Partnerships,2026-09-11,2026-09-15,Missing Email,Owner Follow-up,Needs Follow-up,Yes,87.5
CRM-002845,Trailhead Motors,Mira Quinn,mira.quinn@trailheadmotors.example,+1 403 555 0148,Canada,Manufacturing,1-10,Outbound,SQL,Growth Ops,2026-09-11,2026-09-16,Missing Phone,Enriched,Ready,No,100.0
CRM-002846,Marlow Works,Kai Pruitt,kai.pruitt@marlowworks.example,+1 901 555 0178,United States,Manufacturing,1000+,Referral,MQL,Marketing Ops,2026-09-11,2026-09-24,Company Casing,Standardized,Ready,No,100.0
CRM-002847,Ironwood Packaging,Grace Ortega,grace.ortega@ironwoodpackaging.example,+1 604 555 0125,Canada,Manufacturing,51-200,Referral,MQL,Sales Ops,2026-09-11,2026-09-20,None,No Action Needed,Ready,No,100.0
CRM-002848,Rosewood Cloud,Maya Quinn,maya.quinn@rosewoodcloud.example,+1 404 555 0163,United States,Technology,11-50,Referral,Lead,Partnerships,2026-09-11,2026-09-25,None,No Action Needed,Ready,No,100.0
CRM-002849,Eastgate Robotics,Sofia Mercer,sofia.mercer@eastgaterobotics.example,+1 480 555 0191,United States,Technology,11-50,Partner,Opportunity,Sales Ops,2026-09-11,2026-09-13,None,No Action Needed,Ready,No,100.0
CRM-002850,Zephyr Pharma,Owen Pruitt,owen.pruitt@zephyrpharma.example,+1 613 555 0169,Canada,Healthcare,11-50,Referral,Opportunity,Customer Success,2026-09-11,2026-09-11,Missing Email,Enriched,Ready,No,100.0
CRM-002851,Unity Analytics,Kai Kerr,kai.kerr@unityanalytics.example,+1 206 555 0148,United States,Technology,11-50,Outbound,Lead,Sales Ops,2026-09-11,2026-09-20,None,No Action Needed,Ready,No,100.0
CRM-002852,Ironbridge Services,Nina Brooks,nina.brooks@ironbridgeservices.example,+1 403 555 0100,Canada,Professional Services,11-50,Webinar,SQL,Sales Ops,2026-09-12,2026-09-26,None,No Action Needed,Ready,No,100.0
CRM-002853,Bayview Industries,Kai Pruitt,kai.pruitt@bayviewindustries.example,+1 646 555 0161,United States,Manufacturing,1-10,Outbound,Lead,Customer Success,2026-09-12,2026-09-23,Company Casing,Standardized,Ready,No,100.0
CRM-002854,Pinecrest Services,Aaron Foster,,+1 858 555 0149,United States,Professional Services,1-10,Referral,Lead,Sales Ops,2026-09-12,2026-09-17,Missing Email,Owner Follow-up,Needs Follow-up,Yes,87.5
CRM-002855,Sable Services,Ella Everett,ella.everett@sableservices.example,+1 206 555 0123,United States,Professional Services,201-1000,Event,Lead,Customer Success,2026-09-12,2026-09-12,None,No Action Needed,Ready,No,100.0
CRM-002856,Bayview Marketing,Ravi Gallo,ravi.gallo@bayviewmarketing.example,+1 503 555 0150,United States,Media,11-50,Outbound,SQL,Partnerships,2026-09-12,2026-09-21,None,No Action Needed,Ready,No,100.0
CRM-002857,Maple Health,Caleb Tanaka,caleb.tanaka@maplehealth.example,+1 403 555 0151,Canada,Healthcare,51-200,Website,Lead,Marketing Ops,2026-09-12,2026-09-21,None,No Action Needed,Ready,No,100.0
CRM-002858,Millbrook Partners,Julia Patel,julia.patel@millbrookpartners.example,+1 480 555 0104,United States,Professional Services,1-10,Referral,SQL,Growth Ops,2026-09-12,2026-09-22,None,No Action Needed,Ready,No,100.0
CRM-002859,Jasper Staffing,Felix Brooks,felix.brooks@jasperstaffing.example,+1 971 555 0110,United States,Professional Services,1-10,Webinar,Lead,Sales Ops,2026-09-12,2026-09-28,None,No Action Needed,Ready,No,100.0
CRM-002860,Fernhill Health,Ravi Carter,ravi.carter@fernhillhealth.example,+1 512 555 0123,United States,Healthcare,11-50,Website,Opportunity,Customer Success,2026-09-12,2026-09-26,None,No Action Needed,Ready,No,100.0
CRM-002861,Amberly Design,Daniel Quinn,daniel.quinn@amberlydesign.example,+1 212 555 0179,United States,Media,11-50,Website,Lead,Sales Ops,2026-09-12,2026-09-20,Missing Industry,Enriched,Ready,No,100.0
CRM-002862,Northgate Cloud,Dylan Walsh,dylan.walsh@northgatecloud.example,+1 512 555 0142,United States,Technology,1-10,Event,Opportunity,Partnerships,2026-09-12,2026-09-17,Invalid Email,Standardized,Ready,No,100.0
CRM-002863,Sable Logistics,Zara Grant,zara.grant@sablelogistics.example,+1 403 555 0170,Canada,Logistics,11-50,Website,MQL,Partnerships,2026-09-12,2026-09-16,None,No Action Needed,Ready,No,100.0
CRM-002864,Evergreen Marketing,Noah Carter,noah.carter@evergreenmarketing.example,+1 303 555 0183,United States,Media,11-50,Outbound,SQL,Growth Ops,2026-09-12,2026-09-19,None,No Action Needed,Ready,No,100.0
CRM-002865,Kenwood Education,Hana Turner,hana.turner@kenwoodeducation.example,+1 628 555 0175,United States,Education,11-50,Partner,Lead,Customer Success,2026-09-12,2026-09-18,None,No Action Needed,Ready,No,100.0
CRM-002866,Orchard Design,Ines Jordan,ines.jordan@orcharddesign.example,+1 917 555 0180,United States,Media,11-50,Webinar,MQL,Sales Ops,2026-09-12,2026-09-18,None,No Action Needed,Ready,No,100.0
CRM-002867,Quartz Marketing,Hugo Walsh,hugo.walsh@quartzmarketing.example,+1 604 555 0164,Canada,Media,51-200,Event,Lead,Marketing Ops,2026-09-12,2026-09-15,None,No Action Needed,Ready,No,100.0
CRM-002868,Linden Supply,Noah Lowe,noah.lowe@lindensupply.example,+1 720 555 0135,United States,Logistics,11-50,Outbound,MQL,Marketing Ops,2026-09-12,2026-09-23,None,No Action Needed,Ready,No,100.0
CRM-002869,BluePeak Pharma,Daniel Chandra,daniel.chandra@bluepeakpharma.example,+1 702 555 0133,United States,Healthcare,51-200,Referral,SQL,Customer Success,2026-09-12,2026-09-20,None,No Action Needed,Ready,No,100.0
CRM-002870,Highland Software,Maya Fischer,maya.fischer@highlandsoftware.example,+1 646 555 0187,United States,Technology,11-50,Referral,Lead,Sales Ops,2026-09-12,2026-09-19,None,No Action Needed,Ready,No,100.0
CRM-002871,Bridgewater Realty,Omar Pruitt,omar.pruitt@bridgewaterrealty.example,+1 628 555 0145,United States,Professional Services,1-10,Event,MQL,Customer Success,2026-09-12,2026-09-20,None,No Action Needed,Ready,No,100.0
CRM-002872,Ulster Cloud,Theo Everett,theo.everett@ulstercloud.example,+44 20 7946 0554,United Kingdom,Technology,11-50,Outbound,Lead,Partnerships,2026-09-12,2026-09-13,None,No Action Needed,Ready,No,100.0
CRM-002873,Norwood Energy,Aaron Tanaka,aaron.tanaka@norwoodenergy.example,+1 503 555 0100,United States,Energy,11-50,Outbound,Lead,Sales Ops,2026-09-12,2026-09-30,None,No Action Needed,Ready,No,100.0
CRM-002874,Pinecrest Insurance,Tessa Dawson,tessa.dawson@pinecrestinsurance.example,+1 617 555 0190,United States,Finance,11-50,Website,Lead,Sales Ops,2026-09-12,2026-09-30,None,No Action Needed,Ready,No,100.0
CRM-002875,Zenith Design,Nina Young,nina.young@zenithdesign.example,+1 310 555 0182,United States,Media,1-10,Outbound,Lead,Sales Ops,2026-09-12,2026-09-19,Missing Industry,Enriched,Ready,No,100.0
CRM-002876,Ridgeline Networks,Hugo Grant,hugo.grant@ridgelinenetworks.example,+1 925 555 0123,United States,Technology,1-10,Partner,Lead,Partnerships,2026-09-13,2026-09-20,None,No Action Needed,Ready,No,100.0
CRM-002877,Millbrook Education,Ethan Ivers,ethan.ivers@millbrookeducation.example,+1 303 555 0121,United States,Education,51-200,Website,SQL,Sales Ops,2026-09-13,2026-09-16,Phone Format,Standardized,Ready,No,100.0
CRM-002878,Willow Media,Maya Okafor,maya.okafor@willowmedia.example,+1 720 555 0190,United States,Media,1-10,Referral,Lead,Growth Ops,2026-09-13,2026-09-16,None,No Action Needed,Ready,No,100.0
CRM-002879,Falcon Pharma,Aaron Fischer,aaron.fischer@falconpharma.example,+1 305 555 0110,United States,Healthcare,11-50,Partner,SQL,Marketing Ops,2026-09-13,2026-09-25,None,No Action Needed,Ready,No,100.0
CRM-002880,Crestview Consulting,Grace Turner,grace.turner@crestviewconsulting.example,+1 212 555 0154,United States,Professional Services,11-50,Website,SQL,Partnerships,2026-09-13,2026-09-25,None,No Action Needed,Ready,No,100.0
CRM-002881,Birchwood Motors,Rosa Tanaka,rosa.tanaka@birchwoodmotors.example,+1 617 555 0135,United States,Manufacturing,1-10,Event,Lead,Partnerships,2026-09-13,2026-09-29,Missing Phone,Enriched,Ready,No,100.0
CRM-002882,Tidewater Works,Lucas Quinn,lucas.quinn@tidewaterworks.example,,United States,Manufacturing,11-50,Website,MQL,Sales Ops,2026-09-13,2026-09-13,Missing Phone,Owner Follow-up,Needs Follow-up,Yes,87.5
CRM-002883,Jasper Logistics,Theo Tanaka,theo.tanaka@jasperlogistics.example,,United States,Logistics,11-50,Website,Lead,Growth Ops,2026-09-13,2026-09-27,Missing Phone,Owner Follow-up,Needs Follow-up,Yes,87.5
CRM-002884,Unity Foods,Rosa Vaughn,rosa.vaughn@unityfoods.example,+1 310 555 0186,United States,Retail,11-50,Webinar,MQL,Customer Success,2026-09-13,2026-09-16,None,No Action Needed,Ready,No,100.0
CRM-002885,Gladstone Services,Naomi Gallo,naomi.gallo@gladstoneservices.example,+1 212 555 0107,United States,Professional Services,1-10,Website,MQL,Marketing Ops,2026-09-13,2026-09-14,Invalid Email,Standardized,Ready,No,100.0
CRM-002886,Yarrow Services,Isaac Grant,isaac.grant@yarrowservices.example,+1 628 555 0198,United States,Professional Services,201-1000,Webinar,MQL,Sales Ops,2026-09-13,2026-09-22,Company Casing,Standardized,Ready,No,100.0
CRM-002887,Ulster Foods,Clara Lawson,clara.lawson@ulsterfoods.example,+1 415 555 0189,United States,Retail,1-10,Website,SQL,Growth Ops,2026-09-14,2026-09-15,Phone Format,Standardized,Ready,No,100.0
CRM-002888,Ridgeline Software,Lucas Reeves,lucas.reeves@ridgelinesoftware.example,+44 20 7946 0248,United Kingdom,Technology,11-50,Website,MQL,Customer Success,2026-09-14,2026-09-23,None,No Action Needed,Ready,No,100.0
CRM-002889,Zephyr Networks,Isaac Ivers,isaac.ivers@zephyrnetworks.example,+1 901 555 0199,United States,Technology,11-50,Website,Lead,Customer Success,2026-09-14,2026-09-15,None,No Action Needed,Ready,No,100.0
CRM-002890,Stonebridge Systems,Liam Carter,liam.carter@stonebridgesystems.example,+1 713 555 0177,United States,Technology,1-10,Event,Lead,Growth Ops,2026-09-14,2026-09-20,None,No Action Needed,Ready,No,100.0
CRM-002891,Beacon Marketing,Ava Rowe,,+1 702 555 0131,United States,Media,1-10,Website,MQL,Growth Ops,2026-09-14,2026-09-17,Missing Email,Owner Follow-up,Needs Follow-up,Yes,87.5
CRM-002892,Yarrow Solutions,Hugo Jensen,hugo.jensen@yarrowsolutions.example,+1 312 555 0148,United States,Technology,1-10,Referral,Lead,Marketing Ops,2026-09-14,2026-09-18,None,No Action Needed,Ready,No,100.0
CRM-002893,Linden Security,Lucas Shah,lucas.shah@lindensecurity.example,+44 20 7946 0278,United Kingdom,Technology,1-10,Referral,Lead,Sales Ops,2026-09-14,2026-09-16,None,No Action Needed,Ready,No,100.0
CRM-002894,Tamarack Capital,Isaac Turner,isaac.turner@tamarackcapital.example,+1 404 555 0158,United States,Finance,201-1000,Referral,Lead,Customer Success,2026-09-14,2026-09-30,Missing Phone,Enriched,Ready,No,100.0
CRM-002895,Dovetail Group,Ravi Abbott,ravi.abbott@dovetailgroup.example,,United States,Professional Services,1-10,Webinar,Lead,Growth Ops,2026-09-14,2026-09-26,Missing Phone,Owner Follow-up,Needs Follow-up,Yes,87.5
CRM-002896,Riverside Supply,Clara Morgan,clara.morgan@riversidesupply.example,+1 646 555 0135,United States,Logistics,51-200,Website,Lead,Sales Ops,2026-09-14,2026-09-22,None,No Action Needed,Ready,No,100.0
CRM-002897,Dunmore Education,Ines Young,ines.young@dunmoreeducation.example,+1 303 555 0145,United States,Education,11-50,Partner,Lead,Sales Ops,2026-09-14,2026-09-30,None,No Action Needed,Ready,No,100.0
CRM-002898,Bridgewater Logistics,Clara Jordan,clara.jordan@bridgewaterlogistics.example,+1 617 555 0170,United States,Logistics,11-50,Referral,SQL,Customer Success,2026-09-14,2026-09-17,None,No Action Needed,Ready,No,100.0
CRM-002899,Hawthorn Pharma,Clara Patel,clara.patel@hawthornpharma.example,+1 416 555 0131,Canada,Healthcare,11-50,Referral,SQL,Marketing Ops,2026-09-14,2026-09-17,None,No Action Needed,Ready,No,100.0
CRM-002900,Inlet Works,Ines Lowe,,+44 20 7946 0931,United Kingdom,Manufacturing,201-1000,Referral,Lead,Customer Success,2026-09-15,2026-09-28,Missing Email,Owner Follow-up,Needs Follow-up,Yes,87.5
CRM-002901,Bridgewater Security,Marcus Tanaka,marcus.tanaka@bridgewatersecurity.example,+1 858 555 0131,United States,Technology,201-1000,Event,MQL,Partnerships,2026-09-15,2026-09-20,None,No Action Needed,Ready,No,100.0
CRM-002902,Driftwood Pharma,Caleb Kerr,,+1 901 555 0187,United States,Healthcare,11-50,Referral,Opportunity,Customer Success,2026-09-15,2026-09-29,Missing Email,Owner Follow-up,Needs Follow-up,Yes,87.5
CRM-002903,Greenline Consulting,Maya Sutton,,+1 858 555 0116,United States,Professional Services,11-50,Website,MQL,Growth Ops,2026-09-15,2026-09-25,Invalid Email,Owner Follow-up,Needs Follow-up,Yes,87.5
CRM-002904,Kenwood Motors,Ravi Lowe,ravi.lowe@kenwoodmotors.example,+1 310 555 0141,United States,Manufacturing,201-1000,Website,Lead,Sales Ops,2026-09-15,2026-09-19,None,No Action Needed,Ready,No,100.0
CRM-002905,Raven Education,Daniel Mercer,daniel.mercer@raveneducation.example,+1 469 555 0149,United States,Education,11-50,Partner,MQL,Partnerships,2026-09-15,2026-09-27,None,No Action Needed,Ready,No,100.0
CRM-002906,Meridian Robotics,Lucas Okafor,lucas.okafor@meridianrobotics.example,+1 425 555 0159,United States,Technology,11-50,Website,Lead,Partnerships,2026-09-15,2026-09-15,None,No Action Needed,Ready,No,100.0
CRM-002907,Sable Motors,Hugo Morgan,hugo.morgan@sablemotors.example,+1 516 555 0173,United States,Manufacturing,51-200,Event,MQL,Marketing Ops,2026-09-15,2026-09-25,None,No Action Needed,Ready,No,100.0
CRM-002908,BluePeak Supply,Ella Everett,ella.everett@bluepeaksupply.example,,Canada,Logistics,11-50,Webinar,Lead,Customer Success,2026-09-15,2026-09-19,Missing Phone,Owner Follow-up,Needs Follow-up,Yes,87.5
CRM-002909,Ironbridge Staffing,Aaron Patel,aaron.patel@ironbridgestaffing.example,+1 901 555 0121,United States,Professional Services,1-10,Event,Customer,Partnerships,2026-09-15,2026-09-18,None,No Action Needed,Ready,No,100.0
CRM-002910,Brightpath Systems,Dylan Barnes,dylan.barnes@brightpathsystems.example,+1 212 555 0113,United States,Technology,201-1000,Event,Lead,Marketing Ops,2026-09-15,2026-09-29,None,No Action Needed,Ready,No,100.0
CRM-002911,Thornfield Systems,Marcus Lowe,marcus.lowe@thornfieldsystems.example,+44 20 7946 0531,United Kingdom,Technology,51-200,Website,Lead,Sales Ops,2026-09-15,2026-09-28,Phone Format,Standardized,Ready,No,100.0
CRM-002912,Goldcrest Software,Maya Gallo,maya.gallo@goldcrestsoftware.example,+1 971 555 0118,United States,Technology,11-50,Website,Lead,Marketing Ops,2026-09-15,2026-09-20,None,No Action Needed,Ready,No,100.0
CRM-002913,Eastgate Services,Rosa Ellis,rosa.ellis@eastgateservices.example,+1 604 555 0162,Canada,Professional Services,1-10,Outbound,MQL,Customer Success,2026-09-15,2026-09-17,None,No Action Needed,Ready,No,100.0
CRM-002914,Sable Capital,Marcus Hayes,marcus.hayes@sablecapital.example,+1 303 555 0101,United States,Finance,1-10,Referral,Lead,Growth Ops,2026-09-15,2026-09-23,None,No Action Needed,Ready,No,100.0
CRM-002915,Upland Staffing,Victor Keller,victor.keller@uplandstaffing.example,+1 737 555 0104,United States,Professional Services,1-10,Website,MQL,Sales Ops,2026-09-15,2026-09-16,Company Casing,Standardized,Ready,No,100.0
CRM-002916,Raven Solutions,Sofia Ivers,sofia.ivers@ravensolutions.example,+1 619 555 0150,United States,Technology,11-50,Webinar,Lead,Customer Success,2026-09-15,2026-09-15,None,No Action Needed,Ready,No,100.0
CRM-002918,Zenith Marketing,Ella Jensen,ella.jensen@zenithmarketing.example,+1 917 555 0161,United States,Media,11-50,Referral,Opportunity,Customer Success,2026-09-16,2026-09-25,None,No Action Needed,Ready,No,100.0
CRM-002919,Trailhead Travel,Amara Pruitt,amara.pruitt@trailheadtravel.example,+1 403 555 0192,Canada,Logistics,1-10,Webinar,Lead,Customer Success,2026-09-16,2026-09-19,None,No Action Needed,Ready,No,100.0
CRM-002920,Northstar Finance,Noah Shah,noah.shah@northstarfinance.example,+44 20 7946 0707,United Kingdom,Finance,1-10,Outbound,Lead,Customer Success,2026-09-16,2026-09-25,Invalid Email,Standardized,Ready,No,100.0
CRM-002921,Quill Software,Alicia Carter,alicia.carter@quillsoftware.example,+1 303 555 0127,United States,Technology,51-200,Website,MQL,Marketing Ops,2026-09-16,2026-09-21,None,No Action Needed,Ready,No,100.0
CRM-002922,Bridgewater Partners,Ava Vaughn,ava.vaughn@bridgewaterpartners.example,+1 305 555 0196,United States,Professional Services,11-50,Referral,MQL,Customer Success,2026-09-16,2026-09-30,None,No Action Needed,Ready,No,100.0
CRM-002923,Glenmore Industries,Maya Dawson,,+44 20 7946 0527,United Kingdom,Manufacturing,1-10,Outbound,MQL,Partnerships,2026-09-16,2026-09-23,Missing Email,Owner Follow-up,Needs Follow-up,Yes,87.5
CRM-002924,Orchard Health,Zara Keller,zara.keller@orchardhealth.example,+1 813 555 0114,United States,Healthcare,51-200,Referral,Lead,Growth Ops,2026-09-16,2026-09-29,Phone Format,Standardized,Ready,No,100.0
CRM-002925,Vista Textiles,Ava Okafor,,+1 403 555 0116,Canada,Manufacturing,1-10,Website,Lead,Customer Success,2026-09-16,2026-09-26,Invalid Email,Owner Follow-up,Needs Follow-up,Yes,87.5
CRM-002926,BluePeak Education,Clara Fischer,clara.fischer@bluepeakeducation.example,+44 20 7946 0153,United Kingdom,Education,11-50,Outbound,Lead,Growth Ops,2026-09-16,2026-09-30,None,No Action Needed,Ready,No,100.0
CRM-002927,Foxglove Energy,Victor Pruitt,victor.pruitt@foxgloveenergy.example,+44 20 7946 0952,United Kingdom,Energy,11-50,Website,MQL,Customer Success,2026-09-16,2026-09-17,Invalid Email,Standardized,Ready,No,100.0
CRM-002928,Clearwater Marketing,Theo Jensen,theo.jensen@clearwatermarketing.example,+1 212 555 0157,United States,Media,1-10,Event,SQL,Customer Success,2026-09-16,2026-09-29,None,No Action Needed,Ready,No,100.0
CRM-002929,Raven Robotics,Lucas Shah,lucas.shah@ravenrobotics.example,+1 469 555 0152,United States,Technology,1-10,Website,Lead,Sales Ops,2026-09-16,2026-09-28,None,No Action Needed,Ready,No,100.0
CRM-002930,Rosewood Studios,Dylan Vaughn,dylan.vaughn@rosewoodstudios.example,+1 516 555 0181,United States,Media,11-50,Outbound,Lead,Customer Success,2026-09-16,2026-09-20,None,No Action Needed,Ready,No,100.0
CRM-002931,Kenwood Logistics,Nina Quinn,nina.quinn@kenwoodlogistics.example,+1 469 555 0198,United States,Logistics,1-10,Partner,Lead,Sales Ops,2026-09-16,2026-09-19,Missing Phone,Enriched,Ready,No,100.0
CRM-002932,Birchwood Design,Jonah Shah,jonah.shah@birchwooddesign.example,+1 480 555 0106,United States,Media,201-1000,Webinar,MQL,Partnerships,2026-09-16,2026-09-23,None,No Action Needed,Ready,No,100.0
CRM-002933,Thornfield Works,Nina Brooks,nina.brooks@thornfieldworks.example,+1 403 555 0117,Canada,Manufacturing,1-10,Website,Opportunity,Growth Ops,2026-09-16,2026-09-21,None,No Action Needed,Ready,No,100.0
CRM-002934,Pembroke Health,Grace Lowe,grace.lowe@pembrokehealth.example,+1 925 555 0156,United States,Healthcare,11-50,Website,SQL,Growth Ops,2026-09-17,2026-09-24,Company Casing,Standardized,Ready,No,100.0
CRM-002935,Pinecrest Marketing,Alicia Jordan,alicia.jordan@pinecrestmarketing.example,+1 312 555 0105,United States,Media,11-50,Webinar,Lead,Sales Ops,2026-09-17,2026-09-25,Phone Format,Standardized,Ready,No,100.0
CRM-002936,Stonebridge Retail,Maya Ortega,maya.ortega@stonebridgeretail.example,+1 403 555 0154,Canada,Retail,11-50,Referral,MQL,Marketing Ops,2026-09-17,2026-09-21,None,No Action Needed,Ready,No,100.0
CRM-002937,Oakridge Software,Hana Vaughn,hana.vaughn@oakridgesoftware.example,+1 514 555 0114,Canada,Technology,1000+,Event,Lead,Growth Ops,2026-09-17,2026-09-24,None,No Action Needed,Ready,No,100.0
CRM-002938,Stonebridge Motors,Rosa Chandra,,+1 613 555 0143,Canada,Manufacturing,11-50,Event,SQL,Growth Ops,2026-09-17,2026-09-17,Missing Email,Owner Follow-up,Needs Follow-up,Yes,87.5
CRM-002939,Fernhill Industries,Ravi Ellis,ravi.ellis@fernhillindustries.example,+1 604 555 0163,Canada,,1000+,Website,Lead,Partnerships,2026-09-17,2026-09-27,Missing Industry,Owner Follow-up,Needs Follow-up,Yes,87.5
CRM-002940,Yarrow Travel,Lena Lowe,lena.lowe@yarrowtravel.example,+1 713 555 0109,United States,Logistics,51-200,Event,Lead,Marketing Ops,2026-09-17,2026-09-23,None,No Action Needed,Ready,No,100.0
CRM-002941,Kestrel Media,Victor Hartley,victor.hartley@kestrelmedia.example,+1 971 555 0191,United States,,1-10,Referral,Lead,Sales Ops,2026-09-17,2026-09-25,Missing Industry,Owner Follow-up,Needs Follow-up,Yes,87.5
CRM-002942,Hawthorn Design,Maya Patel,,+1 480 555 0125,United States,Media,51-200,Website,SQL,Marketing Ops,2026-09-17,2026-09-25,Missing Email,Owner Follow-up,Needs Follow-up,Yes,87.5
CRM-002943,Ashford Textiles,Hugo Jordan,hugo.jordan@ashfordtextiles.example,+1 617 555 0104,United States,Manufacturing,11-50,Referral,Customer,Sales Ops,2026-09-17,2026-09-18,None,No Action Needed,Ready,No,100.0
CRM-002944,Vantage Robotics,Owen Abbott,,+1 305 555 0175,United States,Technology,51-200,Outbound,Lead,Customer Success,2026-09-17,2026-09-30,Missing Email,Owner Follow-up,Needs Follow-up,Yes,87.5
CRM-002945,Newport Education,Alicia Tanaka,,+1 514 555 0173,Canada,Education,1000+,Webinar,MQL,Partnerships,2026-09-17,2026-09-28,Missing Email,Owner Follow-up,Needs Follow-up,Yes,87.5
CRM-002946,Copperfield Software,Tessa Lowe,tessa.lowe@copperfieldsoftware.example,+1 617 555 0136,United States,Technology,51-200,Website,Customer,Partnerships,2026-09-18,2026-09-21,None,No Action Needed,Ready,No,100.0
CRM-002947,Orchard Analytics,Maya Okafor,maya.okafor@orchardanalytics.example,+1 310 555 0168,United States,Technology,51-200,Website,Lead,Growth Ops,2026-09-18,2026-09-20,None,No Action Needed,Ready,No,100.0
CRM-002948,Hollis Supply,Ines Carter,ines.carter@hollissupply.example,+44 20 7946 0688,United Kingdom,Logistics,11-50,Event,SQL,Growth Ops,2026-09-18,2026-09-18,None,No Action Needed,Ready,No,100.0
CRM-002949,Larkspur Partners,Ethan Young,ethan.young@larkspurpartners.example,+1 949 555 0170,United States,Professional Services,201-1000,Webinar,MQL,Marketing Ops,2026-09-18,2026-09-22,Company Casing,Standardized,Ready,No,100.0
CRM-002950,Meridian Retail,Caleb Sutton,caleb.sutton@meridianretail.example,+1 303 555 0165,United States,Retail,201-1000,Outbound,Lead,Partnerships,2026-09-18,2026-09-29,None,No Action Needed,Ready,No,100.0
CRM-002951,Valley Education,Mateo Pruitt,mateo.pruitt@valleyeducation.example,+1 813 555 0126,United States,Education,1000+,Event,MQL,Marketing Ops,2026-09-18,2026-09-21,Company Casing,Standardized,Ready,No,100.0
CRM-002952,Quill Pharma,Leah Tanaka,leah.tanaka@quillpharma.example,+1 469 555 0102,United States,Healthcare,1-10,Referral,Lead,Marketing Ops,2026-09-18,2026-09-29,None,No Action Needed,Ready,No,100.0
CRM-002953,Sterling Networks,Omar Vaughn,omar.vaughn@sterlingnetworks.example,+1 206 555 0116,United States,Technology,11-50,Event,MQL,Customer Success,2026-09-18,2026-09-21,Missing Email,Enriched,Ready,No,100.0
CRM-002954,Sable Marketing,Marcus Brooks,marcus.brooks@sablemarketing.example,+1 503 555 0199,United States,Media,1-10,Outbound,Customer,Growth Ops,2026-09-18,2026-09-24,Phone Format,Standardized,Ready,No,100.0
CRM-002955,Pioneer Industries,Hana Jensen,hana.jensen@pioneerindustries.example,+1 858 555 0147,United States,Manufacturing,11-50,Website,Opportunity,Customer Success,2026-09-18,2026-09-24,None,No Action Needed,Ready,No,100.0
CRM-002956,Fairview Packaging,Caleb Okafor,caleb.okafor@fairviewpackaging.example,+1 512 555 0178,United States,Manufacturing,1-10,Website,Customer,Customer Success,2026-09-19,2026-09-20,None,No Action Needed,Ready,No,100.0
CRM-002957,Fernhill Realty,Kai Ortega,,+1 617 555 0166,United States,Professional Services,1-10,Website,MQL,Growth Ops,2026-09-19,2026-09-23,Missing Email,Owner Follow-up,Needs Follow-up,Yes,87.5
CRM-002958,Quarry Education,Mateo Vaughn,mateo.vaughn@quarryeducation.example,+1 206 555 0197,United States,Education,11-50,Referral,SQL,Growth Ops,2026-09-19,2026-09-20,None,No Action Needed,Ready,No,100.0
CRM-002959,Highland Studios,Hugo Carter,hugo.carter@highlandstudios.example,+1 619 555 0175,United States,Media,11-50,Webinar,Lead,Marketing Ops,2026-09-19,2026-09-23,None,No Action Needed,Ready,No,100.0
CRM-002960,Silverline Pharma,Felix Irving,felix.irving@silverlinepharma.example,+1 416 555 0180,Canada,Healthcare,11-50,Website,MQL,Partnerships,2026-09-19,2026-09-20,None,No Action Needed,Ready,No,100.0
CRM-002961,Thornfield Pharma,Dylan Chandra,dylan.chandra@thornfieldpharma.example,+1 415 555 0197,United States,Healthcare,11-50,Website,SQL,Customer Success,2026-09-19,2026-09-24,Company Casing,Standardized,Ready,No,100.0
CRM-002962,Larkspur Labs,Ines Jensen,ines.jensen@larkspurlabs.example,+1 212 555 0124,United States,Technology,1-10,Webinar,Lead,Marketing Ops,2026-09-19,2026-09-24,Company Casing,Standardized,Ready,No,100.0
CRM-002963,Redwood Energy,Maya Everett,maya.everett@redwoodenergy.example,+1 310 555 0123,United States,Energy,201-1000,Outbound,Lead,Customer Success,2026-09-19,2026-09-28,None,No Action Needed,Ready,No,100.0
CRM-002964,Wexford Industries,Daniel Lawson,daniel.lawson@wexfordindustries.example,+1 619 555 0192,United States,Manufacturing,201-1000,Outbound,SQL,Customer Success,2026-09-19,2026-09-23,None,No Action Needed,Ready,No,100.0
CRM-002965,Ashford Pharma,Julia Kerr,julia.kerr@ashfordpharma.example,+1 404 555 0187,United States,Healthcare,11-50,Referral,Customer,Marketing Ops,2026-09-19,2026-09-30,None,No Action Needed,Ready,No,100.0
CRM-002966,Thornfield Textiles,Marcus Young,marcus.young@thornfieldtextiles.example,+1 305 555 0137,United States,Manufacturing,201-1000,Website,MQL,Growth Ops,2026-09-20,2026-09-30,None,No Action Needed,Ready,No,100.0
CRM-002967,Lighthouse Textiles,Naomi Chandra,naomi.chandra@lighthousetextiles.example,+1 212 555 0114,United States,Manufacturing,201-1000,Website,Lead,Sales Ops,2026-09-20,2026-09-25,None,No Action Needed,Ready,No,100.0
CRM-002968,Hollis Services,Priya Everett,priya.everett@hollisservices.example,+1 713 555 0118,United States,Professional Services,11-50,Webinar,SQL,Sales Ops,2026-09-20,2026-09-23,None,No Action Needed,Ready,No,100.0
CRM-002969,Umber Realty,Rosa Everett,rosa.everett@umberrealty.example,+1 305 555 0144,United States,Professional Services,201-1000,Event,MQL,Partnerships,2026-09-20,2026-09-24,Phone Format,Standardized,Ready,No,100.0
CRM-002972,Inlet Group,Naomi Keller,naomi.keller@inletgroup.example,,United States,Professional Services,51-200,Outbound,Opportunity,Customer Success,2026-09-21,2026-09-30,Missing Phone,Owner Follow-up,Needs Follow-up,Yes,87.5
CRM-002973,Elmwood Systems,Caleb Keller,caleb.keller@elmwoodsystems.example,+1 305 555 0111,United States,Technology,1000+,Website,MQL,Growth Ops,2026-09-21,2026-09-21,None,No Action Needed,Ready,No,100.0
CRM-002974,Kestrel Networks,Ines Chandra,ines.chandra@kestrelnetworks.example,+1 512 555 0131,United States,Technology,1-10,Outbound,Lead,Marketing Ops,2026-09-21,2026-09-24,None,No Action Needed,Ready,No,100.0
CRM-002975,Highland Media,Amara Reeves,amara.reeves@highlandmedia.example,+1 737 555 0189,United States,Media,1-10,Webinar,Lead,Partnerships,2026-09-21,2026-09-29,None,No Action Needed,Ready,No,100.0
CRM-002976,Newport Textiles,Owen Morgan,owen.morgan@newporttextiles.example,,United States,Manufacturing,1-10,Website,Opportunity,Growth Ops,2026-09-21,2026-09-21,Missing Phone,Owner Follow-up,Needs Follow-up,Yes,87.5
CRM-002977,Zephyr Consulting,Jonah Abbott,jonah.abbott@zephyrconsulting.example,+1 949 555 0153,United States,Professional Services,1000+,Webinar,MQL,Sales Ops,2026-09-21,2026-09-21,None,No Action Needed,Ready,No,100.0
CRM-002978,Oxbow Media,Mira Jordan,mira.jordan@oxbowmedia.example,+1 516 555 0138,United States,Media,11-50,Referral,Opportunity,Partnerships,2026-09-21,2026-09-26,None,No Action Needed,Ready,No,100.0
CRM-002979,Gladstone Energy,Tessa Kerr,tessa.kerr@gladstoneenergy.example,+44 20 7946 0797,United Kingdom,Energy,201-1000,Referral,Lead,Growth Ops,2026-09-21,2026-09-23,None,No Action Needed,Ready,No,100.0
CRM-002980,Unity Partners,Rosa Irving,rosa.irving@unitypartners.example,+1 469 555 0123,United States,Professional Services,11-50,Outbound,MQL,Growth Ops,2026-09-21,2026-09-23,None,No Action Needed,Ready,No,100.0
CRM-002981,Verdant Studios,Daniel Carter,daniel.carter@verdantstudios.example,+1 212 555 0156,United States,Media,51-200,Website,Lead,Partnerships,2026-09-21,2026-09-24,None,No Action Needed,Ready,No,100.0
CRM-002982,Brookside Staffing,Sofia Ivers,sofia.ivers@brooksidestaffing.example,+1 646 555 0114,United States,Professional Services,201-1000,Event,MQL,Marketing Ops,2026-09-22,2026-09-28,None,No Action Needed,Ready,No,100.0
CRM-002983,Foxglove Finance,Marcus Patel,marcus.patel@foxglovefinance.example,+1 312 555 0184,United States,Finance,1-10,Referral,Lead,Customer Success,2026-09-22,2026-09-25,None,No Action Needed,Ready,No,100.0
CRM-002984,Kenwood Studios,Ava Gallo,ava.gallo@kenwoodstudios.example,+1 206 555 0196,United States,Media,1-10,Website,Lead,Marketing Ops,2026-09-22,2026-09-29,None,No Action Needed,Ready,No,100.0
CRM-002985,Redwood Education,Ethan Lawson,ethan.lawson@redwoodeducation.example,+1 702 555 0185,United States,Education,201-1000,Event,MQL,Partnerships,2026-09-22,2026-09-25,None,No Action Needed,Ready,No,100.0
CRM-002986,Northstar Group,Tessa Vaughn,,+1 416 555 0129,Canada,Professional Services,11-50,Referral,MQL,Customer Success,2026-09-22,2026-09-28,Missing Email,Owner Follow-up,Needs Follow-up,Yes,87.5
CRM-002987,Valley Partners,Hugo Lowe,hugo.lowe@valleypartners.example,+1 813 555 0100,United States,Professional Services,51-200,Partner,Lead,Growth Ops,2026-09-22,2026-09-23,Phone Format,Standardized,Ready,No,100.0
CRM-002988,Landmark Marketing,Liam Pruitt,liam.pruitt@landmarkmarketing.example,+1 617 555 0181,United States,Media,51-200,Outbound,MQL,Customer Success,2026-09-22,2026-09-30,None,No Action Needed,Ready,No,100.0
CRM-002989,Alder Robotics,Priya Ivers,priya.ivers@alderrobotics.example,+1 858 555 0167,United States,Technology,1000+,Website,Lead,Partnerships,2026-09-22,2026-09-24,Company Casing,Standardized,Ready,No,100.0
CRM-002990,Cobalt Pharma,Mira Ortega,mira.ortega@cobaltpharma.example,+1 602 555 0193,United States,Healthcare,51-200,Website,Lead,Partnerships,2026-09-22,2026-09-30,None,No Action Needed,Ready,No,100.0
CRM-002991,Quartz Pharma,Tessa Fischer,tessa.fischer@quartzpharma.example,+1 303 555 0125,United States,Healthcare,51-200,Website,Lead,Sales Ops,2026-09-22,2026-09-29,None,No Action Needed,Ready,No,100.0
CRM-002992,Copperfield Retail,Clara Carter,clara.carter@copperfieldretail.example,+1 480 555 0179,United States,Retail,1-10,Partner,MQL,Marketing Ops,2026-09-22,2026-09-26,None,No Action Needed,Ready,No,100.0
CRM-002993,Falcon Cloud,Mira Ortega,mira.ortega@falconcloud.example,,United States,Technology,11-50,Webinar,Opportunity,Growth Ops,2026-09-22,2026-09-30,Missing Phone,Owner Follow-up,Needs Follow-up,Yes,87.5
CRM-002994,Olive Supply,Leah Jensen,,+1 310 555 0137,United States,Logistics,1-10,Website,MQL,Customer Success,2026-09-22,2026-09-29,Missing Email,Owner Follow-up,Needs Follow-up,Yes,87.5
CRM-002995,Raven Media,Ethan Turner,ethan.turner@ravenmedia.example,+1 425 555 0107,United States,,1-10,Event,MQL,Sales Ops,2026-09-22,2026-09-26,Missing Industry,Owner Follow-up,Needs Follow-up,Yes,87.5
CRM-002996,Upland Solutions,Lena Carter,lena.carter@uplandsolutions.example,+1 469 555 0137,United States,Technology,1000+,Website,MQL,Growth Ops,2026-09-22,2026-09-24,None,No Action Needed,Ready,No,100.0
CRM-002997,Northgate Robotics,Hugo Jordan,hugo.jordan@northgaterobotics.example,+1 514 555 0102,Canada,Technology,1-10,Website,Lead,Customer Success,2026-09-23,2026-09-26,None,No Action Needed,Ready,No,100.0
CRM-002998,Horizon Works,Aaron Keller,aaron.keller@horizonworks.example,+1 425 555 0158,United States,Manufacturing,51-200,Referral,SQL,Sales Ops,2026-09-23,2026-09-28,Phone Format,Standardized,Ready,No,100.0
CRM-002999,Harbor Realty,Isaac Fischer,isaac.fischer@harborrealty.example,+1 971 555 0157,United States,Professional Services,51-200,Website,Lead,Sales Ops,2026-09-23,2026-09-25,None,No Action Needed,Ready,No,100.0
CRM-003000,Northgate Group,Theo Dawson,theo.dawson@northgategroup.example,+1 949 555 0104,United States,Professional Services,1-10,Referral,Lead,Sales Ops,2026-09-23,2026-09-23,None,No Action Needed,Ready,No,100.0
CRM-003001,Brightpath Robotics,Ines Hayes,ines.hayes@brightpathrobotics.example,+1 737 555 0150,United States,Technology,1-10,Website,MQL,Sales Ops,2026-09-23,2026-09-27,None,No Action Needed,Ready,No,100.0
CRM-003002,Stonebridge Capital,Mateo Hayes,mateo.hayes@stonebridgecapital.example,+1 737 555 0135,United States,Finance,1-10,Referral,MQL,Partnerships,2026-09-23,2026-09-29,None,No Action Needed,Ready,No,100.0
CRM-003003,Maple Works,Jonah Abbott,jonah.abbott@mapleworks.example,+1 613 555 0142,Canada,Manufacturing,201-1000,Referral,SQL,Partnerships,2026-09-23,2026-09-24,Missing Phone,Enriched,Ready,No,100.0
CRM-003004,Emberly Media,Maya Lowe,maya.lowe@emberlymedia.example,+1 503 555 0114,United States,Media,51-200,Referral,MQL,Partnerships,2026-09-23,2026-09-23,None,No Action Needed,Ready,No,100.0
CRM-003005,Dovetail Retail,Victor Turner,victor.turner@dovetailretail.example,+1 971 555 0139,United States,Retail,51-200,Website,Lead,Sales Ops,2026-09-23,2026-09-29,None,No Action Needed,Ready,No,100.0
CRM-003006,Aspen Textiles,Caleb Hayes,caleb.hayes@aspentextiles.example,,Canada,Manufacturing,1-10,Partner,SQL,Customer Success,2026-09-23,2026-09-24,Missing Phone,Owner Follow-up,Needs Follow-up,Yes,87.5
CRM-003007,Aspen Foods,Lucas Foster,lucas.foster@aspenfoods.example,+1 617 555 0154,United States,Retail,201-1000,Partner,MQL,Marketing Ops,2026-09-23,2026-09-26,None,No Action Needed,Ready,No,100.0
CRM-003008,Harbor Group,Lena Jensen,lena.jensen@harborgroup.example,,United States,Professional Services,1-10,Event,Customer,Marketing Ops,2026-09-24,2026-09-24,Missing Phone,Owner Follow-up,Needs Follow-up,Yes,87.5
CRM-003009,Silverline Labs,Owen Irving,owen.irving@silverlinelabs.example,+1 858 555 0188,United States,Technology,11-50,Referral,Lead,Customer Success,2026-09-24,2026-09-26,None,No Action Needed,Ready,No,100.0
CRM-003010,Yarrow Works,Hana Sutton,hana.sutton@yarrowworks.example,+1 737 555 0141,United States,Manufacturing,201-1000,Referral,Lead,Partnerships,2026-09-24,2026-09-24,Company Casing,Standardized,Ready,No,100.0
CRM-003011,Clearwater Consulting,Theo Turner,theo.turner@clearwaterconsulting.example,+44 20 7946 0603,United Kingdom,Professional Services,11-50,Website,Lead,Sales Ops,2026-09-24,2026-09-29,None,No Action Needed,Ready,No,100.0
CRM-003012,Quartz Insurance,Lucas Ellis,,+1 917 555 0137,United States,Finance,51-200,Outbound,Lead,Partnerships,2026-09-24,2026-09-24,Invalid Email,Owner Follow-up,Needs Follow-up,Yes,87.5
CRM-003013,Clearwater Education,Ella Brooks,ella.brooks@clearwatereducation.example,+1 925 555 0134,United States,Education,11-50,Outbound,SQL,Customer Success,2026-09-24,2026-09-26,None,No Action Needed,Ready,No,100.0
CRM-003014,Emberly Services,Liam Gallo,liam.gallo@emberlyservices.example,+1 737 555 0165,United States,Professional Services,1-10,Referral,Lead,Customer Success,2026-09-24,2026-09-25,None,No Action Needed,Ready,No,100.0
CRM-003015,Falcon Finance,Leah Keller,leah.keller@falconfinance.example,+44 20 7946 0602,United Kingdom,Finance,1-10,Outbound,SQL,Growth Ops,2026-09-24,2026-09-27,Company Casing,Standardized,Ready,No,100.0
CRM-003016,Clearwater Health,Noah Sutton,noah.sutton@clearwaterhealth.example,+44 20 7946 0948,United Kingdom,Healthcare,51-200,Website,MQL,Marketing Ops,2026-09-24,2026-09-28,None,No Action Needed,Ready,No,100.0
CRM-003017,Granite Analytics,Julia Okafor,julia.okafor@graniteanalytics.example,+1 813 555 0195,United States,Technology,51-200,Partner,SQL,Sales Ops,2026-09-24,2026-09-25,None,No Action Needed,Ready,No,100.0
CRM-003018,Hawthorn Consulting,Sofia Quinn,sofia.quinn@hawthornconsulting.example,+1 305 555 0156,United States,Professional Services,1-10,Website,Lead,Sales Ops,2026-09-24,2026-09-28,None,No Action Needed,Ready,No,100.0
CRM-003019,Unity Industries,Leah Abbott,leah.abbott@unityindustries.example,+1 737 555 0111,United States,Manufacturing,51-200,Website,Lead,Growth Ops,2026-09-24,2026-09-24,None,No Action Needed,Ready,No,100.0
CRM-003020,Cobalt Robotics,Caleb Rowe,caleb.rowe@cobaltrobotics.example,+44 20 7946 0720,United Kingdom,Technology,51-200,Outbound,Lead,Sales Ops,2026-09-24,2026-09-24,None,No Action Needed,Ready,No,100.0
CRM-003021,Beacon Partners,Noah Dawson,noah.dawson@beaconpartners.example,+1 901 555 0177,United States,Professional Services,1-10,Outbound,SQL,Growth Ops,2026-09-25,2026-09-26,None,No Action Needed,Ready,No,100.0
CRM-003022,Windmill Cloud,Priya Pruitt,priya.pruitt@windmillcloud.example,+1 469 555 0124,United States,Technology,11-50,Event,MQL,Marketing Ops,2026-09-25,2026-09-28,None,No Action Needed,Ready,No,100.0
CRM-003023,Horizon Pharma,Felix Dawson,felix.dawson@horizonpharma.example,,United States,Healthcare,51-200,Partner,Lead,Customer Success,2026-09-25,2026-09-28,Missing Phone,Owner Follow-up,Needs Follow-up,Yes,87.5
CRM-003024,Foxglove Works,Noah Young,noah.young@foxgloveworks.example,+1 858 555 0127,United States,Manufacturing,51-200,Partner,Lead,Partnerships,2026-09-25,2026-09-27,None,No Action Needed,Ready,No,100.0
CRM-003025,Newport Labs,Lucas Delgado,lucas.delgado@newportlabs.example,+44 20 7946 0215,United Kingdom,Technology,11-50,Event,MQL,Growth Ops,2026-09-25,2026-09-25,None,No Action Needed,Ready,No,100.0
CRM-003026,Crestview Insurance,Marcus Ellis,marcus.ellis@crestviewinsurance.example,+1 416 555 0112,Canada,Finance,11-50,Website,Lead,Customer Success,2026-09-25,2026-09-26,None,No Action Needed,Ready,No,100.0
CRM-003027,Kingfisher Capital,Liam Novak,liam.novak@kingfishercapital.example,+1 503 555 0133,United States,Finance,201-1000,Event,SQL,Marketing Ops,2026-09-25,2026-09-26,Company Casing,Standardized,Ready,No,100.0
CRM-003028,Riverside Textiles,Aaron Nolan,aaron.nolan@riversidetextiles.example,+1 713 555 0106,United States,Manufacturing,1-10,Outbound,SQL,Growth Ops,2026-09-25,2026-09-30,None,No Action Needed,Ready,No,100.0
CRM-003029,Sterling Systems,Lena Pruitt,lena.pruitt@sterlingsystems.example,+1 404 555 0170,United States,Technology,1-10,Event,Lead,Marketing Ops,2026-09-25,2026-09-30,None,No Action Needed,Ready,No,100.0
CRM-003030,Canyon Packaging,Owen Turner,owen.turner@canyonpackaging.example,+1 713 555 0165,United States,Manufacturing,11-50,Outbound,MQL,Growth Ops,2026-09-25,2026-09-26,Company Casing,Standardized,Ready,No,100.0
CRM-003031,Atlas Cloud,Felix Novak,felix.novak@atlascloud.example,+1 404 555 0111,United States,Technology,11-50,Outbound,SQL,Growth Ops,2026-09-25,2026-09-25,None,No Action Needed,Ready,No,100.0
CRM-003032,Gladstone Insurance,Felix Ivers,felix.ivers@gladstoneinsurance.example,+1 858 555 0104,United States,Finance,201-1000,Website,Customer,Sales Ops,2026-09-25,2026-09-25,None,No Action Needed,Ready,No,100.0
CRM-003033,Ironwood Realty,Daniel Novak,daniel.novak@ironwoodrealty.example,+1 206 555 0121,United States,Professional Services,11-50,Webinar,Lead,Marketing Ops,2026-09-25,2026-09-30,None,No Action Needed,Ready,No,100.0
CRM-003034,Prairie Pharma,Naomi Lowe,naomi.lowe@prairiepharma.example,+1 416 555 0191,Canada,Healthcare,1-10,Website,MQL,Sales Ops,2026-09-25,2026-09-27,None,No Action Needed,Ready,No,100.0
CRM-003035,Cobalt Education,Zara Novak,zara.novak@cobalteducation.example,+1 646 555 0182,United States,Education,11-50,Outbound,Lead,Growth Ops,2026-09-25,2026-09-25,None,No Action Needed,Ready,No,100.0
CRM-003036,Dunmore Packaging,Noah Kerr,noah.kerr@dunmorepackaging.example,+1 514 555 0148,Canada,Manufacturing,51-200,Partner,SQL,Growth Ops,2026-09-25,2026-09-28,Phone Format,Standardized,Ready,No,100.0
CRM-003037,Vista Labs,Caleb Everett,caleb.everett@vistalabs.example,+1 503 555 0182,United States,Technology,201-1000,Outbound,Customer,Growth Ops,2026-09-25,2026-09-28,None,No Action Needed,Ready,No,100.0
CRM-003038,Kestrel Pharma,Zara Mercer,zara.mercer@kestrelpharma.example,+1 720 555 0127,United States,Healthcare,201-1000,Webinar,SQL,Growth Ops,2026-09-26,2026-09-28,None,No Action Needed,Ready,No,100.0
CRM-003039,Pembroke Education,Marcus Delgado,marcus.delgado@pembrokeeducation.example,+1 713 555 0113,United States,Education,51-200,Website,Lead,Customer Success,2026-09-26,2026-09-29,None,No Action Needed,Ready,No,100.0
CRM-003040,Linden Logistics,Sofia Nolan,,+1 702 555 0121,United States,Logistics,11-50,Outbound,Lead,Sales Ops,2026-09-26,2026-09-29,Missing Email,Owner Follow-up,Needs Follow-up,Yes,87.5
CRM-003041,Thornfield Staffing,Julia Fischer,julia.fischer@thornfieldstaffing.example,+44 20 7946 0863,United Kingdom,Professional Services,1000+,Webinar,MQL,Sales Ops,2026-09-26,2026-09-27,Missing Industry,Enriched,Ready,No,100.0
CRM-003042,Orchard Systems,Rosa Reeves,rosa.reeves@orchardsystems.example,+44 20 7946 0537,United Kingdom,Technology,1-10,Referral,Lead,Growth Ops,2026-09-26,2026-09-29,None,No Action Needed,Ready,No,100.0
CRM-003043,Valley Textiles,Julia Delgado,julia.delgado@valleytextiles.example,+1 813 555 0157,United States,Manufacturing,1-10,Event,MQL,Marketing Ops,2026-09-26,2026-09-26,None,No Action Needed,Ready,No,100.0
CRM-003044,Oxbow Logistics,Omar Quinn,omar.quinn@oxbowlogistics.example,+1 813 555 0180,United States,Logistics,51-200,Partner,Opportunity,Marketing Ops,2026-09-26,2026-09-27,Missing Email,Enriched,Ready,No,100.0
CRM-003045,Goldcrest Networks,Owen Ellis,owen.ellis@goldcrestnetworks.example,+1 602 555 0105,United States,Technology,1-10,Outbound,SQL,Growth Ops,2026-09-26,2026-09-29,None,No Action Needed,Ready,No,100.0
CRM-003046,Foxglove Labs,Mateo Brooks,mateo.brooks@foxglovelabs.example,+44 20 7946 0666,United Kingdom,Technology,11-50,Outbound,MQL,Customer Success,2026-09-26,2026-09-28,Company Casing,Standardized,Ready,No,100.0
CRM-003047,Gladstone Travel,Felix Brooks,felix.brooks@gladstonetravel.example,+1 737 555 0184,United States,Logistics,201-1000,Outbound,Opportunity,Partnerships,2026-09-27,2026-09-28,None,No Action Needed,Ready,No,100.0
CRM-003048,Oxbow Cloud,Ines Pruitt,ines.pruitt@oxbowcloud.example,+1 619 555 0132,United States,Technology,11-50,Partner,SQL,Growth Ops,2026-09-27,2026-09-27,None,No Action Needed,Ready,No,100.0
CRM-003049,Norwood Realty,Amara Young,amara.young@norwoodrealty.example,+1 613 555 0134,Canada,Professional Services,1000+,Website,SQL,Customer Success,2026-09-27,2026-09-27,Phone Format,Standardized,Ready,No,100.0
CRM-003050,Prairie Studios,Marcus Reeves,marcus.reeves@prairiestudios.example,+1 206 555 0153,United States,Media,1-10,Website,Customer,Sales Ops,2026-09-27,2026-09-28,None,No Action Needed,Ready,No,100.0
CRM-003051,Tamarack Supply,Lena Vaughn,lena.vaughn@tamaracksupply.example,+1 403 555 0105,Canada,Logistics,1-10,Outbound,Opportunity,Partnerships,2026-09-27,2026-09-28,Missing Phone,Enriched,Ready,No,100.0
CRM-003052,Lakeshore Analytics,Ava Vaughn,ava.vaughn@lakeshoreanalytics.example,+1 206 555 0172,United States,Technology,1-10,Webinar,Lead,Partnerships,2026-09-27,2026-09-28,None,No Action Needed,Ready,No,100.0
CRM-003053,Harbor Textiles,Lucas Foster,lucas.foster@harbortextiles.example,+1 737 555 0181,United States,Manufacturing,1-10,Outbound,Lead,Customer Success,2026-09-27,2026-09-30,Company Casing,Standardized,Ready,No,100.0
CRM-003054,Orchard Energy,Ethan Ellis,ethan.ellis@orchardenergy.example,+1 212 555 0135,United States,Energy,51-200,Website,MQL,Marketing Ops,2026-09-27,2026-09-27,Company Casing,Standardized,Ready,No,100.0
CRM-003055,Sable Systems,Jonah Chandra,jonah.chandra@sablesystems.example,+1 617 555 0155,United States,Technology,11-50,Webinar,SQL,Sales Ops,2026-09-27,2026-09-29,Missing Phone,Enriched,Ready,No,100.0
CRM-003056,Skyline Partners,Hugo Ellis,hugo.ellis@skylinepartners.example,,United States,Professional Services,1000+,Website,MQL,Sales Ops,2026-09-28,2026-09-28,Missing Phone,Owner Follow-up,Needs Follow-up,Yes,87.5
CRM-003057,Horizon Staffing,Amara Reeves,amara.reeves@horizonstaffing.example,+1 971 555 0182,United States,Professional Services,51-200,Outbound,MQL,Growth Ops,2026-09-28,2026-09-30,None,No Action Needed,Ready,No,100.0
CRM-003058,Willow Insurance,Theo Irving,theo.irving@willowinsurance.example,+1 713 555 0162,United States,Finance,11-50,Website,Lead,Marketing Ops,2026-09-28,2026-09-30,Invalid Email,Standardized,Ready,No,100.0
CRM-003059,BluePeak Studios,Maya Patel,maya.patel@bluepeakstudios.example,+1 212 555 0121,United States,Media,11-50,Website,Lead,Sales Ops,2026-09-28,2026-09-29,None,No Action Needed,Ready,No,100.0
CRM-003060,Cobalt Motors,Lena Pruitt,lena.pruitt@cobaltmotors.example,+1 713 555 0184,United States,Manufacturing,201-1000,Website,MQL,Customer Success,2026-09-28,2026-09-29,None,No Action Needed,Ready,No,100.0
CRM-003061,Goldcrest Health,Kai Abbott,kai.abbott@goldcresthealth.example,+1 737 555 0119,United States,Healthcare,1-10,Website,Lead,Marketing Ops,2026-09-28,2026-09-29,None,No Action Needed,Ready,No,100.0
CRM-003062,Sterling Realty,Julia Morgan,julia.morgan@sterlingrealty.example,+1 212 555 0126,United States,Professional Services,1-10,Website,MQL,Partnerships,2026-09-28,2026-09-29,None,No Action Needed,Ready,No,100.0
CRM-003064,Maple Retail,Tessa Everett,tessa.everett@mapleretail.example,+44 20 7946 0019,United Kingdom,Retail,11-50,Website,MQL,Marketing Ops,2026-09-29,2026-09-29,None,No Action Needed,Ready,No,100.0
CRM-003065,Hawthorn Health,Hugo Gallo,hugo.gallo@hawthornhealth.example,+1 713 555 0150,United States,Healthcare,1-10,Outbound,Lead,Marketing Ops,2026-09-29,2026-09-30,None,No Action Needed,Ready,No,100.0
CRM-003066,Dovetail Motors,Felix Keller,felix.keller@dovetailmotors.example,+1 813 555 0103,United States,Manufacturing,1-10,Partner,Lead,Growth Ops,2026-09-29,2026-09-30,Invalid Email,Standardized,Ready,No,100.0
CRM-003067,Brightpath Capital,Ella Walsh,ella.walsh@brightpathcapital.example,+1 613 555 0106,Canada,Finance,1-10,Partner,Lead,Marketing Ops,2026-09-29,2026-09-30,None,No Action Needed,Ready,No,100.0
CRM-003068,Ulster Staffing,Mira Ellis,mira.ellis@ulsterstaffing.example,+1 949 555 0135,United States,Professional Services,201-1000,Webinar,Customer,Partnerships,2026-09-29,2026-09-30,None,No Action Needed,Ready,No,100.0
CRM-003069,Sable Robotics,Jonah Brooks,jonah.brooks@sablerobotics.example,+1 646 555 0137,United States,Technology,201-1000,Partner,Lead,Marketing Ops,2026-09-29,2026-09-29,None,No Action Needed,Ready,No,100.0
CRM-003070,Upland Health,Ava Nolan,ava.nolan@uplandhealth.example,+1 619 555 0125,United States,Healthcare,11-50,Website,MQL,Sales Ops,2026-09-29,2026-09-30,None,No Action Needed,Ready,No,100.0
CRM-003071,Lakeshore Works,Naomi Ivers,,+1 480 555 0132,United States,Manufacturing,11-50,Website,Lead,Customer Success,2026-09-29,2026-09-29,Missing Email,Owner Follow-up,Needs Follow-up,Yes,87.5
CRM-003072,Umber Education,Dylan Rowe,dylan.rowe@umbereducation.example,+1 303 555 0182,United States,Education,201-1000,Webinar,Lead,Sales Ops,2026-09-29,2026-09-30,None,No Action Needed,Ready,No,100.0
CRM-003073,Northstar Motors,Hugo Pruitt,hugo.pruitt@northstarmotors.example,+1 971 555 0106,United States,Manufacturing,11-50,Event,Lead,Sales Ops,2026-09-29,2026-09-30,None,No Action Needed,Ready,No,100.0
CRM-003074,Northgate Insurance,Nina Everett,nina.everett@northgateinsurance.example,+1 404 555 0124,United States,Finance,1-10,Referral,Lead,Growth Ops,2026-09-29,2026-09-29,None,No Action Needed,Ready,No,100.0
CRM-003075,Copperfield Logistics,Priya Abbott,priya.abbott@copperfieldlogistics.example,+1 303 555 0190,United States,Logistics,1-10,Event,Opportunity,Growth Ops,2026-09-29,2026-09-30,Company Casing,Standardized,Ready,No,100.0
CRM-003076,Copperfield Insurance,Clara Delgado,clara.delgado@copperfieldinsurance.example,+1 925 555 0184,United States,Finance,11-50,Event,Lead,Sales Ops,2026-09-29,2026-09-29,None,No Action Needed,Ready,No,100.0
CRM-003077,Ashford Industries,Hugo Kerr,hugo.kerr@ashfordindustries.example,+44 20 7946 0419,United Kingdom,Manufacturing,1-10,Event,Lead,Sales Ops,2026-09-29,2026-09-29,None,No Action Needed,Ready,No,100.0
CRM-003078,Meridian Media,Dylan Nolan,dylan.nolan@meridianmedia.example,+1 646 555 0144,United States,Media,51-200,Outbound,Lead,Partnerships,2026-09-29,2026-09-29,None,No Action Needed,Ready,No,100.0
CRM-003079,Stonebridge Studios,Ella Morgan,ella.morgan@stonebridgestudios.example,+1 425 555 0147,United States,Media,11-50,Webinar,MQL,Sales Ops,2026-09-29,2026-09-30,None,No Action Needed,Ready,No,100.0
CRM-003080,Dunmore Finance,Alicia Chandra,alicia.chandra@dunmorefinance.example,+1 303 555 0197,United States,Finance,51-200,Website,Lead,Sales Ops,2026-09-29,2026-09-30,None,No Action Needed,Ready,No,100.0
CRM-003081,Linden Systems,Caleb Shah,caleb.shah@lindensystems.example,+1 604 555 0157,Canada,Technology,11-50,Webinar,Lead,Partnerships,2026-09-30,2026-09-30,Phone Format,Standardized,Ready,No,100.0
CRM-003082,Granite Textiles,Isaac Rowe,isaac.rowe@granitetextiles.example,+1 949 555 0160,United States,Manufacturing,1-10,Webinar,Opportunity,Partnerships,2026-09-30,2026-09-30,None,No Action Needed,Ready,No,100.0
CRM-003083,Marlow Pharma,Amara Young,amara.young@marlowpharma.example,+1 403 555 0172,Canada,Healthcare,11-50,Website,Lead,Sales Ops,2026-09-30,2026-09-30,Phone Format,Standardized,Ready,No,100.0
CRM-003084,Zephyr Energy,Jonah Rowe,jonah.rowe@zephyrenergy.example,+1 917 555 0166,United States,Energy,1-10,Webinar,Lead,Partnerships,2026-09-30,2026-09-30,Company Casing,Standardized,Ready,No,100.0
CRM-003085,Falcon Security,Amara Jensen,amara.jensen@falconsecurity.example,+1 514 555 0112,Canada,Technology,1-10,Referral,MQL,Partnerships,2026-09-30,2026-09-30,Invalid Email,Standardized,Ready,No,100.0
CRM-003086,Beacon Security,Nina Rowe,nina.rowe@beaconsecurity.example,+1 514 555 0125,Canada,Technology,1-10,Event,Lead,Growth Ops,2026-09-30,2026-09-30,None,No Action Needed,Ready,No,100.0
CRM-003087,Indigo Marketing,Kai Ellis,kai.ellis@indigomarketing.example,+1 737 555 0113,United States,Media,11-50,Website,Lead,Marketing Ops,2026-09-30,2026-09-30,Invalid Email,Standardized,Ready,No,100.0
CRM-003088,Pinecrest Cloud,Sofia Lawson,sofia.lawson@pinecrestcloud.example,+1 702 555 0198,United States,Technology,1000+,Website,Lead,Customer Success,2026-09-30,2026-09-30,None,No Action Needed,Ready,No,100.0
CRM-003089,Windmill Insurance,Felix Lawson,felix.lawson@windmillinsurance.example,+1 628 555 0121,United States,Finance,11-50,Referral,Lead,Partnerships,2026-09-30,2026-09-30,None,No Action Needed,Ready,No,100.0
CRM-003090,Northgate Studios,Ethan Irving,ethan.irving@northgatestudios.example,+1 310 555 0163,United States,Media,1-10,Referral,SQL,Customer Success,2026-09-30,2026-09-30,None,No Action Needed,Ready,No,100.0
